:020000040800F2
:1000000000000524052B0008E1200008E32000087B
:10001000E5200008E7200008E920000800000000B3
:1000200000000000000000000000000041BE0008C9
:10003000EB20000800000000E1BE000845BF0008FA
:10004000552B0008552B0008552B0008552B000890
:10005000552B0008552B0008552B0008552B000880
:10006000552B0008552B0008552B0008552B000870
:10007000ED200008FD2000080D2100081D210008CA
:100080002D2100083D210008552B00084D210008B6
:100090005D210008552B0008552B0008552B000842
:1000A000552B0008552B0008552B0008552B000830
:1000B000552B0008552B00086D210008552B000812
:1000C000552B0008552B0008552B0008552B000810
:1000D0007D2100088D210008552B0008552B0008B4
:1000E000552B0008552B000800000000552B000878
:1000F000552B0008552B0008552B0008552B0008E0
:10010000552B0008552B0008552B0008552B0008CF
:10011000552B00089D210008552B0008552B000881
:10012000AD210008BD210008552B0008552B000803
:10013000552B0008552B0008552B0008552B00089F
:1001400000000000000000000000000000000000AF
:10015000552B0008552B0008552B0008552B00087F
:10016000552B0008552B0008552B0008552B00086F
:10017000552B0008CD210008552B00080000000079
:10018000552B0008552B0008DD210008552B0008D1
:10019000552B0008552B0008552B0008552B00083F
:1001A000552B0008552B0008552B000800000000B7
:1001B000552B0008552B0008552B0008552B00081F
:1001C000552B0008552B000800000000000000001F
:1001D0000000000000000000552B00080000000097
:1001E000000000000000000000000000000000000F
:1001F0000000000000000000552B0008552B0008EF
:10020000552B0008552B000800000000552B000856
:10021000552B0008552B0008552B0008552B0008BE
:10022000552B000800000000552B000800000000BE
:10023000552B0008552B000800000000552B000826
:10024000552B0008552B0008552B0008552B00088E
:10025000552B0008552B0008552B0008552B00087E
:10026000552B0008552B0008552B0008552B00086E
:10027000552B0008552B0008552B000800000000E6
:10028000552B0008552B0008552B0008552B00084E
:1002900000000000552B0008552B0008000000004E
:1002A00000000000552B0008552B0008552B0008B6
:1002B000ED210008552B0008552B0008FD210008F2
:0C02C000552B00080D220008552B0008EB
:1003000010B5054C237833B9044B13B10448AFF34F
:1003100000800123237010BD280F0024000000007E
:10032000D00B020808B5034B1BB103490348AFF3D8
:10033000008008BD000000002C0F0024D00B020834
:1003400081F0004102E000BF83F0004330B54FEA86
:1003500041044FEA430594EA050F08BF90EA020FF3
:100360001FBF54EA000C55EA020C7FEA645C7FEA86
:10037000655C00F0E2804FEA5454D4EB5555B8BFA9
:100380006D420CDD2C4480EA020281EA030382EA1A
:10039000000083EA010180EA020281EA0303362DAC
:1003A00088BF30BD11F0004F4FEA01314FF4801C7F
:1003B0004CEA113102D0404261EB410113F0004F91
:1003C0004FEA03334CEA133302D0524263EB430348
:1003D00094EA050F00F0A780A4F10104D5F1200EE6
:1003E0000DDB02FA0EFC22FA05F2801841F1000141
:1003F00003FA0EF2801843FA05F359410EE0A5F115
:1004000020050EF1200E012A03FA0EFC28BF4CF045
:10041000020C43FA05F3C01851EBE37101F00045FB
:1004200007D54FF0000EDCF1000C7EEB00006EEB08
:100430000101B1F5801F1BD3B1F5001F0CD3490892
:100440005FEA30004FEA3C0C04F101044FEA4452E9
:1004500012F5800F80F09A80BCF1004F08BF5FEA70
:10046000500C50F1000041EB045141EA050130BD50
:100470005FEA4C0C404141EB0101013C28BFB1F562
:10048000801FE9D291F0000F04BF01460020B1FAAD
:1004900081F308BF2033A3F10B03B3F120020CDA80
:1004A0000C3208DD02F1140CC2F10C0201FA0CF05E
:1004B00021FA02F10CE002F11402D8BFC2F1200CC3
:1004C00001FA02F120FA0CFCDCBF41EA0C01904079
:1004D000E41AA2BF01EB0451294330BD6FEA0404C2
:1004E0001F3C1CDA0C340EDC04F11404C4F12002AD
:1004F00020FA04F001FA02F340EA030021FA04F3BF
:1005000045EA030130BDC4F10C04C4F1200220FA15
:1005100002F001FA04F340EA0300294630BD21FA53
:1005200004F0294630BD94F0000F83F4801306BF19
:1005300081F480110134013D4EE77FEA645C18BF0D
:100540007FEA655C29D094EA050F08BF90EA020FA4
:1005500005D054EA000C04BF1946104630BD91EA9C
:10056000030F1EBF0021002030BD5FEA545C05D19F
:100570004000494128BF41F0004130BD14F58004DE
:100580003CBF01F5801130BD01F0004545F0FE4152
:1005900041F470014FF0000030BD7FEA645C1ABF87
:1005A000194610467FEA655C1CBF0B46024650EABE
:1005B000013406BF52EA033591EA030F41F40021EA
:1005C00030BD00BF90F0000F04BF0021704730B570
:1005D0004FF4806404F132044FF000054FF0000145
:1005E00050E700BF90F0000F04BF0021704730B506
:1005F0004FF4806404F1320410F0004548BF4042DB
:100600004FF000013EE700BF42004FEAE2014FEA2F
:1006100031014FEA02701FBF12F07F4393F07F4F0A
:1006200081F06051704732F07F4208BF704793F00D
:100630007F4F04BF41F40021704730B54FF4607420
:1006400001F0004521F000411CE700BF50EA010223
:1006500008BF704730B54FF000050AE050EA0102CC
:1006600008BF704730B511F0004502D5404261EB3C
:1006700041014FF4806404F132045FEA915C3FF47D
:10068000D8AE4FF003025FEADC0C18BF03325FEA1A
:10069000DC0C18BF033202EBDC02C2F1200300FACB
:1006A00003FC20FA02F001FA03FE40EA0E0021FAF0
:1006B00002F11444BDE600BF70B54FF0FF0C4CF4DE
:1006C000E06C1CEA11541DBF1CEA135594EA0C0F90
:1006D00095EA0C0F00F0DEF82C4481EA030621EACB
:1006E0004C5123EA4C5350EA013518BF52EA033506
:1006F00041F4801143F4801338D0A0FB02CE4FF0B8
:100700000005E1FB02E506F00042E0FB03E54FF0E7
:100710000006E1FB03569CF0000F18BF4EF0010EDF
:10072000A4F1FF04B6F5007F64F5407404D25FEADB
:100730004E0E6D4146EB060642EAC62141EA55518E
:100740004FEAC52040EA5E504FEACE2EB4F1FD0CD0
:1007500088BFBCF5E06F1ED8BEF1004F08BF5FEA4E
:10076000500E50F1000041EB045170BD06F0004600
:1007700046EA010140EA020081EA0301B4EB5C04AD
:10078000C2BFD4EB0C0541EA045170BD41F48011A5
:100790004FF0000E013C00F3AB8014F1360FDEBFCA
:1007A000002001F0004170BDC4F10004203C35DAA6
:1007B0000C341BDC04F11404C4F1200500FA05F329
:1007C00020FA04F001FA05F240EA020001F00042CA
:1007D00021F0004110EBD37021FA04F642EB060140
:1007E0005EEA430E08BF20EAD37070BDC4F10C046A
:1007F000C4F1200500FA04F320FA05F001FA04F22E
:1008000040EA020001F0004110EBD37041F1000119
:100810005EEA430E08BF20EAD37070BDC4F1200524
:1008200000FA05F24EEA020E20FA04F301FA05F28C
:1008300043EA020321FA04F001F0004121FA04F234
:1008400020EA020000EBD3705EEA430E08BF20EA04
:10085000D37070BD94F0000F0FD101F0004640003E
:1008600041EB010111F4801F08BF013CF7D041EAC0
:10087000060195F0000F18BF704703F000465200C4
:1008800043EB030313F4801F08BF013DF7D043EA95
:100890000603704794EA0C0F0CEA135518BF95EA4B
:1008A0000C0F0CD050EA410618BF52EA4306D1D1D2
:1008B00081EA030101F000414FF0000070BD50EAF1
:1008C000410606BF1046194652EA430619D094EA7B
:1008D0000C0F02D150EA013613D195EA0C0F05D165
:1008E00052EA03361CBF104619460AD181EA0301B9
:1008F00001F0004141F0FE4141F470014FF0000071
:1009000070BD41F0FE4141F4780170BD70B54FF00B
:10091000FF0C4CF4E06C1CEA11541DBF1CEA13558B
:1009200094EA0C0F95EA0C0F00F0A7F8A4EB05046D
:1009300081EA030E52EA03354FEA013100F0888064
:100940004FEA03334FF0805545EA131343EA12632D
:100950004FEA022245EA111545EA10654FEA0026E2
:100960000EF000419D4208BF964244F1FD0404F59B
:10097000407402D25B084FEA3202B61A65EB0305F7
:100980005B084FEA32024FF480104FF4002CB6EBB4
:10099000020E75EB030E22BFB61A754640EA0C0034
:1009A0005B084FEA3202B6EB020E75EB030E22BF74
:1009B000B61A754640EA5C005B084FEA3202B6EBB5
:1009C000020E75EB030E22BFB61A754640EA9C0074
:1009D0005B084FEA3202B6EB020E75EB030E22BF44
:1009E000B61A754640EADC0055EA060E18D04FEA02
:1009F000051545EA16754FEA06164FEAC30343EAA2
:100A000052734FEAC2025FEA1C1CC0D111F4801F6E
:100A10000BD141EA00014FF000004FF0004CB6E767
:100A200011F4801F04BF01430020B4F1FD0C88BF06
:100A3000BCF5E06F3FF6AFAEB5EB030C04BFB6EB11
:100A4000020C5FEA500C50F1000041EB045170BD04
:100A50000EF0004E4EEA113114EB5C04C2BFD4EB31
:100A60000C0541EA045170BD41F480114FF0000EB5
:100A7000013C90E645EA060E8DE60CEA135594EA31
:100A80000C0F08BF95EA0C0F3FF43BAF94EA0C0F34
:100A90000AD150EA01347FF434AF95EA0C0F7FF4A9
:100AA00025AF104619462CE795EA0C0F06D152EAFD
:100AB00003353FF4FDAE1046194622E750EA4106E1
:100AC00018BF52EA43067FF4C5AE50EA41047FF4F2
:100AD0000DAF52EA43057FF4EBAE12E74FF0FF3C57
:100AE00006E000BF4FF0010C02E000BF4FF0010C28
:100AF0004DF804CD4FEA410C7FEA6C5C4FEA430CA1
:100B000018BF7FEA6C5C1BD001B050EA410C0CBFEF
:100B100052EA430C91EA030F02BF90EA020F002051
:100B2000704710F1000F91EA030F58BF994208BFB8
:100B300090422CBFD8176FEAE37040F00100704775
:100B40004FEA410C7FEA6C5C02D150EA013C07D1CC
:100B50004FEA430C7FEA6C5CD6D152EA033CD3D017
:100B60005DF8040B704700BF8446104662468C4611
:100B70001946634600E000BF01B5FFF7B7FF002844
:100B800048BF10F1000F01BD4DF808EDFFF7F4FF6D
:100B90000CBF012000205DF808FB00BF4DF808EDF8
:100BA000FFF7EAFF34BF012000205DF808FB00BF1B
:100BB0004DF808EDFFF7E0FF94BF012000205DF83D
:100BC00008FB00BF4DF808EDFFF7CEFF94BF0120F2
:100BD00000205DF808FB00BF4DF808EDFFF7C4FFEB
:100BE00034BF012000205DF808FB00BF4FEA41023E
:100BF000B2F1E04324BFB3F5001CDCF1FE5C0DD97B
:100C000001F0004C4FEAC0024CEA5070B2F1004FC4
:100C100040EB830008BF20F00100704711F0804FC7
:100C200021D113F13872BCBF01F00040704741F48C
:100C300080114FEA5252C2F11802C2F1200C10FA90
:100C40000CF320FA02F018BF40F001004FEAC12374
:100C50004FEAD32303FA0CFC40EA0C0023FA02F318
:100C60004FEA4303CCE77FEA625307D150EA0133EE
:100C70001EBF4FF0FE4040F44000704701F00040BE
:100C800040F0FE4040F40000704700BF80F000409C
:100C900002E000BF81F0004142001FBF5FEA410354
:100CA00092EA030F7FEA226C7FEA236C6AD04FEA54
:100CB0001262D2EB1363C1BFD21841404840414099
:100CC000B8BF5B42192B88BF704710F0004F40F44B
:100CD000000020F07F4018BF404211F0004F41F467
:100CE000000121F07F4118BF494292EA030F3FD033
:100CF000A2F1010241FA03FC10EB0C00C3F1200346
:100D000001FA03F100F0004302D5494260EB4000D4
:100D1000B0F5000F13D3B0F1807F06D340084FEA3F
:100D2000310102F10102FE2A51D2B1F1004F40EB34
:100D3000C25008BF20F0010040EA0300704749009C
:100D400040EB0000013A28BFB0F5000FEDD2B0FA39
:100D500080FCACF1080CB2EB0C0200FA0CF0AABF5C
:100D600000EBC25052421843BCBFD04018437047FA
:100D700092F0000F81F4000106BF80F40000013200
:100D8000013BB5E74FEA41037FEA226C18BF7FEAD7
:100D9000236C21D092EA030F04D092F0000F08BF19
:100DA0000846704790EA010F1CBF0020704712F000
:100DB0007F4F04D1400028BF40F00040704712F13F
:100DC00000723CBF00F50000704700F0004343F0A4
:100DD000FE4040F4000070477FEA226216BF0846DA
:100DE0007FEA23630146420206BF5FEA412390EA9D
:100DF000010F40F4800070474FF0000304E000BF93
:100E000010F0004348BF40425FEA000C08BF704743
:100E100043F0964301464FF000001CE050EA010207
:100E200008BF70474FF000030AE000BF50EA01021C
:100E300008BF704711F0004302D5404261EB410109
:100E40005FEA010C02BF84460146002043F0B6432E
:100E500008BFA3F18053A3F50003BCFA8CF2083A53
:100E6000A3EBC25310DB01FA02FC634400FA02FC5C
:100E7000C2F12002BCF1004F20FA02F243EB020063
:100E800008BF20F00100704702F1200201FA02FCC5
:100E9000C2F1200250EA4C0021FA02F243EB0200B8
:100EA00008BF20EADC70704753B94AB9002908BF6F
:100EB00000281CBF4FF0FF314FF0FF3000F074B935
:100EC000ADF1080C6DE904CE00F006F8DDF804E0A1
:100ED000DDE9022304B070472DE9F047089D044680
:100EE0008E46002B4DD18A42944669D9B2FA82F2DD
:100EF00052B101FA02F3C2F1200120FA01F10CFA19
:100F000002FC41EA030E94404FEA1C48210CBEFB50
:100F1000F8F61FFA8CF708FB16E341EA034306FBD9
:100F200007F199420AD91CEB030306F1FF3080F068
:100F30001F81994240F21C81023E63445B1AA4B2B5
:100F4000B3FBF8F008FB103344EA034400FB07F757
:100F5000A7420AD91CEB040400F1FF3380F00A8198
:100F6000A74240F207816444023840EA0640E41B8D
:100F700000261DB1D4400023C5E900433146BDE839
:100F8000F0878B4209D9002D00F0EF800026C5E9DB
:100F9000000130463146BDE8F087B3FA83F6002EF3
:100FA0004AD18B4202D3824200F2F980841A61EB6B
:100FB000030301209E46002DE0D0C5E9004EDDE789
:100FC00002B9FFDEB2FA82F2002A40F09280A1EB71
:100FD0000C014FEA1C471FFA8CFE0126200CB1FBC6
:100FE000F7F307FB131140EA01410EFB03F08842BF
:100FF00008D91CEB010103F1FF3802D2884200F24C
:10100000CB804346091AA4B2B1FBF7F007FB1011DD
:1010100044EA01440EFB00FEA64508D91CEB04047B
:1010200000F1FF3102D2A64500F2BB800846A4EBD6
:101030000E0440EA03409CE7C6F12007B34022FAC1
:1010400007FC4CEA030C20FA07F401FA06F31C43F0
:10105000F9404FEA1C4900FA06F3B1FBF9F8200CFD
:101060001FFA8CFE09FB181140EA014108FB0EF043
:10107000884202FA06F20BD91CEB010108F1FF3A93
:1010800080F08880884240F28580A8F1020861449F
:10109000091AA4B2B1FBF9F009FB101144EA0141AD
:1010A00000FB0EFE8E4508D91CEB010100F1FF3458
:1010B0006CD28E456AD90238614440EA0840A0FBF0
:1010C0000294A1EB0E01A142C846A64656D353D0C6
:1010D0005DB1B3EB080261EB0E0101FA07F722FAEA
:1010E00006F3F1401F43C5E9007100263146BDE813
:1010F000F087C2F12003D8400CFA02FC21FA03F376
:10110000914001434FEA1C471FFA8CFEB3FBF7F0F6
:1011100007FB10360B0C43EA064300FB0EF69E421B
:1011200004FA02F408D91CEB030300F1FF382FD2B4
:101130009E422DD9023863449B1B89B2B3FBF7F65C
:1011400007FB163341EA034106FB0EF38B4208D935
:101150001CEB010106F1FF3816D28B4214D9023E76
:101160006144C91A46EA004638E72E46284605E794
:101170000646E3E61846F8E64B45A9D2B9EB020865
:1011800064EB0C0E0138A3E74646EAE7204694E7F5
:101190004046D1E7D0467BE7023B614432E7304628
:1011A00009E76444023842E7704700BF844641EAD9
:1011B000000313F003036DD1403A41D351F8043BCF
:1011C00040F8043B51F8043B40F8043B51F8043B21
:1011D00040F8043B51F8043B40F8043B51F8043B11
:1011E00040F8043B51F8043B40F8043B51F8043B01
:1011F00040F8043B51F8043B40F8043B51F8043BF1
:1012000040F8043B51F8043B40F8043B51F8043BE0
:1012100040F8043B51F8043B40F8043B51F8043BD0
:1012200040F8043B51F8043B40F8043B51F8043BC0
:1012300040F8043B51F8043B40F8043B403ABDD22F
:10124000303211D351F8043B40F8043B51F8043BD1
:1012500040F8043B51F8043B40F8043B51F8043B90
:1012600040F8043B103AEDD20C3205D351F8043B60
:1012700040F8043B043AF9D2043208D0D2071CBF2C
:1012800011F8013B00F8013B01D30B880380604655
:10129000704700BF082A13D38B078DD010F00303CB
:1012A0008AD0C3F10403D21ADB071CBF11F8013B3B
:1012B00000F8013B80D331F8023B20F8023B7BE78A
:1012C000043AD9D3013A11F8013B00F8013BF9D2B5
:1012D0000B7803704B7843708B788370604670474F
:1012E00000000000000000000000000000000000FE
:1012F00000000000000000000000000000000000EE
:1013000090F800F06DE9024520F007016FF0000C45
:1013100010F0070491F820F040F049804FF00004ED
:101320006FF00700D1E9002391F840F000F10800C8
:1013300082FA4CF2A4FA8CF283FA4CF3A2FA8CF300
:101340004BBBD1E9022382FA4CF200F10800A4FA67
:101350008CF283FA4CF3A2FA8CF3E3B9D1E90423BB
:1013600082FA4CF200F10800A4FA8CF283FA4CF3F2
:10137000A2FA8CF37BB9D1E9062301F1200182FAAC
:101380004CF200F10800A4FA8CF283FA4CF3A2FAB2
:101390008CF3002BC6D0002A04BF04301A4612BAC0
:1013A000B2FA82F2FDE8024500EBD2007047D1E9C3
:1013B000002304F00305C4F100004FEAC50514F052
:1013C000040F91F840F00CFA05F562EA05021CBF23
:1013D00063EA050362464FF00004A9E7000000003D
:1013E00001F0FF01102A2BDB10F0070F08D010F8D6
:1013F000013B013A8B422DD010F0070F42B3F6D1DA
:10140000F0B441EA012141EA014122F007047FF0F2
:1014100000070023F0E80256083C85EA010586EA49
:10142000010685FA47F5A3FA87F586FA47F6A5FA85
:1014300087F68EB9EED1F0BC01F0FF0102F0070291
:1014400032B110F8013B013A83EA010313B1F8D13C
:101450000020704701387047002D06BF354603381D
:10146000073815F0010F07D1013015F4807F02BF56
:10147000013015F4C03F0130F0BC0138704700BFA7
:101480004FEA410C7FEA6C5C02D150EA013C0AD180
:101490004FEA430C7FEA6C5C02D152EA033C02D172
:1014A0004FF0000070474FF0010070474FEA4102D3
:1014B00012F5001215D211D56FF47873B3EB6252A6
:1014C00012D94FEAC12343F0004343EA505311F0CD
:1014D000004F23FA02F018BF404270474FF000005F
:1014E000704750EA013005D111F0004008BF6FF09D
:1014F000004070474FF00000704700BF00B583B058
:101500002D4BD3F8D82042F00102C3F8D820D3F8ED
:10151000D82002F001020092009AD3F8D82042F0BD
:101520000202C3F8D820D3F8D83003F002030193A5
:10153000019B002205210C2001F07EFB0C2001F014
:10154000B1FB002205210D2001F076FB0D2001F0FA
:10155000A9FB002205210E2001F06EFB0E2001F0F8
:10156000A1FB002205210F2001F066FB0F2001F0F6
:1015700099FB00220521102001F05EFB102001F0F4
:1015800091FB00220521112001F056FB112001F0F2
:1015900089FB00220521382001F04EFB382001F0A4
:1015A00081FB00220521392001F046FB392001F0A2
:1015B00079FB03B05DF804FB0044025810B51648EF
:1015C000164B036000238360C360037443740122DD
:1015D0008274032444610A2282611D21C161026276
:1015E00044628262C162026343630E228263C36308
:1015F0000422026442648364C264036542658365B5
:10160000C36502664366826602F002FE00B910BD41
:1016100000F00AFBFBE700BF480F002400A00040D9
:1016200010B51648164B036000238360C360037433
:1016300043748374032444610A2282611D21C161C1
:10164000026244628262C16202634FF45572426375
:101650000E228263C3630364042242648264C26410
:10166000036542658365C36502664366826602F070
:10167000CFFD00B910BD00F0D7FAFBE7E80F00245A
:1016800000A4004010B51648164B03600023836089
:10169000C360037443748374032444610A22826127
:1016A0001D21C161026244628262C162026340F232
:1016B000AA6242630E228263C3630422026442640C
:1016C0008364C264036542658365C36502664366DD
:1016D000826602F09DFD00B910BD00F0A5FAFBE79F
:1016E0008810002400D4004030B5BBB0044600216F
:1016F00035913691379138913991B82206A818F072
:101700004BF823686F4A934208D06F4A93424BD0FC
:101710006E4A934200F08E803BB030BD4FF40042E1
:101720000023CDE906234FF08053219306A805F04E
:10173000C3F840BB664A136801331360012B25D000
:10174000644BD3F8E02042F00802C3F8E020D3F85D
:10175000E03003F008030193019B03233593022338
:1017600036930024379438940923399335A95A487D
:1017700003F03AFA22460521132001F05DFA132006
:1017800001F090FAC8E700F04FFAD3E7514BD3F8D5
:10179000EC2042F48072C3F8EC20D3F8EC3003F470
:1017A00080730093009BCBE74FF400420023CDE908
:1017B00006234FF08053219306A805F07DF840BB27
:1017C000434A136801331360012B25D0414BD3F8F2
:1017D000E02042F00202C3F8E020D3F8E03003F04A
:1017E00002030393039B6023359302233693002463
:1017F000379438940923399335A9384803F0F4F91C
:1018000022460521142001F017FA142001F04AFAAB
:1018100082E700F009FAD3E72E4BD3F8EC2042F42C
:101820008072C3F8EC20D3F8EC3003F48073029399
:10183000029BCBE74FF400420023CDE906234FF093
:101840008053219306A805F037F848BB204A136857
:1018500001331360012B26D01E4BD3F8E02042F059
:101860000802C3F8E020D3F8E03003F00803059342
:10187000059B4FF44053359302233693002437944D
:1018800038940525399535A9134803F0ADF922465A
:1018900029469F2001F0D0F99F2001F003FA3BE791
:1018A00000F0C2F9D2E70B4BD3F8EC2042F480727F
:1018B000C3F8EC20D3F8EC3003F480730493049B5A
:1018C000CAE700BF00A0004000A4004000D40040D0
:1018D000440F002400440258000C0258000402582F
:1018E00008B50CF0C7FE01226421104612F066FB19
:1018F0004FF47A700AF06BF900221146104612F08C
:101900005DFB4FF47A700AF062F9ECE7034B036079
:10191000034B0B6080231360704700BF301300241B
:101920002C110024034B0360034B0B604FF48073B6
:1019300013607047B81B0024B817002410B588B096
:101940000DF1040C074C0FCCACE80F0094E8070035
:101950008CE80700002101A80AF004F9024B186086
:1019600008B010BDE80B0208281100242DE9F04F43
:101970008DB000240794089409940A940B94A44B06
:10198000D3F8E02042F01002C3F8E020D3F8E020C2
:1019900002F010020192019AD3F8E02042F0040212
:1019A000C3F8E020D3F8E02002F004020292029A89
:1019B000D3F8E02042F08002C3F8E020D3F8E02022
:1019C00002F080020392039AD3F8E02042F0010271
:1019D000C3F8E020D3F8E02002F001020492049A58
:1019E000D3F8E02042F00202C3F8E020D3F8E02070
:1019F00002F002020592059AD3F8E02042F00802B4
:101A0000C3F8E020D3F8E03003F008030693069B08
:101A1000DFF804B201224EF22901584603F0EEF934
:101A200022464FF400417B4803F0E8F9DFF8EC81EF
:101A300022464FF44061404603F0E0F901224FF4A2
:101A40008051404603F0DAF9DFF8D49122464FF492
:101A50008061484603F0D2F94FF4604307930127B1
:101A6000089709940A9407A9584603F0BDF829235A
:101A700007930897099403260A9607A9584603F086
:101A8000B3F802250795089509940A9609230B9344
:101A9000DFF890A107A9504603F0A6F808230793A2
:101AA000089509940A9606230B9307A9504603F05C
:101AB0009BF8202307930896099407A9504603F042
:101AC00093F8102307930896099407A9584603F042
:101AD0008BF80797089509940A964FF0040BCDF8F8
:101AE0002CB007A9404603F07FF8CDF81CB008954C
:101AF00009940A9609230B9307A9404603F074F84A
:101B00004FF4A05307934FF488130893099407A93F
:101B1000404803F069F84FF400630793089509946F
:101B20000A960B230B9307A93A4803F05DF84FF48C
:101B3000004BCDF81CB0089709940A9407A93548C2
:101B400003F052F84FF440630793089709940A94FE
:101B500007A9404603F048F84FF4805307930897CD
:101B600009970A9607A9404603F03EF8CDF81CB045
:101B7000089509940A940B9507A9404603F034F898
:101B80004FF480630793089709940A9407A948467D
:101B900003F02AF84FF400630793089509940A9616
:101BA00009230B9307A9484603F01EF84FF48073EE
:101BB0000793089509940A940B9407A9504603F0DB
:101BC00013F8CDF81CB00894099407A9504603F007
:101BD0000BF870230793089509940A9407230B9335
:101BE00007A9484603F000F8802307930895099455
:101BF0000A9605230B9307A9484602F0F5FF2146F4
:101C00004FF0006000F0FCFF0DB0BDE8F08F00BFAA
:101C100000440258001002580008025800040258FC
:101C2000000C02580000025872B6FEE700B59DB0E5
:101C30004C22002109A817F0AFFD2022002101A8A5
:101C400017F0AAFD022003F04FFF00230093214B61
:101C50009A6922F440429A619B6903F440430093DD
:101C6000009B1C4B9B6913F4005FFAD0212309935E
:101C70004FF480330A9301220F920223129313939D
:101C800014932821159116920422179218930C236D
:101C9000199300231A931B9309A803F057FFA8B9BF
:101CA0003F2301930321029100230393082304930C
:101CB0004023059306934FF480620792089301A88E
:101CC00004F034FB20B91DB05DF804FBFFF7ACFF56
:101CD000FFF7AAFF0048025808B500F03DFFFFF7E4
:101CE000A5FFFFF743FEFFF709FCFFF767FCFFF7CF
:101CF00097FCFFF7C7FC00F02DFC00F027F800F080
:101D0000E5FB00F03FFB00F0C9FC00F04FF800F0ED
:101D100091FC00F05BFC0CF0ADFC4FF4F07010F0A7
:101D20005FF80FF0D3FD07480FF032F912F084FC92
:101D30000CF09AFA044806F087FCFFF7FFFD09F063
:101D400002FFFEE730210024DC22002408B51548FC
:101D5000154B03604FF48003436000238360072228
:101D6000C2604FF0007202614FF0807242614FF02A
:101D7000806282614FF08042C2610362436283628B
:101D8000C36242638363C363036443648364C36461
:101D900003654365836505F033FD00B908BDFFF7B2
:101DA00043FFFBE7302100240038004008B5164807
:101DB000164B03604FF4800343604FF4003383609D
:101DC0000723C360002303614FF0807242614FF02C
:101DD000806282614FF08052C2610362436283621B
:101DE000C3624FF0804242638363C363036443640E
:101DF0008364C36403654365836505F001FD00B931
:101E000008BDFFF711FFFBE7B821002400140058BC
:101E10002DE9F041BAB00446002135913691379151
:101E200038913991B82206A817F0B6FC2368714A98
:101E3000934206D0704A934200F090803AB0BDE8D9
:101E4000F0814FF480520023CDE9062306A804F068
:101E500033FD002879D1694BD3F8E82042F4804261
:101E6000C3F8E820D3F8E82002F480420092009AF8
:101E7000D3F8E02042F00402C3F8E020D3F8E020D9
:101E800002F004020192019AD3F8E02042F002022B
:101E9000C3F8E020D3F8E03003F002030293029B82
:101EA000062335934FF00208CDF8D88000253795EA
:101EB000032738970526399635A9514802F094FE34
:101EC0004FF400533593CDF8D8803795389739962D
:101ED00035A94C4802F088FE4B484C4B0360272341
:101EE00043608560C5604FF480630361456185612F
:101EF000C5614FF440330362456201F01BF838BB03
:101F0000414BE3679C634248424B03602823436094
:101F1000402383600023C3604FF480620261436109
:101F20008361C3614FF400320262436201F002F840
:101F300088B9374BA3679C6300220521242000F059
:101F40007BFE242000F0AEFE78E7FFF76DFE82E70F
:101F5000FFF76AFED4E7FFF767FEEAE74FF4804237
:101F60000023CDE906234FF0A043319306A804F0E7
:101F7000A3FC00283BD1214BD3F8F42042F02002EF
:101F8000C3F8F420D3F8F42002F020020392039A5D
:101F9000D3F8E02042F00102C3F8E020D3F8E020BB
:101FA00002F001020492049AD3F8E02042F0020207
:101FB000C3F8E020D3F8E03003F002030593059B5B
:101FC00080233593022636960024379438940825CA
:101FD000399535A9104802F007FE359536963794A5
:101FE0003894399535A9074802F0FEFD26E7FFF73A
:101FF0001BFEC0E70038004000140058004402589F
:102000000008025800040258402000241004024036
:10201000B8200024280402400000025800B583B014
:102020000A4BD3F8F42042F00202C3F8F420D3F8AC
:10203000F43003F002030193019B00220F216FF0A3
:10204000010000F0F9FD03B05DF804FB0044025804
:102050000F2801D90120704710B58AB0044600222C
:102060000146A12000F0E8FDA12000F01BFE174B67
:102070001C60174BD3F8EC2042F08072C3F8EC20C0
:10208000D3F8EC3003F080730093009B01A902A801
:1020900004F0DCFA04F0C8FA43000E48A0FB032366
:1020A0009B0C013B0C480D4A026040F2E732C260D3
:1020B000436000230361836006F068FC10B10120D7
:1020C0000AB010BD044806F0BFFAF9E70C0000247E
:1020D0000044025883DE1B434022002400E00040FD
:1020E000FEE7FEE7FEE7FEE7FEE7704708B50248B9
:1020F00001F0C2FB08BD00BF2823002408B5024838
:1021000001F0BAFB08BD00BF9024002408B50248C6
:1021100001F0B2FB08BD00BFA023002408B50248AF
:1021200001F0AAFB08BD00BF1824002408B502482E
:1021300001F0A2FB08BD00BF0825002408B5024835
:1021400001F09AFB08BD00BF8025002408B50248B5
:1021500002F0BCFB08BD00BF480F002408B50248D0
:1021600002F0B4FB08BD00BFE80F002408B5024828
:1021700006F0BEFA08BD00BFDC22002408B5024804
:1021800005F0C4FF08BD00BF3021002408B5024897
:1021900006F05CFF08BD00BFF825002408B5024822
:1021A00006F054FF08BD00BF2027002408B50248F0
:1021B00001F062FB08BD00BF4020002408B50248C2
:1021C00001F05AFB08BD00BFB820002408B5024842
:1021D00003F04BF908BD00BF5452032408B5024870
:1021E00006F034FF08BD00BFB427002408B502483C
:1021F00006F02CFF08BD00BF8C26002408B502485D
:1022000002F064FB08BD00BF8810002408B5024836
:1022100006F06EFA08BD00BF40220024012070477E
:1022200008B516F0D7FF162303604FF0FF3008BD46
:1022300008B54FF0FF31FFF7F3FFFEE770B50C462E
:102240001646002506E0AFF30080214601F8010B99
:1022500001350C46B542F6DB304670BD70B50C4614
:102260001646002504E014F8010BAFF30080013599
:10227000B542F8DB304670BD4FF0FF3070474FF489
:1022800000534B60002070470120704700207047CA
:1022900010B503460C4A0D490D48006840B10C4882
:1022A00000680344521A934206D8094A136010BDCD
:1022B0000748084C0460F2E716F08CFF0C2303601B
:1022C0004FF0FF30F3E700BF0000052400100000CE
:1022D0008C22002438700324224AD2F8883043F438
:1022E0007003C2F88830204B1B6803F00F03062BE5
:1022F00006D81D4A136823F00F0343F00703136049
:102300001A4B1A6842F001021A6000221A61196819
:10231000174A0A401A60144B1B6813F0080F06D0C6
:10232000114A136823F00F0343F0070313600F4BA8
:1023300000229A61DA611A620E4999620E49D962E5
:102340000E4919635A639963DA6319645A64196808
:1023500021F4802119601A66094B43F2D2021A60F7
:10236000704700BF00ED00E000200052004402581A
:102370007FEDF6EA000202020000FF018002010187
:102380000040005200B589B00023049305930693E2
:1023900007930193029303931548164A026040F293
:1023A000E7324260836040F2BF32C2600361802343
:1023B000836106F0EBFA90B94FF48053049304A9BB
:1023C0000B4806F037FC68B900230193039301A979
:1023D000074806F097FD40B909B05DF804FBFFF728
:1023E00023FCE9E7FFF720FCEEE7FFF71DFCF3E72E
:1023F000DC2200240008004002680A4B9A4200D008
:10240000704782B0084BD3F8E82042F00202C3F8CC
:10241000E820D3F8E83003F002030193019B02B0F7
:10242000704700BF000400400044025802680F4B90
:102430009A4200D0704700B583B00D4BD3F8E82026
:1024400042F00402C3F8E820D3F8E83003F00403B4
:102450000193019B002205211E2000F0EDFB1E20B0
:1024600000F020FC03B05DF804FB00BF0008004052
:102470000044025800B587B00023019302930393F0
:102480000493059302680E4B9A4202D007B05DF8A0
:1024900004FB0C4BD3F8E02042F00202C3F8E0202A
:1024A000D3F8E03003F002030093009B0223019372
:1024B0000293059301A9044802F096FBE6E700BFEA
:1024C00000040040004402580004025800B58BB0DC
:1024D00000230793089309930093019302930393B6
:1024E0000493059306931948194A02601722426023
:1024F000836042F20F72C26003618023836106F041
:1025000075FAC8B900230793099307A90F4806F085
:10251000F9FCA0B960230093002301930293049374
:102520000C226946094806F0DBFA58B90748FFF75C
:10253000A1FF0BB05DF804FBFFF776FBE2E7FFF7C6
:1025400073FBE7E7FFF770FBF0E700BF9022002482
:102550000004004008B51A481A4B03601A4B436048
:102560004FF4805383604FF40053C3604FF4806393
:1025700003610C23436100238361C36103624362EF
:10258000836207F0CAFB70B900210D4807F040FCD8
:1025900060B900210A4807F060FC50B9084807F00C
:1025A00018FC48B908BDFFF73FFBEDE7FFF73CFB20
:1025B000EFE7FFF739FBF1E7FFF736FBF2E700BF84
:1025C0002027002400500040A086010008B51748CD
:1025D000174B03604FF46123436000238360C360A3
:1025E00003610C2242618361C361036243628362BF
:1025F00007F093FB70B900210C4807F009FC60B9A3
:1026000000210A4807F029FC50B9084807F0E1FB0F
:1026100048B908BDFFF708FBEDE7FFF705FBEFE75B
:10262000FFF702FBF1E7FFF7FFFAF2E7B427002418
:102630000078004008B51748174B03604FF4E133AA
:10264000436000238360C36003610C2242618361A5
:10265000C36103624362836207F05FFB70B90021CC
:102660000C4807F0D5FB60B900210A4807F0F5FBDC
:1026700050B9084807F0ADFB48B908BDFFF7D4FAD8
:10268000EDE7FFF7D1FAEFE7FFF7CEFAF1E7FFF753
:10269000CBFAF2E7F82500240010014008B51748EE
:1026A000174B03604FF4E133436000238360C36042
:1026B00003610C2242618361C361036243628362EE
:1026C00007F02BFB70B900210C4807F0A1FB60B9A3
:1026D00000210A4807F0C1FB50B9084807F079FB10
:1026E00048B908BDFFF7A0FAEDE7FFF79DFAEFE75D
:1026F000FFF79AFAF1E7FFF797FAF2E78C26002442
:10270000001C0140F0B5BFB00446002139913A9158
:102710003B913C913D91B8220AA817F03DF82368FF
:10272000AD4A93420CD0AD4A934278D0AC4A934222
:1027300000F0E480AB4A934200F07A813FB0F0BDF4
:1027400002220023CDE90A230AA804F0B5F80028E4
:102750005FD1A54BD3F8E82042F48012C3F8E820FB
:10276000D3F8E82002F480120192019AD3F8E02015
:1027700042F00402C3F8E020D3F8E02002F00402A3
:102780000292029AD3F8E02042F00802C3F8E02057
:10279000D3F8E03003F008030393039B4FF4805316
:1027A000399302273A9700253B953C9508263D969C
:1027B00039A98E4802F018FA042339933A973B95C9
:1027C0003C953D9639A98A4802F00EFA89488A4B11
:1027D0000360412343608560C5604FF480630361FB
:1027E000456185614FF48073C3614FF440330362E8
:1027F000456200F09FFB78B97E4BC4F880309C6343
:1028000000220521352000F017FA352000F04AFAA1
:1028100094E7FFF709FA9CE7FFF706FAECE70222D4
:102820000023CDE90A230AA804F046F800285CD169
:102830006D4BD3F8E82042F08042C3F8E820D3F88B
:10284000E82002F080420492049AD3F8E02042F09B
:102850001002C3F8E020D3F8E03003F01003059332
:10286000059B4FF4C073399302233A9300253B959F
:102870003C9507233D9339A9604802F0B5F96048BB
:10288000604B03604F2343608560C5604FF48063F5
:10289000036145618561C5610562456200F04AFBDF
:1028A00030BB574BC4F880309C635748574B03608C
:1028B00050234360402383600023C3604FF4806251
:1028C000026143618361C3610362436200F032FBD2
:1028D00088B94D4BE3679C6300220521522000F02C
:1028E000ABF9522000F0DEF928E7FFF79DF99FE7EA
:1028F000FFF79AF9D5E7FFF797F9EAE701220023F6
:10290000CDE90A230AA803F0D7FF002861D1364B8E
:10291000D3F8F02042F01002C3F8F020D3F8F020F2
:1029200002F010020692069AD3F8E02042F001026B
:10293000C3F8E020D3F8E03003F001030793079BCE
:102940004FF4C063399302233A9300253B953C959D
:1029500007233D9339A92E4802F046F92D482E4B06
:102960000360292343608560C5604FF48063036181
:1029700045618561C5614FF440330362456200F0F3
:10298000D9FA00284ED1234BC4F880309C632348E9
:10299000234B03602A234360402383600023C360EA
:1029A0004FF48062026143618361C3614FF440323E
:1029B0000262436200F0BEFAB8BB184BE3679C6347
:1029C00000220521252000F037F9252000F06AF9C2
:1029D000B4E6FFF729F99AE700500040007800407C
:1029E00000100140001C0140004402580008025839
:1029F000000C02582823002428000240001002582E
:102A0000A023002458000240182400247000024033
:102A10000000025808250024880002408025002478
:102A2000A0000240FFF700F9ADE7FFF7FDF8C4E7AB
:102A300001220023CDE90A230AA803F03DFF002864
:102A400051D12C4BD3F8F02042F08002C3F8F02093
:102A5000D3F8F02002F080020892089AD3F8E02020
:102A600042F01002C3F8E020D3F8E03003F0100386
:102A70000993099B0423399302273A9700253B9534
:102A80003C953D931C4E39A9304602F0ADF8082321
:102A900039933A973B953C950B233D9339A93046A2
:102AA00002F0A2F81548164B036076234360856058
:102AB000C5604FF48063036145618561C5614FF472
:102AC00000330362456200F035FA78B90B4BC4F865
:102AD00080309C63002205219C2000F0ADF89C20F2
:102AE00000F0E0F82AE6FFF79FF8AAE7FFF79CF866
:102AF000ECE700BF00440258001002589024002464
:102B000040000240DFF834D0FFF7E6FB0C480D49E7
:102B10000D4A002302E0D458C4500433C4188C4238
:102B2000F9D30A4A0A4C002301E013600432A2429E
:102B3000FBD316F055FBFFF7CFF8704700000524D4
:102B400000000024280F002424270208280F002456
:102B500038700324FEE7000010B5032000F05AF897
:102B600003F0EAFA0F498B69C3F303230E4AD35CDF
:102B700003F01F03D8408B6903F00F03D35C03F00D
:102B80001F0320FA03F3094A1360094B18600F2052
:102B9000FFF75EFA10B10124204610BD0446FFF78E
:102BA0003DFAF9E700440258440D020804000024ED
:102BB00000000024034B1B78034A11680B44136088
:102BC000704700BF0800002448280024014B186803
:102BD000704700BF4828002438B50446FFF7F6FFC9
:102BE0000546B4F1FF3F02D0044B1B781C44FFF7AD
:102BF000EDFF401BA042FAD338BD00BF08000024FF
:102C0000034A536823EA00030B435360704700BF35
:102C1000000400580649CB6823F4E0631B041B0C36
:102C2000000200F4E0600343024A1A43CA6070479E
:102C300000ED00E00000FA0500B5174BDB68C3F3B8
:102C40000223C3F1070CBCF1040F28BF4FF0040CA2
:102C500003F1040EBEF1060F14D9033B4FF0FF3E03
:102C60000EFA0CFC21EA0C0199400EFA03F322EA59
:102C700003031943002807DB0901C9B2074B1954A4
:102C80005DF804FB0023E9E700F00F000901C9B279
:102C9000034B1954F4E700BF00ED00E000E400E04E
:102CA00014ED00E0002807DB00F01F0240090123BB
:102CB0009340024A42F82030704700BF00E100E034
:102CC00003682749274A934218BF8B422FD01832F6
:102CD00093422CD01832934229D01832934226D0F6
:102CE0001832934223D01832934220D018329342A4
:102CF0001DD002F55672934219D01832934216D065
:102D00001832934213D01832934210D018329342A3
:102D10000DD0183293420AD01832934207D018329D
:102D2000934204D023F0FF038365806D704710B495
:102D3000D9B210390C4AA2FB0142C2F302120B4C69
:102D4000A25CC2655F2907D9094A1A40043282652C
:102D5000806D5DF8044B7047054A1A408265F7E7BD
:102D60001000024028000240ABAAAAAA540D020893
:102D700000FCFFFF83699BB9836A012B0AD0022BF9
:102D800002D00BB100207047C36A13F0807F2AD1B4
:102D900000207047C36AB3F1C07F26D0002070477F
:102DA000B3F5005F0AD0836A022B26D9032B26D104
:102DB000C36A13F0807F24D100207047836A032BFD
:102DC00003D8DFE803F01404140A00207047C36A34
:102DD00013F0807F0DD100207047C36AB3F1C07F2C
:102DE00009D0002070470120704701207047012062
:102DF0007047012070470120704701207047002074
:102E0000704701207047000003682249224A93421C
:102E100018BF8B4228D01432934225D014329342EB
:102E200022D0143293421FD0143293421CD0143259
:102E3000934219D01432934216D0DAB2103A17499D
:102E4000A1FB0212120916491944A8291FD9154BD2
:102E500013449B000366144B436602F01F020123D8
:102E600003FA02F282667047DBB2083B0F4AA2FB0C
:102E700003230F4A02EB1312920002660D4A4266C8
:102E8000C3F30413012202FA03F383667047083286
:102E9000DDE700BF085402581C540258ABAAAAAA86
:102EA000F0FBFDBF0082001080080240CDCCCCCCEE
:102EB000009600168058025801794A1E072A2CD81D
:102EC00030B40368154D164CA34218BFAB4218D05E
:102ED0001434A34215D01434A34212D01434A342A4
:102EE0000FD01434A3420CD01434A34209D01434AC
:102EF000A34206D00B4B0B449B00C3660A4B0367EF
:102F000005E00A4B0B449B00C366094B0367012392
:102F100003FA02F2426730BC704770470854025807
:102F20001C5402583F820010400902403F96001690
:102F30004059025870B50446FFF748FE002C00F0D7
:102F4000B381054623685349534A934218BF8B42C5
:102F50000CBF0122002250D030318B424DD01831AD
:102F60008B424AD018318B4247D018318B4244D023
:102F700018318B4241D018318B423ED001F5567149
:102F80008B423AD018318B4237D018318B4234D033
:102F900018318B4231D018318B422ED018318B42F0
:102FA0002BD018318B4228D018318B4225D03B4989
:102FB0003B4A934218BF8B4200F02E81394A93421C
:102FC00000F02A811432934200F026811432934299
:102FD00000F022811432934200F01E811432934299
:102FE00000F01A811432934200F016814023636589
:102FF000032384F8353001204AE0022184F835109B
:10300000002184F834107ABB274A93422CD018321E
:10301000934229D01832934226D01832934223D0BB
:103020001832934220D0183293421DD002F55672C6
:10303000934219D01832934216D01832934213D0CB
:103040001832934210D0183293420DD01832934266
:103050000AD01832934207D01832934204D01A682B
:1030600022F001021A6003E01A6822F001021A60DD
:1030700023681A6812F0010F18D0FFF7A7FD431B51
:10308000052BF5D920236365032384F8353001200F
:1030900070BD00BF100002402800024008540258D2
:1030A0001C54025830540258400002401A687F48AD
:1030B0001040A168E2680A4321690A4361690A4332
:1030C000A1690A43E1690A43216A0A430243616A2A
:1030D000042900F096806168A1F12905A1F13F0063
:1030E000032888BF052D0AD9A1F14700012806D978
:1030F000A1F14F00032802D97439032901D842F401
:1031000080121A602668756925F00705636A1D43F9
:10311000042B08D1A36A1D43E36A23B12046FFF7BD
:1031200029FE002872D175612046FFF7C9FDE36DC5
:1031300003F01F023F239340836023685C495D4A8C
:10314000934218BF8B4242D0183293423FD018327C
:1031500093423CD01832934239D01832934236D041
:103160001832934233D01832934230D002F556725F
:1031700093422CD01832934229D01832934226D051
:103180001832934223D01832934220D018329342FF
:103190001DD0183293421AD01832934217D0464AA3
:1031A000934214D01432934211D0143293420ED071
:1031B000143293420BD01432934208D0143293420B
:1031C00005D01432934202D01432934213D12046D8
:1031D000FFF71AFEA368802B59D0236E22791A605C
:1031E000636EA26E5A606368013B072B52D90023BD
:1031F000E3662367636700206065012384F8353048
:1032000046E7E16A206B01430A4364E740236365B4
:10321000012084F835003BE7022284F835200022A3
:1032200084F834201A6825491140A268402A2CD01D
:10323000802A27D00022E06842EAD002206942EAD0
:10324000D002606942EAD002A06942EAD002E06995
:1032500042EAD002206A42EA10120A431A60226847
:10326000174B1344174AA2FB03231B099B00E3657A
:103270002046FFF725FDE26D02F01F0101228A4082
:1032800042605AE74FF48042D5E71022D3E700238B
:103290006360A2E72046FFF70FFEE36E00221A608C
:1032A000236F626F5A60A6E70120F1E63F8010FEAF
:1032B0001000024028000240085402580F00FEFF90
:1032C000F8ABFDA7CDCCCCCC70B50446FFF77EFCA7
:1032D000002C00F09181054694F83530DBB2022BCA
:1032E00006D080236365002384F83430012070BD4C
:1032F00023688C498C4A934218BF8B4230D01832D5
:1033000093422DD0183293422AD01832934227D0BC
:103310001832934224D01832934221D0183293426B
:103320001ED002F5567293421AD01832934217D02B
:103330001832934214D01832934211D0183293426B
:103340000ED0183293420BD01832934208D0183264
:10335000934205D01A6822F00E021A60266809E02E
:103360001A6822F01E021A602268536923F0800353
:103370005361266823686B496B4A934218BF8B429E
:1033800042D0183293423FD0183293423CD0183288
:10339000934239D01832934236D01832934233D008
:1033A0001832934230D002F5567293422CD0183224
:1033B000934229D01832934226D01832934223D018
:1033C0001832934220D0183293421DD018329342C3
:1033D0001AD01832934217D0544A934214D0143260
:1033E000934211D0143293420ED0143293420BD038
:1033F0001432934208D01432934205D014329342CF
:1034000002D01432934204D1226E136823F48073E5
:10341000136023684349444A934218BF8B422FD01C
:10342000183293422CD01832934229D0183293424A
:1034300026D01832934223D01832934220D018322B
:1034400093421DD002F55672934219D0183293421E
:1034500016D01832934213D01832934210D018323B
:1034600093420DD0183293420AD01832934207D0BB
:103470001832934204D01A6822F001021A6003E065
:103480001A6822F001021A60336813F0010F0ED09F
:10349000FFF79CFB431B052BF6D920236365032311
:1034A00084F83530002384F8343001201FE7236886
:1034B0001C491D4A934218BF8B4239D0183293429F
:1034C00036D01832934233D01832934230D018326B
:1034D00093422DD0183293422AD01832934227D0EB
:1034E00002F55672934223D01832934220D01832FC
:1034F00093421DD0183293421AD01832934217D0FB
:103500001832934214D01832934211D01832934299
:103510000ED0A16DE36D03F01F02012393404B60B9
:103520000DE000BF1000024028000240085402587D
:10353000A16DE36D03F01F023F2393408B6023686E
:103540002E492F4A934218BF8B4242D018329342E1
:103550003FD0183293423CD01832934239D01832BF
:10356000934236D01832934233D01832934230D03F
:1035700002F5567293422CD01832934229D0183259
:10358000934226D01832934223D01832934220D04F
:10359000183293421DD0183293421AD018329342F7
:1035A00017D0184A934214D01432934211D01432D7
:1035B00093420ED0143293420BD01432934208D06F
:1035C0001432934205D01432934202D01432934203
:1035D0000BD1636EA26E5A60E36E33B11A6822F4A7
:1035E00080721A60236F626F5A60012384F835304D
:1035F000002084F834007AE6012078E610000240CA
:103600002800024008540258002800F0298108B51B
:10361000024690F83530DBB2022B03D0802343659D
:10362000012008BD0368904890498B4218BF83422F
:103630000CBF0121002166D03030834263D01830A6
:10364000834260D0183083425DD0183083425AD014
:103650001830834257D01830834254D000F556704A
:10366000834250D0183083424DD0183083424AD024
:103670001830834247D01830834244D018308342F8
:1036800041D0183083423ED0183083423BD0196875
:1036900021F00E0119601368A0F5956073498B4203
:1036A00018BF83426AD072498B4267D018318B426F
:1036B00064D018318B4261D018318B425ED0183102
:1036C0008B425BD018318B4258D001F556718B423A
:1036D00054D018318B4251D018318B424ED0183112
:1036E0008B424BD018318B4248D018318B4245D099
:1036F00018318B4242D018318B423FD0196821F0EB
:10370000010119603EE0042082F8350081BB584A6F
:1037100093422DD0183293422AD01832934227D0A8
:103720001832934224D01832934221D01832934257
:103730001ED002F5567293421AD01832934217D017
:103740001832934214D01832934211D01832934257
:103750000ED0183293420BD01832934208D0183250
:10376000934205D01A6822F001021A60002058E73F
:103770001A6822F001021A60002052E7196821F04D
:10378000010119601368384838498B4218BF8342D9
:1037900042D018318B423FD018318B423CD0183187
:1037A0008B4239D018318B4236D018318B4233D00E
:1037B00018318B4230D001F556718B422CD0183124
:1037C0008B4229D018318B4226D018318B4223D01E
:1037D00018318B4220D018318B421DD018318B42CA
:1037E0001AD018318B4217D022498B4214D0143191
:1037F0008B4211D014318B420ED014318B420BD03E
:1038000014318B4208D014318B4205D014318B42D5
:1038100002D014318B4217D1116E0B6823F48073E0
:103820000B60906DD36D03F01F0101238B4043604B
:10383000536E916E5960D36E33B1196821F4807163
:103840001960136F516F5960012382F835300023DE
:1038500082F83430136D2BB1104698470020E0E613
:10386000012070470020DCE61000024028000240E2
:103870004000024008540258F0B583B004460023CB
:1038800001937D4B1D687D4BA3FB0535AD0A876D0C
:103890003E68D7F800C0036879497A48834218BF68
:1038A0008B420CBF0120002061D0774A93425ED04A
:1038B000183293425BD01832934258D01832934258
:1038C00055D01832934252D0183293424FD002F55D
:1038D000567293424BD01832934248D018329342DA
:1038E00045D01832934242D0183293423FD018321A
:1038F00093423CD01832934239D01832934236D09A
:103900006249634A934218BF8B4212D0614A934284
:103910000FD0143293420CD01432934209D0143297
:10392000934206D01432934203D01432934240F0B3
:1039300061821A68E16D01F01F010420884010EADD
:103940000C0F00F0A78212F0040F00F0A382786041
:1039500012F4004F00F05A8212F4803F40F050827F
:10396000A36C002B00F046822046984742E2E26DAD
:1039700002F01F0108228A40324241D070BB424A05
:1039800093422BD01832934228D01832934225D03C
:103990001832934222D0183293421FD018329342E9
:1039A0001CD002F55672934218D01832934215D0AB
:1039B0001832934212D0183293420FD018329342E9
:1039C0000CD01832934209D01832934206D01832E4
:1039D000934203D01A68C2F3C00202E01A68C2F32D
:1039E00080026AB11A6822F004021A60E36D03F0E3
:1039F0001F0208239340BB60636D43F001036365BE
:103A0000E26D02F01F0226FA02F313F0010F47D015
:103A100023681B481B498B4218BF83423CD0183196
:103A20008B4239D018318B4236D018318B4233D08B
:103A300018318B4230D018318B422DD018318B4247
:103A40002AD001F556718B4226D018318B4223D0F3
:103A500018318B4220D018318B421DD018318B4247
:103A60001AD018318B4217D018318B4214D018312C
:103A70008B4211D01B6813E000000024B5814E1B5F
:103A80001000024028000240400002400854025842
:103A90001C540258305402585B6913F0800F3BD11C
:103AA000E36D03F01F03042202FA03F3334240D014
:103AB0002268964896498A4218BF824235D018310A
:103AC0008A4232D018318A422FD018318A422CD003
:103AD00018318A4229D018318A4226D018318A42B8
:103AE00023D001F556718A421FD018318A421CD06A
:103AF00018318A4219D018318A4216D018318A42B8
:103B000013D018318A4210D018318A420DD01831A2
:103B10008A420AD013680CE0012303FA02F2BA6069
:103B2000636D43F002036365BAE7126812F0020F97
:103B30003DD1E36D03F01F03102202FA03F3334279
:103B40005FD02268714872498A4218BF824234D0DD
:103B500018318A4231D018318A422ED018318A4227
:103B60002BD018318A4228D018318A4225D01831FA
:103B70008A4222D001F556718A421ED018318A42FB
:103B80001BD018318A4218D018318A4215D018310A
:103B90008A4212D018318A420FD018318A420CD092
:103BA00018318A4209D01268C2F3800208E0BB6073
:103BB000636D43F004036365BBE71268C2F3C002A0
:103BC000FAB1BB6023681A6812F4802F0DD01B680D
:103BD00013F4002F04D1236C9BB12046984710E0CA
:103BE000A36C73B1204698470BE01A6812F4807FEB
:103BF00003D11A6822F008021A60236C0BB1204628
:103C00009847E36D03F01F03202202FA03F33342C7
:103C100000F0928022683D483D498A4218BF8242A6
:103C20002ED018318A422BD018318A4228D0183130
:103C30008A4225D018318A4222D018318A421FD0B8
:103C400018318A421CD001F556718A4218D01831B9
:103C50008A4215D018318A4212D018318A420FD0C8
:103C600018318A420CD018318A4209D018318A4260
:103C700006D018318A4203D01268C2F3400202E033
:103C80001268C2F30012002A56D0BB6094F8353097
:103C9000DBB2042B0ED023681A6812F4802F39D0BF
:103CA0001B6813F4002F2CD1636C002B44D02046EA
:103CB000984741E02268136823F0160313602268D6
:103CC000536923F080035361236CB3B122681368F6
:103CD00023F008031360E36D03F01F023F239340BA
:103CE000BB60012384F83530002384F83430236D21
:103CF000002B7FD0204698477CE0A36C002BE5D1B9
:103D0000E9E7E36BC3B12046984715E01000024095
:103D1000280002401A6812F4807F09D11A6822F044
:103D200010021A60012384F83530002384F83430FF
:103D3000E36B0BB120469847636D002B5AD0636D3F
:103D400013F0010F52D0042384F8353023689649CC
:103D5000964A934218BF8B422FD0183293422CD0F0
:103D60001832934229D01832934226D01832934207
:103D700023D01832934220D0183293421DD002F53E
:103D80005672934219D01832934216D01832934289
:103D900013D01832934210D0183293420DD01832FB
:103DA00093420AD01832934207D01832934204D07B
:103DB0001A6822F001021A6003E01A6822F0010278
:103DC0001A60019B01330193AB4204D823681B683E
:103DD00013F0010FF5D123681B6813F0010F0BD00E
:103DE000032384F83530002384F83430E36C0BB1BE
:103DF0002046984703B0F0BD012384F83530F2E740
:103E0000236C002BF6D020469847F3E712F0200FE2
:103E10003AD123686449654A934218BF8B422FD038
:103E2000183293422CD01832934229D01832934240
:103E300026D01832934223D01832934220D0183221
:103E400093421DD002F55672934219D01832934214
:103E500016D01832934213D01832934210D0183231
:103E600093420DD0183293420AD01832934207D0B1
:103E70001832934204D01A6822F004021A6003E058
:103E80001A6822F008021A60236C002BB2D0204678
:103E90009847AFE70220884010EA0C0F60D012F07C
:103EA000020F5DD0786012F4004F0ED012F4803F04
:103EB00005D1636C002B9DD0204698479AE7E36BB1
:103EC000002B97D02046984794E712F0200F40D15E
:103ED00023683549354A934218BF8B422FD0183298
:103EE00093422CD01832934229D01832934226D0D4
:103EF0001832934223D01832934220D01832934282
:103F00001DD002F55672934219D01832934216D042
:103F10001832934213D01832934210D01832934281
:103F20000DD0183293420AD01832934207D018327B
:103F3000934204D01A6822F00A021A6003E01A6859
:103F400022F014021A60012384F83530002384F82B
:103F50003430E36B002B3FF44DAF2046984749E7E0
:103F6000082000FA01F111EA0C0F3FF443AF12F000
:103F7000080F3FF43FAF1A6822F00E021A60E36D9B
:103F800003F01F03012202FA03F37B60626584F8E9
:103F90003520002384F83430E36C002B3FF42AAF43
:103FA0002046984726E700BF100002402800024044
:103FB00030B4446B0368D3F884106F4A114041EA6F
:103FC0008401C3F884100368D3F8841021F47F01BE
:103FD000856B41EA0541C3F88410836B2344046870
:103FE000D4F88810114041EA8301C4F888100468AD
:103FF000D4F8881021F4FE01C56B41EA0541C4F8EC
:104000008810C16B03EB41030468D4F8A010114081
:1040100041EA8301C4F8A0100468D4F8A01021F488
:10402000FE01056C41EA0541C4F8A010016C446C26
:1040300004FB01330468D4F8B010114041EA830155
:10404000C4F8B0100468D4F8B01021F4FE01856CF7
:1040500041EA0541C4F8B010816CC46C04FB013323
:104060000468D4F8AC10114041EA8301C4F8AC10E4
:10407000016D446D04FB01330468D4F8F010114065
:1040800041EA8301C4F8F0100468D4F8F01021F478
:104090007C11856D41EA0541C4F8F010816D03EB98
:1040A00041030468D4F8C0100A4042EA8303C4F80C
:1040B000C0300268D2F8C03023F47C13C16D43EAEB
:1040C0000143C2F8C0300268D2F8C03023F07C53FC
:1040D000016E43EA0163C2F8C030436B274A1A44B9
:1040E0009200C266836B02EB83030367C16B03EB31
:1040F000C1034367016C446C04FB01F103EB8103D2
:104100008367816CC46C04FB01F103EB8103C3671B
:10411000016D446D04FB01F103EB8103C0F88030B5
:10412000816D03EBC103C0F88430816EC46D01FB67
:1041300004FC03EB8C03C0F88830046E04FB01F12F
:1041400003EB8103C0F890300D498B420DD9D0F8B4
:104150009C3043F02003C0F89C30032380F8983053
:10416000012007E0002342F8043BD0F8903093424E
:10417000F8D8002030BC70470300FFFF002B001070
:10418000FCD3004070B54C68FCB90D698C682543C0
:104190000C6845EA84450E6ACC6944EA06648E6977
:1041A00034434E693443CE6844EA0644D0F8846010
:1041B000806E00FB03F306EB830E46F82350CEF827
:1041C00004400EF1080E002019E00C698D682543AB
:1041D0000C68254345F08045DDE702EB000C9CF8B8
:1041E00003409CF802301B0443EA04639CF801403E
:1041F00043EA0423145C23434EF8043B0430CB68A9
:10420000024CE35C8342E8D870BD00BF5C0D02083D
:1042100030B595B004464C22A04901A8FCF7C6FF72
:10422000002C00F0388123689D4A934220D094F8F6
:1042300098300BB32268936923F010039361FEF763
:10424000C5FC054623689A6912F0080F1AD0FEF7DC
:10425000BDFC431B0A2BF5D9D4F89C3043F0010375
:10426000C4F89C30032384F89830012015B030BD89
:1042700003F580736360DAE784F899302046FDF730
:1042800033FAD7E79A6942F001029A61FEF79EFC81
:10429000054623689A6912F0010F0FD1FEF796FCCC
:1042A000401B0A28F5D9D4F89C3043F00103C4F828
:1042B0009C30032384F898300120D7E79A6942F0B4
:1042C00002029A61237C012B40D02268936943F05B
:1042D00040039361637C012B3ED02268936923F4F1
:1042E00080439361A37C012B3CD02268936943F403
:1042F000805393612268936923F44073A1680B4350
:1043000093612268936923F0A4039361226813697F
:1043100023F010031361E368012B29D0002B2CD06C
:10432000022B00F09B802268936943F08003936125
:104330002268136943F010031361E368032B1CD157
:104340002268936943F02003936116E02268936921
:1043500023F040039361BDE72268936943F48043EF
:104360009361BFE72268936923F480539361C1E7A7
:104370002268936943F004039361A3695A1EE369B9
:10438000013B1B0243EA4263226A013A134362691A
:10439000013A216843EA0243CB61A368B3F5407F49
:1043A00062D0236E33B12268D2F8C030616E0B4305
:1043B000C2F8C030E36D226ED3420DD02168D1F82F
:1043C000C83023F00703A26E14A800EB820252F853
:1043D0004C2C1343C1F8C830236C6BB12168D1F861
:1043E000BC3023F00703626C14A800EB820252F881
:1043F0004C2C1343C1F8BC30A36C73B12168D1F8C5
:10440000BC3023F07003E26C14A800EB820252F877
:104410004C2C43EA0213C1F8BC30236D73B1216800
:10442000D1F8BC3023F4E063626D14A800EB820283
:1044300052F84C2C43EA0223C1F8BC302268184BD6
:104440009A4222D00023C4F89430C4F89C3001234F
:1044500084F898302046FFF7ABFD07E722689369A0
:1044600043F02003936188E7A36A013BE26A013AC3
:1044700043EA0223226B013A43EA0213626A013AD9
:10448000216843EA0243CB608BE76268936823F0BC
:1044900003039360D6E70120E8E600BF040C02089E
:1044A00000A0004090F89830013BDBB2012B07D907
:1044B000D0F89C3043F00203C0F89C3001207047D4
:1044C000CB680A68D2B9072B0ED08A68DB0643EAAC
:1044D00082730A6943EA02434A691343C26E496818
:1044E00042F82130002070470A69CB691B0243EA79
:1044F00002438A69134343F06053EFE710B40A693B
:1045000042EA4372072B0FD04B698C6843EA8473ED
:10451000006F496800EBC10C40F83120CCF8043042
:1045200000205DF8044B70478B69F1E790F898C064
:104530005FFA8CFCBCF1010F07D0D0F89C3043F03F
:104540000403C0F89C3001207047920042EA011237
:1045500042EA4302036800990A43C3F8802000201E
:10456000704790F89830DBB2012B07D0D0F89C3020
:1045700043F00403C0F89C3001207047022380F808
:1045800098300268936923F0010393610023C0F817
:104590009C301846704738B5044690F89830DBB226
:1045A000022B2BD10368D3F8C00010F07C5F0CD035
:1045B000D3F8C40010F4001F0FD0D4F89C3043F49B
:1045C0000073C4F89C3001201FE0D4F89C3043F005
:1045D0002003C4F89C30012017E0D3F8C450C5F381
:1045E00004452B462046FFF7CDFD22680123AB4052
:1045F000C2F8D030C4F89430002006E0D0F89C30E7
:1046000043F00803C0F89C30012038BD90F898C0F2
:104610005FFA8CFCBCF1020F40F0E28070B54029DB
:104620000CD041293DD0046D8C426DD8D0F89C301F
:1046300043F02003C0F89C300120C3E00468D4F8A4
:10464000A05015F4FE0F0CD0D4F8A45015F07F0F35
:104650000FD1D0F89C3043F48073C0F89C30012017
:10466000B0E0D0F89C3043F02003C0F89C3001202B
:10467000A8E0D4F8A450C5F3006615F0807F04D0FC
:10468000D4F8A060F60F00D10026D4F8A440C4F3FB
:1046900005242644456F446C06FB04F405EB840CAA
:1046A00039E00468D4F8B05015F4FE0F0CD0D4F8FB
:1046B000B45015F07F0F0FD1D0F89C3043F48073C5
:1046C000C0F89C3001207DE0D0F89C3043F02003FE
:1046D000C0F89C30012075E0D4F8B450C5F30066F2
:1046E00015F0807F04D0D4F8B060F60F00D100261A
:1046F000D4F8B440C4F305242644856FC46C06FB8B
:1047000004F405EB840C06E0C56F446D01FB04F472
:1047100005EB840C0026DCF8004004F08044546073
:1047200074BBDCF80040C4F38A441460DCF8004039
:1047300004F000549460DCF8004004F0004414617C
:10474000BCF80440D461BCF8064004F00F04D46007
:10475000DCF8044004F480145461DCF8044004F4F0
:10476000001494619CF8074004F07F041462DCF8A4
:104770000440E40F54620CF1080E4FF0000C0BE003
:10478000DCF8004024F060441460CFE71EF80C40D1
:1047900003F80C400CF1010CD468154D2C5D6445F8
:1047A000F4D840290AD041290DD01F290FD802681A
:1047B000012303FA01F1C2F8981002E00368C3F87C
:1047C000A860002070BD0368C3F8B860F9E701F085
:1047D0001F010268012303FA01F1C2F89C10F0E7FF
:1047E000D0F89C3043F00803C0F89C30012070479B
:1047F0005C0D0208402905D00368D3F8B40000F02E
:104800007F0070470368D3F8A40000F07F00704772
:104810000368D3F8C40000F03F00704790F8983068
:10482000013BDBB2012B07D9D0F89C3043F00203E7
:10483000C0F89C300120704710B403689C6D0C4296
:1048400024D1DC6D44F00104DC6511F4007F05D057
:104850000468D4F8E0301343C4F8E03011F4806FFA
:1048600005D00468D4F8E4301A43C4F8E4200068A2
:10487000436D0C4A0A40134343650B4A536943EAAC
:104880009171516100205DF8044B70479C6D31EAD5
:10489000040402D00324DC65D7E7DC6D44F0020495
:1048A000DC65D2E7FFFFCF3F00A8004070477047AC
:1048B0007047704770477047704770477047704740
:1048C0007047704770477047704700002DE9F04F00
:1048D00083B00446B04B1A695B699B0703EA827395
:1048E000019303681A6D02F4704A5A6D0AEA020ACB
:1048F0001A6D02F00F095A6D09EA02091A6D02F0E9
:10490000F0085A6D08EA02081E6D06F071565A6DDD
:1049100016401F6D07F060775A6D17405D6DD3F834
:1049200050B015F4807F02D01BF4807F64D115F461
:10493000806F02D01BF4806F67D1019B002B74D174
:10494000BAF1000F7CD1B9F1000F40F08580B8F1C9
:10495000000F40F08D8015F4006F03D01BF4006F42
:1049600040F0928015F4007F03D01BF4007F40F0EC
:10497000968015F4002F03D01BF4002F40F09F8089
:1049800015F4803F03D01BF4803F40F0A38015F462
:10499000802F03D01BF4802F40F0A78015F4003F38
:1049A0000FD01BF4003F0CD023684FF400321A657F
:1049B000794B00221A61D4F89C3043F08003C4F88C
:1049C0009C30002F40F09C804EB123681E65B20FD2
:1049D000714B1A61D4F89C301E43C4F89C60226865
:1049E0006E4B9A4200F09680D4F89C30002B40F039
:1049F000F78003B0BDE8F08F4FF480721A65664B04
:104A000000221A61FFF75AFF91E72368D3F8DC1000
:104A1000D3F8E4204FF4806018655F4B00201861E4
:104A200011402046FFF746FF87E7236800221A65FA
:104A300001998A0F584B1A612046FFF737FF7FE72D
:104A40002368C3F850A04FEA9A72534B1A6151463B
:104A50002046FFF72CFF76E72368C3F850904FEA13
:104A600099724D4B1A61494620460CF08BFF6EE758
:104A70002368C3F850804FEA9872474B1A61414649
:104A800020460CF0A7FF66E723684FF400621A6522
:104A9000414B00221A612046FFF70AFF62E72368B4
:104AA000D3F8D810D3F8E0204FF4007018653A4BD3
:104AB0000020186111402046FFF7FBFE59E72368EC
:104AC0004FF400221A65344B00221A612046FFF78A
:104AD000F2FE55E723684FF480321A652E4B002210
:104AE0001A612046FFF7E8FE51E723684FF4802261
:104AF0001A65294B00221A612046FFF7DEFE4DE7BA
:104B000023681F65BA0F244B1A6139462046FFF708
:104B1000D7FE59E763689A6812F0030F3FF464AF59
:104B2000196A01F00F015A6A186A00F03008586AD1
:104B300008EA00081F6A07F4C077586A07401E6A2F
:104B400006F4FC46586A06401D6A05F4F025586ACA
:104B50000540D3F82490D3F820A0114020D1B8F11B
:104B6000000F22D119F0400F02D01AF0400F24D1CB
:104B70007FBB36B163681E62D4F89C301E43C4F814
:104B80009C60002D3FF430AF63681D62D4F89C3008
:104B90001D43C4F89C5027E700A8004000A0004037
:104BA00019622046FFF78DFED9E76368C3F82080BD
:104BB00041462046FFF786FED4E76368D96BDA6B7F
:104BC0004020186202F03F02090C2046FFF77BFEEE
:104BD000CEE763681F6239462046FFF775FEC8E7D7
:104BE0002046FFF76CFE04E7F0B583B000236BE0CE
:104BF00085685E000324B44025EA0405CC68B4400F
:104C00002C438460446824EA0C0C4C68C4F3001400
:104C10009C4044EA0C04446068E0DD08083550F824
:104C2000256003F007044FEA840C0F2404FA0CF407
:104C300026EA040E0C6904FA0CF444EA0E0440F867
:104C400025406BE0092400E0002404FA0EF42C4314
:104C50000CF1020C664D45F82C404FF0B04425682D
:104C6000D44325EA02064F6817F4801F01D042EAB8
:104C700005064FF0B0452E606D6804EA05064F68E2
:104C800017F4001F01D042EA05064FF0B0456E60F0
:104C9000D5F8845004EA05064F6817F4003F01D0A8
:104CA00042EA05064FF0B045C5F88460D5F880505B
:104CB0002C404E6816F4803F01D042EA05044FF0C4
:104CC000B042C2F8804001330A6832FA03F400F0BF
:104CD0008C804FF0010C0CFA03FC1CEA0202F2D0AB
:104CE0004C6804F00304013C012C81D94C6804F0A9
:104CF0000304032C0CD0C4685D004FF0030C0CFAC5
:104D000005FC24EA0C0C8C68AC4044EA0C04C4603A
:104D10004C6804F00304022C3FF47FAF04684FEAB0
:104D2000430E4FF0030C0CFA0EFC24EA0C0C4C68FA
:104D300004F0030404FA0EF444EA0C0404604C6822
:104D400014F4403FBFD02B4CD4F8F45045F002058A
:104D5000C4F8F450D4F8F44004F002040194019C27
:104D60004FEA930C0CF10205214C54F8255003F046
:104D700003044FEA840E0F2404FA0EF425EA040516
:104D80001D4CA0423FF460AF04F58064A0421ED0E9
:104D900004F58064A0421CD004F58064A0421AD0BF
:104DA00004F58064A04218D004F58064A04216D0B7
:104DB00004F58064A04214D004F58064A04212D0AF
:104DC00004F50064A0423FF43DAF0A243DE701240E
:104DD0003BE7022439E7032437E7042435E70524B9
:104DE00033E7062431E707242FE703B0F0BD00BF07
:104DF0000004005800440258000002580AB18161C2
:104E000070470904816170472DE9F04383B0D0F801
:104E1000008001EBC10300EB83039A6A5B6A9A424C
:104E200054D807460C469B1A01EBC10200EB8202E4
:104E3000D2699A4200D31A4602F103094FEA99094E
:104E400015E006F103094FEA9909BB7904EBC405A3
:104E500007EB8505296A0093B3B2E2B2404605F03C
:104E60005AFB2B6A33442B62AB6A3344AB6208EBC8
:104E7000441303F510639B699BB24B4512D304EBBB
:104E8000C40207EB8202916A536A99420AD24BB17B
:104E90005B1A04EBC40207EB8202D6699E42D0D3B0
:104EA0001E46CEE704EBC40007EB80077A6ABB6AB4
:104EB0009A420FD804F00F040123A340D8F83448D5
:104EC00024EA0304C8F83448002000E0012003B0BD
:104ED000BDE8F0830020FAE730B583B000287AD02F
:104EE000044690F89534ABB1032384F895342068D8
:104EF00005F0C8F8237C8DF80030231D0ECB206808
:104F000004F0F6FF58B1022384F8953401252846B1
:104F100003B030BD80F8943409F0B2FCE4E700211E
:104F2000206805F019FD024608B9034617E0022380
:104F300084F895340125EAE703EBC30104EB810112
:104F4000012048750B75CB8500200876C861086282
:104F500003EBC30104EB810148620133DBB220792A
:104F60009842E9D816E002EBC20304EB8303002168
:104F700083F8551283F8542283F85812C3F85C1250
:104F8000C3F8601202EBC20304EB8303C3F864129C
:104F90000132D2B29042E6D8237C8DF80030231D36
:104FA0000ECB206805F0C4F8054658B90023637499
:104FB000012384F89534237B012B08D0206805F069
:104FC00088FCA4E7022384F8953401259FE7204656
:104FD00000F074FDF2E7012599E7036890F8942446
:104FE000012A1AD010B50446012280F89424DA6808
:104FF00012F0400F02D0427B012A09D0206805F050
:105000003BF8206805F057FC002084F8940410BD9C
:105010009A6B42F480329A63F0E7022070470000F6
:1050200070B504460D460068066C00EB411303F5AD
:1050300030639A68A179012911D038498E4256D03F
:105040003DB905EBC50304EB8303D3F86432002BB1
:105050005ED0E9B2204609F055FC002070BD12F088
:10506000080F09D02E498E42F7D912F4004FF4D020
:105070004FF400429A60F0E712F0200F02D0202295
:105080009A60EAE712F0280FE7D125498E4206D947
:1050900012F4004F03D04FF400429A60DDE705EBB5
:1050A000C50204EB8202D2F874121B69C3F3120327
:1050B000CB1AC2F868327DB905EBC50204EB820257
:1050C000D2F864226AB105EBC50204EB8202D2F881
:1050D00060120B44C2F86032E9B2204609F012FCBB
:1050E000BBE704F29C42012105F078FCF4E712F4DE
:1050F000004F03D04FF400429A60AEE712F0200F49
:1051000001D020229A60E9B2204609F0FBFBA4E717
:1051100004F29C42002105F061FC9AE70A31544FE9
:105120000A30544F38B5044603681D6C03EB411335
:10513000D3F8081B0E4A954207D903F5306311F4E2
:10514000004F02D04FF400429A60204609F0D2FB93
:10515000074B9D4202D9A379012B01D0002038BD15
:1051600004F29C420121206805F038FCF6E700BFFC
:105170000A30544F90F89434012B0CD010B50446EB
:10518000012380F894344174006805F084FB00200A
:1051900084F8940410BD0220704738B505468C464B
:1051A00011F0800F2BD101F00F0E0EEBCE04A400F6
:1051B00004F514740444211D0EEBCE0E00EB8E0E8C
:1051C00000208EF855020CF00F0C81F800C0C2F3DD
:1051D0000A028A600B714A780AB1A1F81AC0022B40
:1051E0001CD095F89434012B1BD0012385F89434FE
:1051F000286805F073F8002085F8940438BD01F0A4
:105200000F0000EBC001890010312944043100EB8C
:10521000C00005EB800001244475D4E700234B71E6
:10522000DFE70220EAE710B504460A4611F0800FD6
:1052300020D101F00F0000EBC0039B0003F51473B5
:105240002344191D00EBC00004EB8000002380F80C
:10525000553202F00F020A7094F89434012B18D0E2
:10526000012384F89434206805F086F8002084F83F
:10527000940410BD01F00F0000EBC0039B0010333D
:105280002344191D00EBC00004EB8000012343758B
:10529000DFE70220EDE710B5144601F00F0C0CEB30
:1052A000CC01890001F51471014404310CEBCC0EE2
:1052B00000EB8E0ECEF86022CEF864320023CEF8DA
:1052C00068328EF855328EF854C28279012A04D0A1
:1052D000006805F037F9002010BDCEF87042F7E7FE
:1052E00001F00F0101EBC10100EB8101D1F868026F
:1052F000704710B5144601F00F0C0CEBCC0189007F
:105300001031014404310CEBCC0E00EB8E0ECEF8C4
:105310002020CEF824300023CEF8283001238EF848
:1053200015308EF814C082799A4204D0006805F0D6
:1053300009F9002010BDCEF83040F7E738B501F08C
:105340000F050279AA4238D304460B4611F0800FAC
:105350001FD101EBC101890001F514710144043131
:1053600003EBC30300EB8303002283F855220123E0
:105370008B700D7094F89434012B20D0012384F8A5
:105380009434206805F02CFA85B1002084F8940448
:1053900038BD05EBC501890010310144043105EB2E
:1053A000C50300EB830301225A75E0E704F29C4237
:1053B000A179206805F012FBE7E70120E8E7022069
:1053C000E6E701F00F0302799A4230D310B50446A4
:1053D00011F0800F1ED103EBC301890001F5147198
:1053E0000144043103EBC30200EB8202002082F887
:1053F000550200228A700B7094F89434012B18D057
:10540000012384F89434206805F017FA002084F80A
:10541000940410BD03EBC301890010310144043131
:1054200003EBC30200EB820201205075E1E701208B
:1054300070470220EDE708B511F0800F0CD101F0A4
:105440000F0101EBC101890001F514710144043120
:10545000006805F001F808BD01F00F0101EBC10182
:105460008900103101440431F2E72DE9F04F83B097
:1054700004460568284605F06BFA10B103B0BDE894
:10548000F08F0646206805F032FA0028F6D005F5C0
:105490000067BB68C3F30D23C4F8D434206805F05B
:1054A00026FA10F0020F04D02268536903F00203B9
:1054B0005361206805F01BFA10F0100F14D0226819
:1054C000936923F010039361D5F8208008F00F0949
:1054D000C8F34343022B69D0062B00F08D8022686D
:1054E000936943F010039361206805F000FA10F40B
:1054F000002F40F09380206805F0F9F910F4802F18
:1055000040F0FC80206805F0F2F90028C0F27D81AF
:10551000206805F0ECF910F4006F09D0BB6813F0B7
:10552000010F40F08A812268536903F400635361DC
:10553000206805F0DCF910F0006F15D0226853697F
:1055400003F00063536194F8CC34002B40F0798170
:10555000012184F8CC1423685B6DC3F38303C4F882
:10556000D034204600F0BEFA206805F0C0F910F4EF
:10557000805F40F06A81206805F0B9F910F4005F9F
:1055800040F0B681206805F0B2F910F0080F40F045
:10559000C781206805F0ABF910F0800F00F0DA81C8
:1055A000AB6923F08003AB610126C3E147F6F073DA
:1055B00018EA030F93D04FEA181B4FEAC90301936F
:1055C00009EBC90A04EB8A0AC8F30A12DAF8601276
:1055D000284605F0DBF8CBF30A0BDAF860325B44BF
:1055E000CAF86032019B4B4404EB8303D3F8683262
:1055F0005B44CAF8683272E7082204F29C412846EC
:1056000005F0C4F8C8F30A1809EBC90204EB8202DA
:10561000D2F868324344C2F8683260E7206805F087
:105620006AF98046B14635E005EB49130122C3F81B
:10563000082B49462046FFF7F3FC3CE005EB4913F5
:105640000822C3F8082B49462046FFF76BFD35E0DA
:1056500009EBC90304EB830393F85732012B41D0C4
:1056600005EB49130222C3F8082B1AF0200F04D0CF
:1056700005EB49132022C3F8082B1AF4005F05D06C
:1056800005EB49134FF40052C3F8082B09F1010947
:105690004FEA5808B8F1000F3FF42DAF18F0010F92
:1056A000F4D05FFA89FB5946206805F034F9824648
:1056B00010F0010FB8D11AF0080FBFD11AF0100F77
:1056C00004D005EB49131022C3F8082B1AF0020F7F
:1056D000CBD06B6913F0800FBAD07B6843F4806342
:1056E0007B60B5E709EBC90304EB8303002283F871
:1056F00057225946204609F055F9B1E7206805F0D0
:1057000002F98046B14625E05946204609F006F9DF
:105710001AF0080F04D005EB49130822C3F8082932
:105720001AF0100F04D005EB49131022C3F8082912
:105730001AF0400F04D005EB49134022C3F80829A2
:105740001AF0020F40D11AF0800F59D109F1010966
:105750004FEA5808B8F1000F3FF4D4AE18F0010F2B
:10576000F4D05FFA89FB5946206805F0DDF88246DF
:1057700010F0010FCCD009F00F03012101FA03F260
:105780007B6B23EA02037B6305EB4913C3F808191B
:10579000A3798B42B8D109EBC90304EB8303D96920
:1057A0001A6A0A441A62B9F1000FADD109EBC903B4
:1057B00004EB83035B6A002BA6D104F29C42012117
:1057C000206805F00BF99FE74946284604F060FC85
:1057D00009EBC90304EB8303DB7D012B05D005EB4B
:1057E00049130222C3F80829ADE709EBC90304EB0A
:1057F00083030022DA755946204609F0D9F8EEE70E
:1058000049462046FFF700FBA0E77B6823F0010331
:105810007B6094F8CC34012B08D0204609F0BCF80A
:105820002268536903F00043536171E6002184F854
:10583000CC14204600F056F9F2E7204609F094F81F
:1058400071E6204609F090F88EE67B6823F00103AC
:105850007B601021206804F01BFC1AE005EB461366
:105860004FF67F31C3F80819D3F8002922F400124B
:10587000C3F80029C3F8081BD3F8002B22F4001248
:10588000C3F8002BD3F8002B42F00062C3F8002BC2
:1058900001362379B342E1D8FB6943F00113FB6180
:1058A000E37BDBB1D7F8843043F00B03C7F88430D7
:1058B0007B6C43F00B037B64D5F8003823F4FE6364
:1058C000C5F8003804F29C42A179206805F086F8FA
:1058D0002268536903F4805353614CE67A6942F2BB
:1058E0002B0313437B613B6943F00B033B61E3E70D
:1058F000206805F063F8206804F0E0FCE071266899
:1059000000F05EFE0146E279304604F043FB20469B
:1059100009F015F82268536903F40053536131E626
:10592000204609F006F82268536903F00803536122
:105930002FE601362379B3420CD906EBC60304EBFC
:10594000830393F85732012BF3D1F1B22046FFF7CE
:1059500072FDEEE7206804F0CAFF10F4801F25D125
:10596000206804F0C4FF10F4001F58D0012326E083
:1059700001362379B3421BD905EB4613D3F800292E
:1059800006EBC60304EB83031B7E012BF0D1002A38
:10599000EEDA06EBC60304EB83030122DA7566F048
:1059A0007F01C9B22046FFF746FDE1E70126E0E7A7
:1059B0002268536903F480135361D1E701332279DC
:1059C0009A4227D905EB4312D2F8001B03EBC3021E
:1059D00004EB820292F85822012AEFD10029EDDA75
:1059E000D4F8D42482EA114212F0010FE6D103EB7D
:1059F000C30204EB8202012182F85712AA6942F025
:105A00008002AA616A6912F0800FD7D17B6843F4E3
:105A100000737B602268536903F4001353612068AC
:105A200004F065FF10F0804F10D1206804F05FFF94
:105A300010F0040F3FF422AD23685D6815F0040FE9
:105A40000DD1226853682B43536017E5204608F0B8
:105A5000B5FF2268536903F080435361E5E72046B0
:105A600008F0B2FFEDE710B40468606A31B940EAAB
:105A70000240A06200205DF8044B70478C46A36A88
:105A800000EB1340002308E003F1400104EB810127
:105A9000496800EB11400133DBB20CF1FF318B425E
:105AA000F2D340EA02400CF13F0104EB810148606F
:105AB000E0E703685962002070470000034602686F
:105AC0000121C0F8D814002083F8CC04936943F076
:105AD00000639361516D024B0B435365704700BFE8
:105AE0000300001070470000134BDB6813F0040F35
:105AF00007D1114BDB6803F0070383421AD0012062
:105B0000704710B50C4AD36823F007031843D060E0
:105B1000FDF75CF80446084B5B6813F4005F07D19F
:105B2000FDF754F8001BB0F57A7FF4D9012000E0AE
:105B3000002010BD0020704700480258024AD36878
:105B400043F08073D360704700480258002800F08B
:105B5000D78238B50446036813F0010F25D0A04A58
:105B6000136903F03803926A102B15D0182B0FD04D
:105B70006368B3F5803F3FD0002B53D1984B1A6830
:105B800022F480321A601A6822F480221A6038E007
:105B900002F00302022AEBD1914B1B6813F4003F81
:105BA00003D06368002B00F0AD82236813F0020F6E
:105BB00000F088808A4A1369926A13F038035AD039
:105BC000182B55D0E368002B00F0A98084490A689F
:105BD00022F0190213430B60FCF7F8FF0546804BD7
:105BE0001B6813F0040F40F09180FCF7EFFF401B9F
:105BF0000228F4D903208CE2794A136843F48033F5
:105C0000136063682BB3FCF7E1FF0546744B1B6818
:105C100013F4003FC9D1FCF7D9FF401B6428F5D924
:105C2000032076E2B3F5A02F09D06D4B1A6822F459
:105C300080321A601A6822F480221A60E1E7684B09
:105C40001A6842F480221A601A6842F480321A609C
:105C5000D7E7FCF7BBFF0546614B1B6813F4003F19
:105C6000A3D0FCF7B3FF401B6428F5D9032050E212
:105C700012F0030FA6D15A4B1B6813F0040F03D088
:105C8000E368002B00F04082554A136823F01903A3
:105C9000E1680B431360FCF799FF0546504B1B6806
:105CA00013F0040F06D1FCF791FF401B0228F5D931
:105CB00003202EE24A4A536823F0FE43216943EA57
:105CC00001635360236813F0100F51D0444A1369E5
:105CD00003F03803926A082B39D0182B33D0E369CC
:105CE000002B69D03E4A136843F080031360FCF731
:105CF0006DFF05463A4B1B6813F4807F53D1FCF7C8
:105D000065FF401B0228F5D9032002E2344A53689C
:105D100023F0FE43216943EA01635360D2E7304A2E
:105D2000136823F001031360FCF750FF05462C4B6A
:105D30001B6813F0040FC5D0FCF748FF401B022876
:105D4000F5D90320E5E102F00302012AC7D1244B73
:105D50001B6813F4807F03D0E369802B40F0D68169
:105D60001F4AD36823F07C53216A43EA0163D3605E
:105D7000236813F0080F49D06369002B32D0184A0A
:105D8000536F43F001035367FCF720FF0546144BA4
:105D90005B6F13F0020F39D1FCF718FF401B02288C
:105DA000F5D90320B5E10E4AD36823F07C53216A6C
:105DB00043EA0163D360DBE7094A136823F08003F9
:105DC0001360FCF703FF0546054B1B6813F4807F47
:105DD000CED0FCF7FBFE401B0228F5D9032098E14A
:105DE000004402589D4A536F23F001035367FCF7A8
:105DF000EDFE0546994B5B6F13F0020F06D0FCF7E2
:105E0000E5FE401B0228F5D9032082E1236813F048
:105E1000200F29D0A3699BB1904A136843F48053A3
:105E20001360FCF7D3FE05468C4B1B6813F4005F30
:105E30001AD1FCF7CBFE401B0228F5D9032068E1FC
:105E4000864A136823F480531360FCF7BFFE0546AF
:105E5000824B1B6813F4005F06D0FCF7B7FE401BB3
:105E60000228F5D9032054E1236813F0040F21D14F
:105E7000636A002B00F04C81784A126902F0380204
:105E8000182A00F0F380022B75D0744A136823F0AF
:105E900080731360FCF79AFE0446704B1B6813F086
:105EA000007F00F0D880FCF791FE001B0228F4D997
:105EB00003202EE16A4A136843F480731360FCF7F1
:105EC00085FE0546664B1B6813F4807F06D1FCF700
:105ED0007DFE401B6428F5D903201AE1A368012B3D
:105EE0000AD00BBB5D4B1A6F22F001021A671A6FC2
:105EF00022F004021A6704E0584A136F43F00103CA
:105F00001367A36833B3FCF761FE0546534B1B6F61
:105F100013F0020FACD1FCF759FE401B41F288335D
:105F20009842F3D90320F4E0052B09D04B4B1A6FAC
:105F300022F001021A671A6F22F004021A67E0E7E2
:105F4000464B1A6F42F004021A671A6F42F00102C0
:105F50001A67D6E7FCF73AFE0546404B1B6F13F075
:105F6000020F85D0FCF732FE401B41F28833984285
:105F7000F3D90320CDE0394A136823F0807313600E
:105F8000FCF724FE0546354B1B6813F0007F06D056
:105F9000FCF71CFE401B0228F5D90320B9E02F4B6B
:105FA000996A304A0A40A16AE06A41EA00110A434C
:105FB0009A62226B013AC2F30802616B013949020D
:105FC00089B20A43A16B0139090401F4FE010A43B5
:105FD000E16B0139090601F0FE410A431A63DA6AEE
:105FE00022F00102DA62596B1F4A0A40A16C42EAB0
:105FF000C1025A63DA6A22F00C02216C0A43DA62A7
:10600000DA6A22F00202616C0A43DA62DA6A42F466
:106010008032DA62DA6A42F40032DA62DA6A42F430
:106020008022DA62DA6A42F00102DA621A6842F029
:1060300080721A60FCF7CAFD0446084B1B6813F017
:10604000007F06D1FCF7C2FD001B0228F5D9032012
:106050005FE000205DE000205BE000BF00440258EC
:10606000004802580CFCFFFF0700FFFF30498A6A16
:10607000086B012B4ED002F00303A16A8B424BD177
:10608000C2F30512E36A9A4248D1C0F30802236BB7
:10609000013B9A4244D1C0F34622636B013B9A42D2
:1060A00040D1C0F30642A36B013B9A423CD1C0F3FE
:1060B0000660E36B013B984238D11D4B5B6BC3F329
:1060C000CC03A26C9A4201D1002022E0184AD36A84
:1060D00023F00103D362FCF779FD0546FCF776FD5A
:1060E000A842FBD0124A516B124B0B40A16C43EA01
:1060F000C1035363D36A43F00103D362002008E075
:1061000001207047012004E0012002E0012000E0AE
:10611000002038BD0120FCE70120FAE70120F8E764
:106120000120F6E70120F4E70120F2E70120F0E783
:10613000004402580700FFFF744B1B6903F038034B
:10614000102B00F0DE80182B10D00BB17048704778
:106150006E4B1B6813F0200F00F0D5806B4B186856
:10616000C0F3C1006B4B23FA00F0704710B4674ACC
:10617000916A01F00301946AC4F30510D36A03F035
:10618000010C536BC3F3CC030CFB03F307EE903A03
:10619000F8EE677A14F47C7F00F09380012965D0D3
:1061A000022900F09180E1B107EE100AF8EE476A8B
:1061B0009FED596A86EE267A544B1B6BC3F3080396
:1061C00006EE903AF8EE666A9FED546A67EE867ABC
:1061D00076EEA77AF7EE006A77EEA67A27EE277AB0
:1061E00060E0136813F0200F23D011461268C2F349
:1061F000C102484BD34007EE103AF8EE476A07EE6B
:10620000100AB8EE476A86EE867A0B6BC3F3080372
:1062100006EE903AF8EE666A9FED406A67EE867A7F
:1062200076EEA77AF7EE006A77EEA67A27EE277A5F
:1062300038E007EE100AF8EE476A9FED396A86EEFD
:10624000267A324B1B6BC3F3080306EE903AF8EE46
:10625000666A9FED326A67EE867A76EEA77AF7EE87
:10626000006A77EEA67A27EE277A1BE007EE100A7F
:10627000F8EE476A9FED286A86EE267A234B1B6B61
:10628000C3F3080306EE903AF8EE666A9FED236AC0
:1062900067EE867A76EEA77AF7EE006A77EEA67A50
:1062A00027EE277A194B1B6BC3F34623013307EE06
:1062B000903AF8EE677AC7EE276AFCEEE67A17EEB8
:1062C000900A5DF8044B704707EE100AF8EE476A33
:1062D0009FED146A86EE267A0C4B1B6BC3F3080302
:1062E00006EE903AF8EE666A9FED0C6A67EE867AE3
:1062F00076EEA77AF7EE006A77EEA67A27EE277A8F
:10630000D0E7094870470348704700BF004402586F
:1063100000093D000090D0030024744A00000039B9
:106320000024744C001BB74B00366E01002800F0AF
:10633000328170B50D4604469B4B1B6803F00F037A
:106340008B420BD2984A136823F00F030B43136060
:10635000136803F00F038B4240F01F81236813F092
:10636000040F0CD02269914B9B6903F070039A4291
:1063700005D98E498B6923F070031A438A6123681B
:1063800013F0080F0CD06269884BDB6903F07003CF
:106390009A4205D98549CB6923F070031A43CA6133
:1063A000236813F0100F0CD0A269804BDB6903F453
:1063B000E0639A4205D97D49CB6923F4E0631A432F
:1063C000CA61236813F0200F0CD0E269774B1B6A77
:1063D00003F070039A4205D974490B6A23F07003E5
:1063E0001A430A62236813F0020F0CD0E2686F4B65
:1063F0009B6903F00F039A4205D96C498B6923F01E
:106400000F031A438A61236813F0010F41D0674AD2
:10641000936923F47063A1680B4393616368022B53
:106420000AD0032B27D0012B2CD0604A126812F01F
:10643000040F06D10120ADE0126812F4003F00F015
:10644000AE805A490A6922F0070213430B61FCF738
:10645000BDFB0646554B1B6903F038036268B3EB7E
:10646000C20F16D0FCF7B2FB801B41F28833984272
:10647000F0D903208EE04D4A126812F0007FE0D17F
:10648000012087E0494A126812F4807FD9D10120A7
:1064900080E0236813F0020F0CD0E268434B9B6945
:1064A00003F00F039A4205D240498B6923F00F0392
:1064B0001A438A613C4B1B6803F00F03AB420AD9B5
:1064C000394A136823F00F032B431360136803F05A
:1064D0000F03AB4265D1236813F0040F0CD022697F
:1064E000324B9B6903F070039A4205D22F498B69A6
:1064F00023F070031A438A61236813F0080F0CD04D
:1065000062692A4BDB6903F070039A4205D227497E
:10651000CB6923F070031A43CA61236813F0100F8C
:106520000CD0A269214BDB6903F4E0639A4205D2E7
:106530001E49CB6923F4E0631A43CA61236813F050
:10654000200F0CD0E269194B1B6A03F070039A42CA
:1065500005D216490B6A23F070031A430A62FFF74B
:10656000EBFD12498B69C3F30323114AD35C03F09B
:106570001F03D8408B6903F00F03D35C03F01F03A4
:1065800020FA03F30B4A13600B4B18600B4B18688F
:10659000FBF75EFD70BD012070470120FAE7012086
:1065A000F8E70120F6E700BF00200052004402583F
:1065B000440D020804000024000000240C00002404
:1065C00008B5FFF7B9FD0B4A9369C3F303230A49E2
:1065D000CB5C03F01F0320FA03F3926902F00F0271
:1065E000885C00F01F0023FA00F0044A1060044A9F
:1065F000136008BD00440258440D02080400002442
:106600000000002408B5FFF7DBFF054BDB69C3F38F
:106610000213044AD35C03F01F03D84008BD00BF37
:1066200000440258440D020808B5FFF7C9FF054BA6
:10663000DB69C3F30223044AD35C03F01F03D84091
:1066400008BD00BF00440258440D02083F23036008
:10665000114B1A6902F0070242609A6902F47062F3
:1066600082609A6902F00F02C2609A6902F07002B9
:106670000261DA6902F070024261DA6902F4E062F2
:1066800082611B6A03F07003C361044B1B6803F053
:106690000F030B60704700BF0044025800200052F7
:1066A000404B9B6A03F00303032B79D070B505467A
:1066B0000E463C4A136823F080631360FCF786FAA9
:1066C0000446384B1B6813F0006F06D0FCF77EFAC7
:1066D000031B022BF5D9032070BD324B9A6A22F4BA
:1066E0007C32296842EA01329A626A68013AC2F34E
:1066F0000802A9680139490289B20A43E9680139E7
:10670000090401F4FE010A4329690139090601F06F
:10671000FE410A439A63DA6A22F0C00269690A43B9
:10672000DA62DA6A22F02002A9690A43DA62DA6AD6
:1067300022F01002DA62D96B1B4A0A40E96942EA88
:10674000C102DA63DA6A42F01002DA62C6B91A46A6
:10675000DB6A43F40023D362124A136843F0806378
:106760001360FCF733FA04460E4B1B6813F0006FFE
:1067700014D1FCF72BFA001B0228F5D90320ABE754
:10678000012E05D0074AD36A43F40013D362E3E72E
:10679000044AD36A43F48013D362DDE700209BE709
:1067A00001207047004402580700FFFF404B9B6ADE
:1067B00003F00303032B79D070B505460E463C4A1F
:1067C000136823F080531360FCF700FA0446384B3B
:1067D0001B6813F0005F06D0FCF7F8F9031B022BCF
:1067E000F5D9032070BD324B9A6A22F07C72296879
:1067F00042EA01529A626A68013AC2F30802A96841
:106800000139490289B20A43E9680139090401F4EE
:10681000FE010A4329690139090601F0FE410A43D4
:106820001A64DA6A22F4406269690A43DA62DA6A4F
:1068300022F40072A9690A43DA62DA6A22F48072E9
:10684000DA62596C1B4A0A40E96942EAC1025A6499
:10685000DA6A42F48072DA62C6B91A46DB6A43F435
:106860008003D362124A136843F080531360FCF72D
:10687000ADF904460E4B1B6813F0005F14D1FCF712
:10688000A5F9001B0228F5D90320ABE7012E05D09E
:10689000074AD36A43F08073D362E3E7044AD36ABA
:1068A00043F40003D362DDE700209BE7012070473B
:1068B000004402580700FFFFF8B50446036813F0D0
:1068C000006F30D0436EB3F5001F26D00ED8EBB169
:1068D000B3F5801F07D102210830FFF7E1FE05461E
:1068E00045B12E4621E0012635461EE0B3F5401F96
:1068F00009D100259F4A136D23F44013616E0B43A9
:106900001365002611E0012635460EE0994AD36A48
:1069100043F40033D3620025ECE702212830FFF76F
:1069200045FF0546DCE700263546236813F4807FE3
:1069300027D0A36D042B20D8DFE803F0031118083B
:1069400008008C4AD36A43F40033D362C5B9894A3C
:10695000136D23F00703A16D0B43136511E00021B4
:1069600004F10800FFF79CFE0546EFE7002104F163
:106970002800FFF71BFF0546E8E70126354600E043
:106980002E46236813F4806F22D0D4F8A430B3F5D8
:10699000800F3FD00DD8BBB3B3F5001F06D1002147
:1069A00004F10800FFF77CFE054608E001263546A5
:1069B0000EE0B3F5000F02D0B3F5200F1ED185BB5A
:1069C0006C4A936D23F46003D4F8A4100B439365D1
:1069D000236813F4006F39D0D4F8A830B3F1007FE6
:1069E0005AD023D8002B51D0B3F1807F1BD1002186
:1069F00004F10800FFF754FE05461DE0B3F5C00F93
:106A0000DDD001263546E3E75A4AD36A43F4003322
:106A1000D362D4E7002104F12800FFF7C7FE054642
:106A2000CDE72E46D4E7012635460FE0B3F1806F5F
:106A300002D0B3F1A06F23D1002D34D14D4A936D14
:106A400023F0E063D4F8A8100B439365236813F098
:106A5000007F31D0E36C202B42D029D833B1102BEA
:106A600023D1444AD36A43F40033D362002D3ED18C
:106A7000404AD36C23F03003E16C0B43D3641BE03A
:106A8000B3F1407FD8D001263546DFE7394AD36AD3
:106A900043F40033D362CFE7002104F12800FFF76D
:106AA00085FE0546C8E72E46D0E70126354603E0B9
:106AB000302BDBD001263546236813F4805F3BD0B2
:106AC000E36DB3F5005F2FD016D83BB3B3F5805F0D
:106AD0000FD1002104F10800FFF7E2FD054611E0A7
:106AE000022104F10800FFF7DBFD0546BEE72E4654
:106AF000E2E7012635461FE0B3F5405F02D0B3F56B
:106B0000804F08D1BDB91B4A136D23F4E043E16DFA
:106B10000B43136510E0012635460DE0154AD36A94
:106B200043F40033D362EDE7002104F12800FFF7BE
:106B30003DFE0546E6E72E46236813F4005F29D0A4
:106B4000236EB3F5003F44D019D843B1B3F5803F6D
:106B500012D1012104F10800FFF7A2FD0546002D26
:106B60003ED1044A136D23F4E023216E0B431365D9
:106B700010E000BF00440258012635460AE0B3F594
:106B8000802FECD0B3F5A02FE9D0B3F5403FE6D08D
:106B900001263546236813F4804F31D0D4F8AC3049
:106BA000B3F1005F45D020D843B1B3F1805F19D174
:106BB000012104F10800FFF773FD0546002D3FD1C8
:106BC0008F4A936D23F0E043D4F8AC100B439365E8
:106BD00016E0012104F12800FFF7E8FD0546BEE7B5
:106BE0002E46D7E7012635460AE0B3F1804FE5D0BF
:106BF000B3F1A04FE2D0B3F1405FDFD001263546BC
:106C0000236813F4004F09D0E36EB3F1805F19D00D
:106C1000B3F1005F24D0D3B101263546236813F0C9
:106C2000807F33D0A36C032B5BD8DFE803F02722EF
:106C30005327012104F12800FFF7B8FD0546BDE701
:106C40002E46DDE76E4AD36A43F40033D36275B94A
:106C50006B4A136D23F04053E16E0B431365DDE780
:106C6000012104F10800FFF71BFD0546EFE72E4662
:106C7000D4E7634AD36A43F40033D362A5BB604AC6
:106C8000D36C23F00303A16C0B43D364236813F488
:106C9000800F2BD1236813F0010F00F0A380A36FA6
:106CA000282B00F29D80DFE803F08B9B9B9B9B9B36
:106CB0009B9B859B9B9B9B9B9B9B949B9B9B9B9B41
:106CC0009B9B8B9B9B9B9B9B9B9B8B9B9B9B9B9B34
:106CD0009B9B8B00022104F10800FFF7E1FC0546B5
:106CE000CCE701263546D1E72E46CFE7454A136863
:106CF00043F480731360FBF769FF0746414B1B6841
:106D000013F4807F05D1FBF761FFC01B6428F5D920
:106D10000325002D4AD13A4B1B6FD4F8B0205340C5
:106D200013F4407F0CD0364B1A6F22F44072196F67
:106D300041F480311967196F21F4803119671A679E
:106D4000D4F8B030B3F5807F15D08DBBD4F8B03017
:106D500003F44072B2F5407F1ED0294A136923F430
:106D60007C53136126490B6FD4F8B020C2F30B0299
:106D700013430B678EE7FBF729FF0746204B1B6F7A
:106D800013F0020FE1D1FBF721FFC01B41F2883362
:106D90009842F3D90325D8E71948026922F47C52B6
:106DA000194901EA131313430361DBE72E4671E728
:106DB0002E466FE7012104F10800FFF771FC05463C
:106DC000E5B90F4A536D23F03803A16F0B435365A8
:106DD00008E0012104F12800FFF7E8FC0546EFE791
:106DE00001263546236813F0020F1DD0636F052B73
:106DF0002ED8DFE803F0110B261111112E46F1E712
:106E00000044025800480258CFFFFF00012104F15E
:106E10000800FFF745FC0546EDB9A94A536D23F07C
:106E20000703616F0B435365236813F0040F23D0EE
:106E3000D4F89030052B45D8DFE803F0150F3D1549
:106E40001515012104F12800FFF7B0FC0546E3E722
:106E500001263546E8E72E46E6E7012104F1080061
:106E6000FFF71EFC054685BB954A936D23F007038B
:106E7000D4F890100B439365236813F0200F34D09F
:106E8000D4F88C30B3F1005F4ED023D843B1B3F1C6
:106E9000805F1CD1002104F10800FFF701FC0546CA
:106EA000002D48D1864A536D23F0E043D4F88C106E
:106EB0000B43536519E0012104F12800FFF776FC2C
:106EC0000546D0E701263546D6E72E46D4E701260B
:106ED00035460AE0B3F1804FE2D0B3F1A04FDFD0E6
:106EE000B3F1405FDCD001263546236813F0400F34
:106EF00031D0D4F89830B3F5006F4DD020D843B1DD
:106F0000B3F5806F19D1002104F10800FFF7C8FB29
:106F10000546002D47D16A4A936D23F4E053D4F817
:106F200098100B43936516E0022104F12800FFF747
:106F30003DFC0546B4E72E46D7E7012635460AE074
:106F4000B3F5805FE5D0B3F5A05FE2D0B3F5406F55
:106F5000DFD001263546236813F0800F33D0D4F8F4
:106F60009C30B3F5804F00F0A18021D843B1B3F538
:106F7000005F1AD1002104F10800FFF791FB0546DC
:106F8000002D40F09A804E4A936D23F46043D4F86C
:106F90009C100B43936516E0022104F12800FFF7D3
:106FA00005FC0546B5E72E46D5E7012635460AE03D
:106FB000B3F5004FE4D0B3F5204FE1D0B3F5C04FA7
:106FC000DED001263546236813F0080F0CD0D4F824
:106FD0008030B3F5805F75D0394A536D23F4405348
:106FE000D4F880100B435365236813F0100F0CD0B6
:106FF000D4F89430B3F5807F6DD0314A936D23F48B
:107000004073D4F894100B439365236813F4002F56
:107010000BD0D4F8A030B3F5803F75D0B3F5003F66
:1070200068D0002B60D001263546236813F4802FEA
:107030000CD0D4F88430B3F5001F7DD0B3F5401FD9
:1070400070D0B3F5801F68D001263546236813F44D
:10705000803F08D0236D002B77D0B3F5803F00F040
:10706000828001263546236813F0005F40F084805B
:10707000236813F4003F00F08C80E36FB3F5807F4A
:1070800000F0DF8040F28280B3F5007F03D0B3F5DB
:10709000407F40F0D480002D40F0D980084A536DE5
:1070A00023F44073E16F0B43536572E0022104F156
:1070B0002800FFF77BFB054662E72E4683E700BF0B
:1070C00000440258022104F12800FFF76FFB00285A
:1070D00082D0012680E7022104F12800FFF766FB39
:1070E00000288AD0012688E7002104F10800FFF774
:1070F000D7FA05467DB9724A936D23F44033D4F82C
:10710000A0100B43936590E7022104F12800FFF7DC
:107110004DFB0546EEE72E4687E7694AD36A43F4FE
:107120000033D3627DB9664A536D23F44013D4F81B
:1071300084100B43536589E7012104F12800FFF710
:1071400035FB0546EEE72E4680E75D4AD36A43F4F9
:107150000033D36275B95A4AD36C23F48033216D5E
:107160000B43D3647FE7022104F10800FFF798FA8C
:107170000546EFE72E4676E7022104F12800FFF7E7
:1071800015FB00283FF474AF012671E7002B82D075
:107190000126236813F4801F06D0494A136D23F09B
:1071A0000043216F0B431365236813F4001F06D0BF
:1071B000434A136D23F08073A16E0B43136523685C
:1071C00013F0804F09D03E4B1A6922F400421A6135
:1071D0001A69D4F8B4100A431A612368002B06DA3E
:1071E000374AD36C23F04053616D0B43D36423685B
:1071F00013F4000F07D0324A536D23F44003D4F840
:1072000088100B435365636813F0010F21D1636845
:1072100013F0020F26D1636813F0040F2BD16368BB
:1072200013F0080F30D1636813F0100F35D1636885
:1072300013F0200F3AD106B101263046F8BD0126E1
:10724000A7E71F4AD36A43F40033D36223E72E46ED
:107250009FE7002104F10800FFF722FA0028D6D0AA
:107260000646D4E7012104F10800FFF719FA0028C7
:10727000D1D00646CFE7022104F10800FFF710FA4B
:107280000028CCD00646CAE7002104F12800FFF709
:107290008DFA0028C7D00646C5E7012104F1280071
:1072A000FFF784FA0028C2D00646C0E7022104F1A5
:1072B0002800FFF77BFA0028BDD00646BBE700BFD9
:1072C0000044025808B5FFF77BF9054B1B6AC3F36E
:1072D0000213044AD35C03F01F03D84008BD00BF6B
:1072E00000440258440D020810B5774A916A946A26
:1072F000C4F3053ED36AC3F3001CD36BC3F3CC03C2
:107300000CFB03F314F47C3F00F0D88001F0030180
:1073100007EE903AF8EE677A012965D0022900F06D
:10732000B080E1B107EE10EAB8EE477A9FED676AE8
:10733000C6EE076A644B9B6BC3F3080307EE103A73
:10734000B8EE477A9FED626A67EE867A77EE277A23
:10735000B7EE007A77EE877A66EEA76A60E0136888
:1073600013F0200F23D011461268C2F3C102594B0B
:10737000D34007EE103AB8EE477A06EE90EAB8EE40
:10738000666AC7EE066A8B6BC3F3080307EE103A12
:10739000B8EE477A9FED4E6A67EE867A77EE277AE7
:1073A000B7EE007A77EE877A66EEA76A38E007EEE6
:1073B00010EAB8EE477A9FED486AC6EE076A424B7C
:1073C0009B6BC3F3080307EE103AB8EE477A9FEDC4
:1073D000406A67EE867A77EE277AB7EE007A77EE24
:1073E000877A66EEA76A1BE007EE10EAB8EE477AE6
:1073F0009FED366AC6EE076A334B9B6BC3F30803F7
:1074000007EE103AB8EE477A9FED316A67EE867A5A
:1074100077EE277AB7EE007A77EE877A66EEA76A7C
:10742000294A936BC3F3462307EE103AB8EE477A26
:10743000B7EE006A37EE067AC6EE877AFCEEE77A98
:10744000C0ED007A936BC3F3064307EE103AB8EE33
:10745000477A37EE067AC6EE877AFCEEE77AC0ED19
:10746000017A936BC3F3066307EE903AF8EE677AFE
:1074700077EE867A86EEA77ABCEEC77A80ED027A3E
:1074800010BD07EE10EAB8EE477A9FED146AC6EE1B
:10749000076A0D4B9B6BC3F3080307EE103AB8EE77
:1074A000477A9FED0B6A67EE867A77EE277AB7EE1A
:1074B000007A77EE877A66EEA76AB1E70023036069
:1074C00043608360DCE700BF004402580024744A34
:1074D000000000390090D0030024744C001BB74B0F
:1074E00010B5774A916A946AC4F3055ED36AC3F310
:1074F000002C536CC3F3CC030CFB03F314F07C7F20
:1075000000F0D88001F0030107EE903AF8EE677AB8
:10751000012965D0022900F0B080E1B107EE10EA40
:10752000B8EE477A9FED676AC6EE076A644B1B6C3C
:10753000C3F3080307EE103AB8EE477A9FED626A8C
:1075400067EE867A77EE277AB7EE007A77EE877A5B
:1075500066EEA76A60E0136813F0200F23D011468F
:107560001268C2F3C102594BD34007EE103AB8EE8D
:10757000477A06EE90EAB8EE666AC7EE066A0B6CCA
:10758000C3F3080307EE103AB8EE477A9FED4E6A50
:1075900067EE867A77EE277AB7EE007A77EE877A0B
:1075A00066EEA76A38E007EE10EAB8EE477A9FED7C
:1075B000486AC6EE076A424B1B6CC3F3080307EE2A
:1075C000103AB8EE477A9FED406A67EE867A77EE1A
:1075D000277AB7EE007A77EE877A66EEA76A1BE025
:1075E00007EE10EAB8EE477A9FED366AC6EE076AF4
:1075F000334B1B6CC3F3080307EE103AB8EE477A1F
:107600009FED316A67EE867A77EE277AB7EE007AD9
:1076100077EE877A66EEA76A294A136CC3F346238E
:1076200007EE103AB8EE477AB7EE006A37EE067A00
:10763000C6EE877AFCEEE77AC0ED007A136CC3F3EE
:10764000064307EE103AB8EE477A37EE067AC6EEF2
:10765000877AFCEEE77AC0ED017A136CC3F3066318
:1076600007EE903AF8EE677A77EE867A86EEA77A9A
:10767000BCEEC77A80ED027A10BD07EE10EAB8EED4
:10768000477A9FED146AC6EE076A0D4B1B6CC3F375
:10769000080307EE103AB8EE477A9FED0B6A67EEE3
:1076A000867A77EE277AB7EE007A77EE877A66EEFB
:1076B000A76AB1E70023036043608360DCE700BF93
:1076C000004402580024744A000000390090D0039E
:1076D0000024744C001BB74B10B4026853699169C5
:1076E00041F00801916101688A6942F010028A61E3
:1076F00001680A6822F001020A6001680C69294ADF
:1077000022400A6101688A6822F440428A6090F847
:107710008120D2B2042A0DD013F0200F0AD0D0F865
:10772000842042F08002C0F8842001688A6942F017
:1077300020028A6190F88120D2B2032A0DD013F082
:10774000400F0AD0D0F8842042F00402C0F8842010
:1077500001688A6942F040028A6113F4007F0AD00E
:10776000D0F8842042F00102C0F8842001688A69C0
:1077700042F400728A6113F4807F0AD0D0F884301A
:1077800043F00803C0F884300268936943F48073BF
:1077900093610023A0F86230A0F86A305DF8044BD2
:1077A000704700BF90FCFFFFC36B5B09C0680830E7
:1077B000C00803FB000070472DE9F04107460E4664
:1077C00015461C46DDF8188000E0B4B13B685B69E3
:1077D00036EA03030CBF01230023AB420AD1FBF7B7
:1077E000F5F9A0EB0800A042EFD3B4F1FF3FECD0D5
:1077F000032000E00020BDE8F0810320FBE700004B
:10780000002800F0B78070B5044600238362056845
:107810005C4B5D4E9D4218BFB54214BF0126002649
:1078200007D0A3F574439D4203D0C3680F2B00F229
:10783000A3802046FFF7B8FF2EB1544B9D4202D0E3
:10784000082800F29B804F4A4F4B9D4218BF95423B
:1078500003D003F580639D4202D1102800F290808E
:1078600094F88130F3B1022384F8813022681368E0
:1078700023F00103136021688A6802F4F812A369F7
:10788000B3F1806F14D0636813F4800F23D0E368E2
:10789000062B20D921680B6823F48073206D0343E5
:1078A0000B601DE084F880302046FAF7B1FADAE781
:1078B0006368B3F5800F06D0002BE4D1A36BB3F15E
:1078C000805FE0D102E0A06B0028F5D10B6843F4A3
:1078D00080530B60D7E721680B6823F480730B603B
:1078E000E369A16A0B431343E26B1343E168226827
:1078F0000B439360636B626A1343A26B1343A269E9
:1079000013432269134362691343226A1343626873
:107910001343E26C1343A2681343A26C1343A16D9B
:1079200022680B43D36063686BB92268936823F4C1
:10793000C05343F4006393602268936823F4C063E8
:1079400043F4806393602268136D23F00103136591
:10795000636813F4800F06D02268D36823F00043D5
:10796000616D0B43D3600020C4F88400012384F8C8
:10797000813070BD012070470120FAE70120F8E74F
:107980000120F6E70030014000380040003C004094
:107990002DE9F04782B004468A4691461D46D0F84C
:1079A0000080FBF713F994F88160F6B2012E40F0E5
:1079B00048810746B9F1000F18BFBAF1000F00F077
:1079C000418194F88030012B00F04081012384F83C
:1079D0008030032384F881300023C4F88430C4F855
:1079E0005CA0A4F86090A4F862906366A4F8683084
:1079F000A4F86A3063672367A368B3F5C02F1CD06F
:107A00002268D36823F4C02343F40033D36023688F
:107A100059688F4A0A4049EA02025A60226813688C
:107A200043F0010313606368B3F5800F0BD0E36884
:107A30000F2B1BD8072B4DD8ACE02268136843F4FA
:107A400000631360E3E72268136843F40073136074
:107A5000EDE7E26D12681A62E36D0433E365B4F892
:107A6000622092B2013A92B2A4F86220B4F8623075
:107A70009BB2002B00F0C98023685A6912F0020FF4
:107A8000E7D1FBF7A3F8C01BA84202D3B5F1FF3F33
:107A900001D1002DEAD12046FFF71EFED4F8843034
:107AA00043F48073C4F88430012384F881300023C8
:107AB00084F880300326C5E0E36D1B88A8F82030E9
:107AC000E36D0233E365B4F862309BB2013B9BB2D5
:107AD000A4F86230B4F862309BB2002B00F09580BD
:107AE0002268536913F0020F15D0B4F862309BB2CC
:107AF000012BE1D9E36B002BDED0E36D1B68136231
:107B0000E36D0433E365B4F862309BB2023B9BB291
:107B1000A4F86230DEE7FBF759F8C01BA84202D395
:107B2000B5F1FF3F01D1002DD4D12046FFF7D4FDA0
:107B3000D4F8843043F48073C4F88430012384F88B
:107B40008130002384F8803003267BE0B4F8623073
:107B50009BB2012B10D9E36B73B1E36D1B88A8F8BE
:107B60002030E36D0233E365B4F862309BB2023B30
:107B70009BB2A4F862300DE0E36D1B7882F82030F0
:107B8000E36D0133E365B4F862309BB2013B9BB215
:107B9000A4F86230B4F862309BB2002B35D0226872
:107BA000536913F0020F15D0B4F862309BB2032B67
:107BB000CCD9E36B402BC9D9E36D1B681362E36D2D
:107BC0000433E365B4F862309BB2043B9BB2A4F883
:107BD0006230DFE7FAF7FAFFC01BA84202D3B5F123
:107BE000FF3F01D1002DD5D12046FFF775FDD4F818
:107BF000843043F48073C4F88430012384F88130E6
:107C0000002384F8803003261CE000972B460022D6
:107C100008212046FFF7D0FD28B1D4F8843043F086
:107C20002003C4F884302046FFF756FD012384F872
:107C30008130002384F88030D4F8843013B90026D2
:107C400000E00226304602B0BDE8F0870226F9E7E0
:107C50000000FFFF2DE9F04F83B004468A469146AD
:107C60001D46D0F800B0C66BC6F34F16FAF7AEFF4C
:107C700094F88170FFB2012F40F02F820136B6B226
:107C80008046B9F1000F18BFBAF1000F00F026824C
:107C9000002D00F0238294F88030012B00F0228226
:107CA000012384F88030052384F881300023C4F850
:107CB0008430C4F86490A4F86A50A4F86850C4F8FA
:107CC0005CA0A4F86250A4F8605023676367226840
:107CD000D36823F4C023D36022689C499C4B9A420A
:107CE00018BF8A4209D003F580639A4202D04FF050
:107CF000080904E04FF0100901E04FF01009516845
:107D0000944B0B402B4353602268136843F00103EC
:107D100013606368B3F5800F06D0E3680F2B7AD940
:107D20004FEA990BA9461FE02268136843F40073D9
:107D30001360F2E723685A69B9F1000F14D059694A
:107D400011F0010F32D0626E1B6B1360636E04334F
:107D50006366B4F86A309BB2013B9BB2A4F86A3008
:107D6000B4F86A901FFA89F945EA09039BB2002B1F
:107D700000F0968123685A6912F0020FDAD0002DC4
:107D8000D8D005EB0B029145D4D2E26D12681A628D
:107D9000E36D0433E365B4F862309BB2013B9BB200
:107DA000A4F86230B4F86250ADB2C3E7B14514D262
:107DB00012F4004F11D0626E1B6B1360636E0433BC
:107DC0006366B4F86A309BB2013B9BB2A4F86A3098
:107DD000B4F86A901FFA89F9C6E7FAF7F7FEA0EB44
:107DE00008000C9B984202D3B3F1FF3F02D10C9BD9
:107DF000002BB9D12046FFF76FFCD4F8843043F450
:107E00008073C4F88430012384F88130002384F81F
:107E10008030032762E1072B40F240814FEA59038B
:107E20009A46A9461AE023685A69B9F1000F15D09D
:107E30005B6913F0010F34D0636EBBF830201A80F9
:107E4000636E02336366B4F86A309BB2013B9BB247
:107E5000A4F86A30B4F86A901FFA89F945EA090370
:107E60009BB2002B00F01C8123685B6913F0020FAA
:107E7000D9D0002DD7D05346EB189945D3D2E36D16
:107E80001B88ABF82030E36D0233E365B4F8623051
:107E90009BB2013B9BB2A4F86230B4F86250ADB221
:107EA000C1E7B1451BD212F4004F18D0636EBBF886
:107EB00030201A80636E9A1C6266BBF830205A80AC
:107EC000636E02336366B4F86A309BB2023B9BB2C6
:107ED000A4F86A30B4F86A901FFA89F9BEE7B9F1DC
:107EE000010F15D112F4005F12D0636EBBF8302081
:107EF0001A80636E02336366B4F86A309BB2013B4A
:107F00009BB2A4F86A30B4F86A901FFA89F9A5E721
:107F1000FAF75CFEA0EB08000C9B984202D3B3F189
:107F2000FF3F02D10C9B002B98D12046FFF7D4FBDA
:107F3000D4F8843043F48073C4F88430012384F887
:107F40008130002384F880300327C7E000300140EF
:107F5000003800400000FFFF23685A69BBF1000FA2
:107F600015D0596911F0010F34D0626E93F830309A
:107F70001370636E01336366B4F86A309BB2013BE1
:107F80009BB2A4F86A30B4F86AB01FFA8BFB45EADA
:107F90000B039BB2002B00F0838023685A6912F018
:107FA000020FD9D0002DD7D005EB09029345D3D2CB
:107FB000E26D127883F82020E36D0133E365B4F8B5
:107FC00062309BB2013B9BB2A4F86230B4F86250BD
:107FD000ADB2C1E7B3452AD212F4004F27D0626E8A
:107FE00093F830301370636E5A1C6266226892F800
:107FF00030205A70636E5A1C6266226892F83020F4
:108000005A70636E5A1C6266226892F830205A7069
:10801000636E01336366B4F86A309BB2043B9BB273
:10802000A4F86A30B4F86AB01FFA8BFBAFE7BBF173
:10803000030F15D812F4C04F12D0626E93F830308F
:108040001370636E01336366B4F86A309BB2013B10
:108050009BB2A4F86A30B4F86AB01FFA8BFB96E7BB
:10806000FAF7B4FDA0EB08000C9B984202D3B3F1E1
:10807000FF3F02D10C9B002B89D12046FFF72CFB40
:10808000D4F8843043F48073C4F88430012384F836
:108090008130002384F8803003271FE0AB4676E769
:1080A000CDF800800C9B002208212046FFF784FBBE
:1080B00028B1D4F8843043F02003C4F8843020463B
:1080C000FFF70AFB012384F88130002384F8803015
:1080D000D4F8843013B9002700E00227384603B0F3
:1080E000BDE8F08F0227F9E7704770477047704787
:1080F00008B5806B0023A0F86A30A0F86230012335
:1081000080F88130FFF7F3FF08BD70472DE9F84391
:10811000044606683269736902EA0305D6F80890D6
:1081200090F88170FFB213F4006F02D012F0080FC4
:108130003FD105F06403042B42D0002305F045082D
:10814000B8F1010F44D005F02602022A45D0002BD9
:1081500046D115F0080F79D02268936943F00803DF
:1081600093612268936943F01003936122689369D5
:1081700043F4006393612268136923F008031361D9
:1081800023689B6813F4404F3BD02046FFF7A4FAC6
:10819000012384F88130D4F88430002B4AD1052F94
:1081A0004CD0042F4ED0032F1AD12046FFF79CFF4E
:1081B00016E0B36943F40063B361FFF7A6FF0FE075
:1081C000636F20469847236F204698470123B5E701
:1081D000236F204698474346B5E7636F204698478C
:1081E000BDE8F883072B1CD9636E328E1A80636E4C
:1081F00002336366B4F86A309BB2013B9BB2A4F8C9
:108200006A30B4F86A309BB2002BBED0E3680F2B03
:10821000E8D92268636E126B1A60636E043363667A
:10822000E8E72268636E92F830201A70636E0133BB
:108230006366DFE72046FFF75AFFD1E72046FFF7E6
:1082400055FFCDE72046FFF750FFC9E715F4587FEB
:10825000C6D015F0400F0AD0D4F8843043F00403A0
:10826000C4F884302268936943F04003936115F4A5
:10827000007F0AD0D4F8843043F00103C4F884307E
:108280002268936943F40073936115F4807F0AD0E8
:10829000D4F8843043F00803C4F88430226893692A
:1082A00043F48073936115F0200F0AD0D4F8843022
:1082B00043F08003C4F884302268936943F02003BC
:1082C0009361D4F88430002B8AD02268136823F09D
:1082D00001031360226811691A4B0B40136109F402
:1082E0004049B9F5404F25D12268936823F44043B3
:1082F0009360E36F5BB1144A1A65E06FFBF784F992
:1083000028B1D4F8843043F04003C4F88430A36F1C
:10831000002B3FF465AF0C4A1A65A06FFBF774F9A8
:1083200000283FF45DAFD4F8843043F04003C4F834
:10833000843055E7012384F881302046FFF7D7FECB
:108340004EE700BF94FCFFFFF1800008F0B4036A21
:10835000026A22F001020262466884691F4A2240D2
:108360000D68154323F002038C6823431C4A1D4CFF
:10837000A04218BF90420CBF012200220CD004F58D
:108380008044A04214BF00240124174FB84203D0F8
:1083900014B9164CA04205D123F00803CC6823433E
:1083A00023F004035AB9124A904214BF002201225A
:1083B0000D4CA04203D012B90C4A904207D126F4CA
:1083C000407C4A6942EA0C0C8E6946EA0C0646601B
:1083D00085614A6842630362F0BC70478CFFFEFF10
:1083E00000000140000401400040014000480140FD
:1083F0000044014070B4036A026A22F4807202628F
:108400004568C4691A4A22400E68164323F4007373
:108410008A6843EA0223174A174CA04218BF9042C9
:108420000CBF0122002206D123F40063CC6843EA8A
:10843000042323F480635AB9104A904214BF0022E7
:1084400001220F4CA04203D012B90E4A904207D12C
:1084500025F4405C4A694CEA021C8D694CEA05151A
:108460004560C6614A68C263036270BC704700BF62
:108470008CFFFEFF00000140000401400044014069
:10848000004001400048014070B4036A026A22F4CF
:10849000805202624468C569144A2A400D6842EA63
:1084A000052223F400538D6843EA0533104E114D25
:1084B000A84218BFB0420DD005F58045A84214BFB0
:1084C0000025012506F58046B04203D015B90A4DB6
:1084D000A84204D124F480444D6944EA85144460E0
:1084E000C2614A680264036270BC7047FF8CFFFE81
:1084F00000000140000401400048014070B4036ADC
:10850000026A22F4803202624268456D144C2C40AB
:108510000D682C4323F400338D6843EA0543114E64
:10852000114DA84218BFB0420DD005F58045A842B4
:1085300014BF0025012506F58046B04203D015B9C9
:108540000A4DA84204D122F480324D6942EA052244
:10855000426044654A688265036270BC704700BF30
:108560008FFFFEFF00000140000401400048014071
:1085700070B4036A026A22F4801202624468456D94
:10858000144A2A400D6842EA052223F400138D683C
:1085900043EA0553104E114DA84218BFB0420DD00A
:1085A00005F58045A84214BF0025012506F5804643
:1085B000B04203D015B90A4DA84204D124F4802456
:1085C0004D6944EA8524446042654A68C265036295
:1085D00070BC7047FF8FFFFE0000014000040140A7
:1085E0000048014010B4036A046A24F001040462E4
:1085F000846924F0F00C4CEA021223F00A030B43C6
:10860000826103625DF8044B704710B4036A046A28
:1086100024F010040462846924F4704C4CEA0232A1
:1086200023F0A00343EA0113826103625DF8044B67
:10863000704700008268034B13400B4343F007036D
:10864000836070478FFFCFFF90F83D30DBB2012B86
:1086500042D1022380F83D300268D36843F0010321
:10866000D36003681E4AB3F1804F18BF934225D0F0
:10867000A2F57C42934221D002F5806293421DD044
:1086800002F58062934219D002F57842934215D0E8
:10869000A2F56C42934211D002F5943293420DD070
:1086A000A2F5C042934209D002F58062934205D000
:1086B0001A6842F001021A60002070479968094A5E
:1086C0000A40062A18BFB2F5803F07D01A6842F068
:1086D00001021A6000207047012070470020704797
:1086E0000000014007000100704770477047704765
:1086F00070B504460368DE681D6915F0020F10D0DE
:1087000016F0020F0DD06FF002021A6101230377F9
:1087100003689B6913F0030F64D0FFF7E6FF0023A3
:10872000237715F0040F12D016F0040F0FD0236832
:108730006FF004021A610223237723689B6913F404
:10874000407F55D02046FFF7D0FF0023237715F058
:10875000080F12D016F0080F0FD023686FF0080230
:108760001A61042323772368DB6913F0030F46D0D3
:108770002046FFF7BAFF0023237715F0100F12D021
:1087800016F0100F0FD023686FF010021A61082343
:1087900023772368DB6913F4407F37D02046FFF747
:1087A000A4FF0023237715F0010F02D016F0010F6C
:1087B00033D115F4025F02D016F0800F35D115F4D5
:1087C000807F02D016F0800F37D115F0400F02D015
:1087D00016F0400F39D115F0200F02D016F0200FFF
:1087E0003BD170BDFFF780FF2046FFF77FFF96E784
:1087F0002046FFF779FF2046FFF778FFA5E72046E0
:10880000FFF772FF2046FFF771FFB4E72046FFF73E
:108810006BFF2046FFF76AFFC3E723686FF0010292
:108820001A6120460FF078FCC3E723686FF4025208
:108830001A61204600F0BFFBC1E723686FF4807225
:108840001A61204600F0B8FBBFE723686FF04002D2
:108850001A612046FFF74BFFBDE723686FF0200247
:108860001A61204600F0A6FBBBE7000070B4036865
:108870003E4A904214BF00220122B0F1804F14BF43
:10888000144642F00104ACB9394DA84214BF00258A
:108890000125384EB0420DD065B905F1804505F58A
:1088A0008235A84214BF0025012506F50066B042B6
:1088B00000D01DB123F070034D682B4364BB2C4CDA
:1088C000A04214BF002401242A4DA84224D01CBB7E
:1088D00004F1804404F58234A04214BF0024012432
:1088E00005F50065A84217D0B4B9234CA04214BFC7
:1088F0000024012405F59A35A8420DD064B91F4C17
:10890000A04214BF0024012405F50065A84203D04D
:1089100014B91B4CA04203D123F44073CC68234309
:1089200023F080034C6923438C68C4620C68846222
:10893000144CA04208BF42F0010262B90E4A9042B4
:1089400014BF0022012204F57054A04203D012B9D2
:108950000D4A904201D10A690263026842F00402A2
:10896000026001224261036070BC70470000014058
:1089700000080040000400400044014000E00040C6
:1089800000E40040000401400048014060B310B51D
:10899000044690F83D3013B3022384F83D3021465D
:1089A00051F8040BFFF762FF012384F8483084F884
:1089B0003E3084F83F3084F8403084F8413084F809
:1089C000423084F8433084F8443084F8453084F8E9
:1089D000463084F8473084F83D30002010BD80F8E0
:1089E0003C30F9F723FDD7E70120704760B310B59D
:1089F000044690F83D3013B3022384F83D302146FD
:108A000051F8040BFFF732FF012384F8483084F853
:108A10003E3084F83F3084F8403084F8413084F8A8
:108A2000423084F8433084F8443084F8453084F888
:108A3000463084F8473084F83D30002010BD80F87F
:108A40003C30F9F7D9FCD7E70120704770B4036ACE
:108A5000026A22F010020262456884691A4A2240C2
:108A60000E6842EA062623F020038A6843EA0213CE
:108A7000164A174CA04218BF90420CBF0122002298
:108A800006D123F08003CC6843EA041323F04003AB
:108A90005AB9104A904214BF002201220E4CA04243
:108AA00003D012B90D4A904207D125F4406C4A69AF
:108AB0004CEA820C8D694CEA8505456086614A68FE
:108AC0008263036270BC7047FF8CFFFE00000140B0
:108AD00000040140004401400040014000480140C2
:108AE00038B590F83C30012B00F0958004460D46D7
:108AF000012380F83C30142A00F28880DFE802F07D
:108B00000B8686861F868686348686864886868677
:108B10005D86868671000068FFF718FC22689369FD
:108B200043F0080393612268936923F0040393617F
:108B30002268936929690B439361002067E000680C
:108B4000FFF784FF2268936943F40063936122680E
:108B5000936923F48063936122689369296943EAE6
:108B600001239361002052E00068FFF743FC226874
:108B7000D36943F00803D3612268D36923F0040367
:108B8000D3612268D36929690B43D36100203EE099
:108B90000068FFF779FC2268D36943F40063D3616E
:108BA0002268D36923F48063D3612268D369296979
:108BB00043EA0123D361002029E00068FFF79EFC0F
:108BC0002268536D43F0080353652268536D23F008
:108BD000040353652268536D29690B4353650020D4
:108BE00015E00068FFF7C4FC2268536D43F400638E
:108BF00053652268536D23F4806353652268536D77
:108C0000296943EA01235365002000E00120002385
:108C100084F83C3038BD0220FCE710B4846824F4AA
:108C20007F4C42EA03220A4342EA0C0282605DF86A
:108C3000044B704790F83C30012B00F08F8010B54A
:108C40000446012380F83C30022380F83D3002685E
:108C50009068434B034093600B68702B55D031D81C
:108C6000502B6CD00CD9602B2AD1CA684968206877
:108C7000FFF7CBFC60212068FFF7DCFC002035E02B
:108C8000402B0AD1CA6849682068FFF7ABFC402135
:108C90002068FFF7CFFC002028E05BD8202B07D00E
:108CA00003D9302B04D0012020E00BB1102B05D1CB
:108CB00019462068FFF7BEFC002017E0012015E0F0
:108CC000012013E0B3F5005F2CD00BD9254A934265
:108CD000EED012D9244A9342EAD010329342E7D020
:108CE000012003E0B3F5805F36D10020012384F832
:108CF0003D30002384F83C3010BDB3F5801FD7D041
:108D0000B3F1101FD4D00120F0E7CB684A6889681E
:108D10002068FFF782FF2268936843F0770393602F
:108D20000020E3E7CB684A6889682068FFF775FF91
:108D30002268936843F4804393600020D6E7CA68B2
:108D400049682068FFF74EFC50212068FFF772FC4D
:108D50000020CBE70120C9E70120C7E702207047C8
:108D60008800CEFF200010003000100001F01F012D
:108D7000012303FA01FC036A23EA0C030362036A7A
:108D800002FA01F10B4303627047000010B504467C
:108D90000846002956D194F83E30DBB2013B18BF9B
:108DA0000123002B40F0A380002876D1022384F811
:108DB0003E30012201462068FFF7D8FF23684E4964
:108DC0004E4A934218BF8B420BD002F57052934229
:108DD00007D002F58062934203D002F5806293428D
:108DE00003D15A6C42F400425A642368424AB3F1F8
:108DF000804F18BF93426CD0A2F57C42934268D05A
:108E000002F58062934264D002F58062934260D0A2
:108E100002F5784293425CD0A2F56C42934258D05E
:108E200002F59432934254D0A2F5C042934250D0FE
:108E300002F5806293424CD01A6842F001021A6037
:108E4000002055E004290CD0082911D00C2916D097
:108E500010291BD094F84330DBB2013B18BF01232B
:108E60009FE794F83F30DBB2013B18BF012398E73E
:108E700094F84030DBB2013B18BF012391E794F82E
:108E80004130DBB2013B18BF01238AE794F842303E
:108E9000DBB2013B18BF012383E7042809D008286F
:108EA0000BD00C280DD010280FD0022384F84330AB
:108EB0007FE7022384F83F307BE7022384F84030C9
:108EC00077E7022384F8413073E7022384F84230C5
:108ED0006FE799680A4A0A40062A18BFB2F5803F30
:108EE00007D01A6842F001021A60002000E0012059
:108EF00010BD0020FCE700BF00000140000401405D
:108F00000700010090F83C30012B4DD070B40123D4
:108F100080F83C30022380F83D3003685A689C6832
:108F2000224E234DAB4218BFB34203D122F470024C
:108F30004D682A4322F070020D682A435A60036884
:108F40001A4AB3F1804F18BF93421FD0A2F57C425A
:108F500093421BD002F58062934217D002F58062E3
:108F6000934213D002F5784293420FD0A2F56C429F
:108F700093420BD002F59432934207D0A2F5C0423F
:108F8000934203D002F58062934204D124F080041E
:108F90008A6814439C60012380F83D30002380F8E8
:108FA0003C30184670BC70470220704700000140FA
:108FB000000401407047704770470000026852E8A3
:108FC000003F23F4907342E800310029F6D1026893
:108FD00002F1080353E8001F0D4B0B40083242E832
:108FE00000310029F3D1C36E012B06D02023C0F835
:108FF0008C300023C36643677047026852E8003F25
:1090000023F0100342E800310029F6D1EEE700BF5B
:10901000FEFFFFEF704708B5026852E8003F23F0FB
:10902000400342E800310029F6D12023C0F88830FF
:1090300000238367FFF7EEFF08BD704708B5806B1C
:109040000023A0F85E30FFF7F8FF08BD70B50446B6
:109050000168CB6908688D6840F60F021A4008D194
:1090600013F0200F05D010F0200F34D115F0805FE1
:1090700031D12AB18B4A2A4033D18B4E304230D184
:10908000E26E012A00F0C68013F4801F03D015F4AD
:10909000800F40F0A98113F0800F07D010F0800FEF
:1090A00040F0A98115F4000F40F0A58113F0400FA6
:1090B00003D010F0400F40F0A58113F4000F03D04F
:1090C00010F0804F40F0A28113F0807F02D0002882
:1090D000C0F2A08170BD636F002BFBD02046984783
:1090E000F8E713F0010F09D010F4807F06D00126B5
:1090F0000E62D4F890103143C4F8901013F0020FB0
:109100000BD015F0010F08D0216802260E62D4F8AA
:10911000901041F00401C4F8901013F0040F0BD02C
:1091200015F0010F08D0216804260E62D4F89010C3
:1091300041F00201C4F8901013F0080F0BD010F0AA
:10914000200F00D13AB1226808211162D4F8902092
:109150000A43C4F8902013F4006F0CD010F0806F15
:1091600009D022684FF400611162D4F8902042F0D7
:109170002002C4F89020D4F89020002AAAD013F03E
:10918000200F09D010F0200F02D115F0805F03D01E
:10919000636F0BB120469847D4F8902023689B68F2
:1091A00013F0400F02D112F0280F2CD02046FFF709
:1091B00005FF23689B6813F0400F20D0226802F15E
:1091C000080353E8003F23F04003083242E800312F
:1091D0000029F3D1D4F880306BB1344A1A65D4F841
:1091E0008000FAF711FA00283FF474AFD4F8800039
:1091F000036D98476EE72046FFF71FFF6AE720469A
:10920000FFF71BFF66E72046FFF717FF0023C4F8B0
:1092100090305FE713F0100F3FF436AF10F0100FEF
:109220003FF432AF10230B6223689B6813F0400FAA
:1092300000F0A080D4F8802013681D481D498B429F
:1092400018BF834238D018318B4235D018318B4249
:1092500032D018318B422FD018318B422CD018319C
:109260008B4229D018318B4226D001F556718B42A2
:1092700022D018318B421FD018318B421CD01831AC
:109280008B4219D018318B4216D018318B4213D033
:1092900018318B4210D018318B420DD05B689BB2D5
:1092A0000CE000BF01000010200100043D90000808
:1092B00010000240280002405B689BB2002B49D09E
:1092C000B4F85C10994245D9A4F85E30D369B3F57F
:1092D000807F32D0226852E8003F23F4807342E856
:1092E00000310029F6D1226802F1080353E8003F5B
:1092F00023F00103083242E800310029F3D122684B
:1093000002F1080353E8003F23F04003083242E82B
:1093100000310029F3D12023C4F88C300023E36608
:10932000226852E8003F23F0100342E80031002990
:10933000F6D1D4F88000F9F7C7FF02232367B4F809
:109340005C10B4F85E309BB2C91A89B2204608F0AE
:109350003DFABFE6B4F85C1099427FF4BBAED36926
:10936000B3F5807F7FF4B6AE02232367204608F072
:109370002DFAAFE6B4F85C10B4F85E309BB2C91AAF
:1093800089B2B4F85E309BB2002B3FF4A3AE002943
:109390003FF4A0AE226852E8003F23F4907342E805
:1093A00000300028F6D1226802F1080353E8000FCC
:1093B0001A4B0340083242E800300028F3D1202342
:1093C000C4F88C300023E3666367226852E8003FEC
:1093D00023F0100342E800300028F6D1022323676F
:1093E000204608F0F3F975E64FF480130B6220462F
:1093F00000F0ECFC6EE6A36F002B3FF46BAE204652
:10940000984767E62046FFF706FE63E6204600F031
:10941000DFFC5FE6204600F0DAFC5BE6FEFFFFEFD4
:1094200070B586B0044601688368026913434269D7
:109430001343C26913430868904A024013430B6008
:109440002268536823F44053E1680B435360A169D9
:1094500022688B4B9A4201D0236A19439068894B4A
:1094600003400B4393602268D36A23F00F03616AC1
:109470000B43D3622268844B9A4229D0834B9A4291
:1094800000F09480824B9A4200F0AA80814B9A426D
:1094900000F0C080804B9A4200F0D6807F4B9A4209
:1094A00000F008817E4B9A4200F02D817D4B9A425C
:1094B00000F040817C4B9A4200F053817B4B9A42F2
:1094C00000F078816E4B9A4200F09D81802333E05A
:1094D000774B5B6D03F03803282B65D8DFE813F07A
:1094E0002900640064006400640064006400640097
:1094F000AB01640064006400640064006400640004
:109500002B00640064006400640064006400640074
:109510005E00640064006400640064006400640031
:10952000600064006400640064006400640064001F
:109530006200012300E0082351498A4200F094812F
:10954000E069B0F5004F00F00A82202B00F2628241
:10955000202B00F2AC82DFE813F079027F02AA022E
:10956000AA028202AA02AA02AA028702AA02AA02E6
:10957000AA02AA02AA02AA02AA028C02AA02AA02A9
:10958000AA02AA02AA02AA02AA02AA02AA02AA027B
:10959000AA02AA02AA02AA02AA0298021023CBE7F0
:1095A0002023C9E74023C7E78023C5E7404B5B6D15
:1095B00003F00703052B11D8DFE813F006003F0185
:1095C00008000A000C000E000023B5E70823B3E7EB
:1095D0001023B1E72023AFE74023ADE78023ABE7BB
:1095E000334B5B6D03F00703052B11D8DFE813F055
:1095F0000600270108000A000C000E0000239BE76C
:10960000082399E7102397E7202395E7402393E762
:10961000802391E7264B5B6D03F00703052B11D8E0
:10962000DFE813F006000F0108000A000C000E002E
:10963000002381E708237FE710237DE720237BE7D2
:10964000402379E7802377E7194B5B6D03F007032D
:10965000052B11D8DFE813F00600F70008000A0018
:109660000C000E00002367E7082365E7102363E77B
:10967000202361E740235FE780235DE7F369FFCFA5
:10968000000C0058FFF4FF1100100140004400409E
:1096900000480040004C00400050004000140140D1
:1096A00000780040007C004000180140001C014090
:1096B00000440258694B5B6D03F03803282B20D817
:1096C000DFE803F0151F1F1F1F1F1F1FC31F1F1FD2
:1096D0001F1F1F1F171F1F1F1F1F1F1F191F1F1FA8
:1096E0001F1F1F1F1B1F1F1F1F1F1F1F1D000123C9
:1096F00022E7082320E710231EE720231CE740234E
:109700001AE7802318E7554B5B6D03F00703052B21
:109710000ED8DFE803F0039C0507090B00230BE7D5
:10972000082309E7102307E7202305E7402303E781
:10973000802301E7494B5B6D03F00703052B0ED82F
:10974000DFE803F003870507090B0023F4E608238D
:10975000F2E61023F0E62023EEE64023ECE6802339
:10976000EAE63E4B5B6D03F03803282B20D8DFE898
:1097700003F0151F1F1F1F1F1F1F721F1F1F1F1FFB
:109780001F1F171F1F1F1F1F1F1F191F1F1F1F1FF7
:109790001F1F1B1F1F1F1F1F1F1F1D000123CBE6A5
:1097A0000823C9E61023C7E62023C5E64023C3E605
:1097B0008023C1E6294B5B6D03F03803282B20D8AA
:1097C000DFE803F0151F1F1F1F1F1F1F4E1F1F1F46
:1097D0001F1F1F1F171F1F1F1F1F1F1F191F1F1FA7
:1097E0001F1F1F1F1B1F1F1F1F1F1F1F1D000123C8
:1097F000A2E60823A0E610239EE620239CE6402351
:109800009AE6802398E603F50E339B6D03F0070379
:10981000052B0ED8DFE803F003260507090B02230A
:109820008AE6082388E6102386E6202384E6402380
:1098300082E6802380E604237EE604237CE604237C
:109840007AE6042378E6042376E6042374E6042308
:1098500072E6042370E604236EE600BF004402585B
:10986000042369E6042367E6202B27D8022BC0F0E7
:109870001081023B1E2B00F20E81DFE813F0500036
:109880000C0156000C010C010C015B000C010C01D9
:109890000C010C010C010C010C0160000C010C010D
:1098A0000C010C010C010C010C010C010C010C0150
:1098B0000C010C010C010C010C016C00402B2CD193
:1098C0004FF40040626A804B33F81220B0FBF2F391
:1098D000656805EB4501994200F2DF80B3EB053F77
:1098E00000F2DD80002633463146F7F7DDFA090243
:1098F00041EA106100026B08C0182A46334641F164
:109900000001F7F7D1FAA0F54072704B9A4200F2CD
:10991000C8802368D8603046CAE00120C8E0FDF75F
:10992000D1FC0028CED10020C2E003A8FDF7DCFC6A
:109930000498F6E76846FDF7D3FD0198F1E7644B1C
:109940001B6813F0200F08D0614B1B68C3F3C103E1
:109950006048D840E5E76048B4E75E48B2E7202BAE
:1099600015D8202B00F29F80DFE803F031379D9D52
:109970003A9D9D9D3F9D9D9D9D9D9D9D449D9D9D31
:109980009D9D9D9D9D9D9D9D9D9D9D9D5000402BC0
:109990001BD1626A4C4B33F81230B0FBF3F06268B3
:1099A000530803EB4000B0FBF2F0A0F110024FF6B9
:1099B000EF739A4279D883B223F00F03C0F34200C9
:1099C00018432368D860002072E0012070E0FCF7A3
:1099D00019FE0028DDD100206AE0FCF725FEF8E73B
:1099E00003A8FDF781FC0498F3E76846FDF778FDCE
:1099F0000198EEE7364B1B6813F0200F08D0344B6C
:109A00001B68C3F3C1033348D840E2E73248C0E7DC
:109A10003048BEE7402B17D14FF40040626A2A4B12
:109A200033F81230B0FBF3F0636800EB5300B0FB87
:109A3000F3F0A0F110024FF6EF739A4242D8236878
:109A400080B2D860002033E0012031E0FCF7DAFD7D
:109A50000028E3D100202BE0FCF7E6FDF8E703A89F
:109A6000FDF742FC0498F3E76846FDF739FD0198DD
:109A7000EEE7174B1B6813F0200F08D0144B1B6840
:109A8000C3F3C1031348D840E2E71348C6E71148BF
:109A9000C4E701200CE001200AE0012008E00120D9
:109AA00006E0012004E0012002E0012000E00120A6
:109AB0000123A4F86A30A4F8683000236367A36721
:109AC00006B070BD0120F3E76C0D0208FFFC0F002B
:109AD000004402580090D00300093D00836A13F04F
:109AE000080F06D00268536823F40043816B0B43D0
:109AF0005360836A13F0010F06D00268536823F4A1
:109B00000033C16A0B435360836A13F0020F06D01F
:109B10000268536823F48033016B0B435360836AFC
:109B200013F0040F06D00268536823F48023416BBE
:109B30000B435360836A13F0100F06D002689368DA
:109B400023F48053C16B0B439360836A13F0200F9F
:109B500006D00268936823F40053016C0B439360B2
:109B6000836A13F0400F0AD00268536823F480130D
:109B7000416C0B435360436CB3F5801F0BD0836A79
:109B800013F0800F06D00268536823F40023C16CE1
:109B90000B43536070470268536823F4C003816C21
:109BA0000B435360EBE72DE9F84305460E46174695
:109BB0009946DDF820802C68E46936EA04030CBF7E
:109BC0004FF0010C4FF0000CBC453AD1B8F1FF3F0B
:109BD000F1D0F8F7FBFFA0EB0900404534D8B8F10D
:109BE000000F33D02B681A6812F0040FE3D0B6F1DF
:109BF000400218BF0122802EDDD0002ADBD0DA69B6
:109C000012F0080F11D1DA6912F4006FD3D04FF4BB
:109C100000621A622846FFF7D1F92023C5F8903078
:109C2000002385F8843003200CE008241C622846B9
:109C3000FFF7C4F9C5F89040002385F8843001206F
:109C400000E00020BDE8F8830320FBE70320F9E7EC
:109C500030B583B004460023C0F89030F8F7B6FF63
:109C600005462268126812F0080F10D123681B689D
:109C700013F0040F28D12023C4F88830C4F88C30A6
:109C80000020E066206784F8840003B030BD6FF0E8
:109C90007E430093034600224FF400112046FFF755
:109CA00082FF0028E2D0226852E8003F23F08003C0
:109CB00042E800310029F6D12023C4F8883000237F
:109CC00084F884300320E0E76FF07E4300932B4656
:109CD00000224FF480012046FFF765FF0028CAD01C
:109CE000226852E8003F23F4907342E800310029D3
:109CF000F6D1226802F1080353E8003F23F0010384
:109D0000083242E800310029F3D12023C4F88C3016
:109D1000002384F884300320B7E778B310B50446F5
:109D2000D0F888300BB32423C4F888302268136835
:109D300023F001031360A36AE3B92046FFF770FB29
:109D4000012811D02268536823F49043536022689D
:109D5000936823F02A0393602268136843F0010399
:109D600013602046FFF774FF10BD80F88430F8F7C9
:109D7000C9FCD8E72046FFF7B1FEDEE701207047B7
:109D8000436E2BB90123A0F86A30A0F86830704701
:109D900030B403689A68C2F342629968490F094D6A
:109DA0006B5C1B01084C615C93FBF1F3A0F86A301B
:109DB000AB5C1B01A25C93FBF2F3A0F8683030BCF3
:109DC000704700BF8C0D0208840D02087047704771
:109DD000704790F88430012B18D0012380F884302C
:109DE0002423C0F8883003681A68196821F001013B
:109DF000196022F000520023436601680A602022A5
:109E0000C0F8882080F884301846704702207047D8
:109E100038B590F88430012B1DD00446012380F81A
:109E200084302423C0F8883003681D681A6822F043
:109E300001021A600268936823F06043194391603D
:109E4000FFF79EFF23681D602023C4F888300020A0
:109E500084F8840038BD0220FCE738B590F88430DF
:109E6000012B1DD00446012380F884302423C0F840
:109E7000883003681D681A6822F001021A600268BF
:109E8000936823F0606319439160FFF779FF2368BB
:109E90001D602023C4F88830002084F8840038BD79
:109EA0000220FCE782B000230193019B0133019360
:109EB000019BB3F1706F15D80369002BF5DA00230D
:109EC0000193036943F001030361019B0133019393
:109ED000019BB3F1706F08D8036913F0010FF4D13F
:109EE000002000E0032002B070470320FBE70000E1
:109EF00084B010B5044603A880E80E009DF8113028
:109F0000012B1FD1A36B23F48033A363E2681F4BA3
:109F10001340E360E36823F44013E3609DF81830D6
:109F2000012B0AD02046FFF7BDFF9DF80E30012B14
:109F30001CD0BDE8104004B07047E36843F48013C0
:109F4000E360EFE7E36843F04003E3602046FFF798
:109F5000A9FF9DF8153023B9A36B43F48033A363A5
:109F6000E3E7A36B23F48033A363DEE7E36D9BB2E7
:109F7000E365E26D064B1343E365A36843F0060314
:109F8000A360A36843F02003A360D2E7BFFFBDFF37
:109F90000000EE03022A0AD00921C26822F470529E
:109FA000C260C36843EA8123C36000207047204B2E
:109FB0000B44204A934229D91F4B0B441F4A93421A
:109FC00026D91F4B0B441F4A934223D91E4B0B44E7
:109FD0001E4A934220D31E4B0B441E4A93421DD966
:109FE0001D4B0B441D4A93421AD31D4B0B441D4A73
:109FF000934217D31C4B0B441C4A934214D31C4B63
:10A000000B441C4A934211D20721C6E70F21C4E733
:10A010000E21C2E70D21C0E70C21BEE70B21BCE7F2
:10A020000A21BAE70921B8E70821B6E70621B4E713
:10A03000405327FFFF340C00401E1BFF3F420F0020
:10A0400000DC0BFF7F4F1200808CF9FE20D613003E
:10A0500060B6E5FE5FE3160000D3CEFE40771B003E
:10A06000C05BB3FEC091210000CA91FE207538008C
:10A07000E05459FEE09C4100836843F00103836093
:10A0800000207047836823F001038360002070473D
:10A0900082B000230193019B01330193019BB3F133
:10A0A000706F15D80369002BF5DA0023019389013D
:10A0B00041F020010161019B01330193019BB3F148
:10A0C000706F08D8036913F0200FF4D1002000E06E
:10A0D000032002B070470320FBE782B00023019306
:10A0E000019B01330193019BB3F1706F13D8036996
:10A0F000002BF5DA0023019310230361019B013348
:10A100000193019BB3F1706F08D8036913F0100F2E
:10A11000F4D1002000E0032002B070470320FBE7E9
:10A12000D0F800381943C0F800180020704700002C
:10A1300084B0F8B5044607A880E80E00002306E0C6
:10A1400003F1400204EB82020021516001330E2B27
:10A15000F6D99DF8266006BBD4F8043843F0020314
:10A16000C4F80438A36B23F40013A363236843F0FB
:10A1700040032360236843F0800323600023C4F876
:10A18000003E9DF82130012B11D19DF81F304BB9B5
:10A1900000212046FFF7C4FF0DE0A36B43F400133A
:10A1A000A363EBE701212046FFF7BAFF03E0032199
:10A1B0002046FFF7B5FF10212046FFF769FF05464F
:10A1C00000B101252046FFF788FF00B1012504F505
:10A1D000006C0023CCF81030CCF81430CCF81C30D4
:10A1E0000AE0CBB94FF00060C2F8000900220A6112
:10A1F0004FF67F328A6001339DF81C10994210D9C6
:10A2000004EB431202F51061D2F800090028E8DBE4
:10A210000020C2F80009E9E74FF09040C2F80009B9
:10A22000E4E700230AE0BBB14FF09047C2F8007B9F
:10A23000002202614FF67F3282600133994210D9C9
:10A2400004EB431202F53060D2F8007B002FEADB0A
:10A250000027C2F8007BEBE74FF00067C2F8007BF5
:10A26000E6E7DCF8103023F48073CCF810300023DC
:10A27000A3616FF0804363619DF81E301BB9A36931
:10A2800043F01003A361A2690A4B1343A3619DF835
:10A2900022301BB1A36943F00803A361012E04D04F
:10A2A0002846BDE8F84004B07047A269024B13434A
:10A2B000A361F5E700383C8004000040D0F808387E
:10A2C00013F0060305D0062B18BF022B03D1022082
:10A2D0007047002070470F207047000010B591F8BC
:10A2E00000C04B78012B21D000F5006ED0F81C384F
:10A2F0000CF00F040122A24043EA0243C0F81C38CC
:10A3000000EB4C10D0F8003B13F4004F0CD1D0F808
:10A31000002B8B68C3F30A03097943EA8143134393
:10A32000144A1A43C0F8002B002010BDD0F81C2896
:10A330000CF00F0E03FA0EF39BB21343C0F81C3857
:10A3400000EB4C10D0F8003913F4004FECD1D0F8EA
:10A3500000298B68C3F30A03097943EA814343EA7E
:10A360008C5C42EA0C0C034B4CEA0303C0F8003946
:10A37000DAE700BF0080001030B40B784A78012A79
:10A3800026D000EB4313D3F8002B002A52DBD0F881
:10A390003C480A7802F00F024FF0010C0CFA02F26E
:10A3A00024EA0242C0F83C28D0F81C28097801F0C1
:10A3B0000F010CFA01FC22EA0C42C0F81C28D3F869
:10A3C000001B234A0A40C3F8002B002030BC704712
:10A3D00000EB4313D3F80029002A1EDBD0F83C58C9
:10A3E0000A7802F00F02012404FA02F292B225EA7E
:10A3F0000202C0F83C28D0F81C28097801F00F01AF
:10A400008C40A4B222EA0404C0F81C48D3F8001916
:10A41000104A0A40C3F80029D7E7D3F8002942F0D0
:10A420000062C3F80029D3F8002942F08042C3F843
:10A430000029D3E7D3F8002B42F00062C3F8002BC9
:10A44000D3F8002B42F08042C3F8002B9FE700BFF7
:10A450000078F3EF007833EC10B483B002460023A9
:10A460000193487801280BD00B7802EB4313D3F803
:10A47000000B00282DDB002003B05DF8044B704773
:10A480000B7802EB4313D3F80049002C01DB0020CA
:10A49000F2E7D3F8004944F00064C3F800490B78B0
:10A4A00002EB4313D3F8004944F08044C3F8004959
:10A4B000019B01330193019C42F210739C42DBD853
:10A4C0000B7802EB4313D3F80039002BF0DB0020AC
:10A4D000D2E7D3F8000B40F00060C3F8000B0B7814
:10A4E00002EB4313D3F8000B40F08040C3F8000B9D
:10A4F000019B01330193019842F21073984208D8EE
:10A500000B7802EB4313D3F8003B002BF0DB002069
:10A51000B2E70120B0E710B59DF8084084B90333D5
:10A520004FEA930E4FF0000C08E000EB023303F506
:10A53000805351F8044B1C600CF1010CF445F4D32A
:10A54000002010BDF0B583B00C784B78012B2DD0D6
:10A5500000EB441C0CF530631E69894D35401D61CC
:10A560001E69884D35401D61002C40F0CD800C697E
:10A570000CB18C680C618C680C621D69C4F3120408
:10A580002C431C611C6944F400241C61012A00F066
:10A59000DE800B79012B00F0E080DCF8003B43F01B
:10A5A0000443CCF8003B002003B0F0BD0B6973BB43
:10A5B00000EB4413D3F81069724D3540C3F81059BD
:10A5C000D3F8105945F40025C3F81059D3F8106991
:10A5D0006B4D3540C3F81059012A53D000EB441499
:10A5E000D4F8003943F00443C4F800390B79012B47
:10A5F00071D00B69002BD6D0D0F834380A7802F02D
:10A600000F0101228A401343C0F83438CBE700EB36
:10A61000441303F510631E69594D35401D611E69D1
:10A62000584D35401D617CB90E698D68AE4200D928
:10A630000D611D6945F400251D611D690E69C6F394
:10A64000120635431D61C7E70E698F68F519013D94
:10A65000B5FBF7F51E691FFA85FC4B4F07EAC545A8
:10A6600035431D610D79012DE7D11D6925F0C045E8
:10A670001D611D694FEA4C7C0CF0C04C45EA0C058D
:10A680001D61DAE7CB691BB100EB4412C2F8143943
:10A690000B79012B08D000EB4410D0F8003943F0BF
:10A6A0000443C0F800397EE7D0F8083813F4807FFF
:10A6B00008D100EB4412D2F8003943F00053C2F83D
:10A6C0000039E8E700EB4412D2F8003943F0805338
:10A6D000C2F80039DFE7D0F8083813F4807F0CD1D6
:10A6E000D4F8003943F00053C4F8003900920B8AC3
:10A6F0000A78C968FFF70FFF55E7D4F8003943F02F
:10A700008053C4F80039F1E70C6954B91C698D68AD
:10A71000C5F312052C431C611C6944F400241C6120
:10A7200034E78D682C44013CB4FBF5F4A4B204FB7F
:10A7300005F50D621D69144E06EAC4442C431C61E4
:10A740001C690D6AC5F312052C431C611EE7CA681B
:10A75000002A3FF41EAF5A611BE7D0F8083813F403
:10A76000807F06D1DCF8003B43F00053CCF8003B7F
:10A7700013E7DCF8003B43F08053CCF8003B0CE7D8
:10A780000000F8FFFFFF07E00000F81F00B583B0EE
:10A79000844608464FEA920E02F00302002305E0C9
:10A7A0000CF58051096840F8041B01337345F7D359
:10A7B0009AB10CF5805CDCF8003001934FF0000C8E
:10A7C0005FFA8CF3D900019BCB4000F8013B0CF100
:10A7D000010C013A92B2002AF2D103B05DF804FBF9
:10A7E0000B784A78012A14D000EB4310D0F8002BE4
:10A7F000002A06DB2BB1D0F8003B23F08043C0F8E1
:10A80000003BD0F8003B43F40013C0F8003B0020AD
:10A81000704700EB4310D0F80029002A06DB2BB16B
:10A82000D0F8003923F08043C0F80039D0F800395F
:10A8300043F40013C0F80039E9E70B784A78012A9D
:10A840000ED000EB4310D0F8003B23F40013C0F807
:10A85000003B0B79023BDBB2012B15D9002070477E
:10A8600000EB4310D0F8003923F40013C0F800398E
:10A870000B79023BDBB2012BF0D8D0F8003943F062
:10A880008053C0F80039E9E7D0F8003B43F080532B
:10A89000C0F8003BE2E7D0F8003823F4FE63C0F8CC
:10A8A0000038D0F80038090101F4FE611943C0F8FE
:10A8B000001800207047D0F8003E23F00303C0F8D2
:10A8C000003ED0F8043823F00203C0F8043800201A
:10A8D0007047D0F8003E23F00303C0F8003ED0F8E4
:10A8E000043843F00203C0F804380020704742697E
:10A8F000806910407047D0F8183800F50060C069D2
:10A900001840000C7047D0F8183800F50060C06996
:10A91000184080B2704700EB4111D1F8082B00F5C8
:10A92000006040691040704710B4D0F81048D0F86B
:10A93000343801F00F02D340DB01DBB2234300EBDC
:10A94000411000F51060806818405DF8044B7047B6
:10A95000406900F00100704738B50546C36823F030
:10A96000C043C360012913D019BBC36843F08043BF
:10A97000C36000240A20F8F72FF90A342846FFF7AD
:10A98000E7FF08B1C72CF5D9C82C14D0002038BD7A
:10A99000C36843F00053C36000240A20F8F71CF991
:10A9A0000A342846FFF7D4FF0128EDD0C72CF4D98C
:10A9B000EAE70120EBE70120E9E70000D0F80029F1
:10A9C000054B1340C0F80039D0F8043843F48073C5
:10A9D000C0F804380020704700F8FFFF10B4046C82
:10A9E000154B9C4203D9D0F8003B002B16DB00240A
:10A9F000C0F8104BD0F8104B44F40024C0F8104BB2
:10AA0000D0F8104B44F01804C0F8104BD0F8104B9D
:10AA100044F0C044C0F8104B012903D000205DF879
:10AA2000044B7047C0F8142BD0F8003B43F0802350
:10AA3000C0F8003BF2E700BF0A30544F10B5D0F821
:10AA4000D43203F1B00250F822408CB100EB820006
:10AA500043687BB194F80002FF280DD09B6894F8FE
:10AA6000012221469847FF2384F80032002010BDC0
:10AA70000320FCE70020FAE70020F8E70A23038020
:10AA8000004870478C000024F8B506460F4F82211D
:10AA9000384600F041FC05460121384600F03CFCF8
:10AAA00004468121384600F037FC0DB11022AA710E
:10AAB0001CB1402222710022627118B14022027141
:10AAC00000224271432333800048F8BD480000242F
:10AAD000F8B506460F4F8221384600F01DFC0546AA
:10AAE0000121384600F018FC04468121384600F068
:10AAF00013FC0DB11022AA711CB140222271002258
:10AB0000627118B1402202710022427143233380E6
:10AB10000048F8BD48000024F8B506460F4F8221D2
:10AB2000384600F0F9FB05460121384600F0F4FBF9
:10AB300004468121384600F0EFFB0DB11022AA71C6
:10AB40001CB1002222710222627118B1002202712E
:10AB500002224271432333800048F8BD480000249C
:10AB600038B5D0F8D432B03350F8235095B10446FC
:10AB700003F07EFFC5F80C02D4F8D432B03304EBF6
:10AB800083046368DB6805F50371D5F80402984710
:10AB9000002038BD0320FCE738B5D0F8C852D0F803
:10ABA000D432B03350F8234084B301F00F0303EBE9
:10ABB000830200EB820292694AB103EBC30C05EBFE
:10ABC0008C05ED69B2FBF5FC05FB1C2292B100235C
:10ABD000C4F81432D0F8D432B03300EB83004368A9
:10ABE0001B69ABB10A4604F50471D4F80802984712
:10ABF000002038BD03EB830300EB830300249C613A
:10AC00002346224603F07CFF2046F2E70320F0E7CC
:10AC10000020EEE7F0B583B0D0F8D43203F1B002F3
:10AC200050F8227000228DF80720ADF80420002F84
:10AC30007BD004460D46097811F0600634D0202EF2
:10AC40006CD1EA882AB311F0800F07D16B7887F8AE
:10AC50000032EA883F2A13D8D2B212E0B03300EBB8
:10AC600083035B689B68394668789847EA88072AB7
:10AC700028BF07223946204600F017FF002651E082
:10AC8000402287F801223946204600F023FF0026A3
:10AC900048E0B03300EB830463689B6800222946D8
:10ACA0006878984700263DE06F780B2F31D8DFE8B1
:10ACB00007F006393030303030303030162690F81A
:10ACC0009C32DBB2032B04D0294600F062FB032642
:10ACD00028E0022201A900F0E8FE3E4622E090F8BA
:10ACE0009C32DBB2032B04D0294600F052FB032632
:10ACF00018E001220DF1070100F0D7FE12E090F8F4
:10AD00009C32DBB2032B0DD0294600F042FB032618
:10AD100008E0294600F03DFB032603E0294600F049
:10AD200038FB0326304603B0F0BD0326FAE738B5FA
:10AD30000446812103F0C4FE002525870121204619
:10AD400003F0BEFEA4F878518221204603F0B8FE3D
:10AD5000A4F84C50A4F84E50D4F8D43203F1B00209
:10AD600054F822209AB1B03304EB83035B685B682C
:10AD70009847D4F8D432B03354F8230003F082FE5D
:10AD8000D4F8D432B03344F82350C4F8BC52002075
:10AD900038BD70B504464FF4077003F06FFE00280D
:10ADA00049D005464FF4077200210EF0F5FCD4F8A7
:10ADB000D432B03344F82350C4F8BC52237C002B67
:10ADC00041D14FF4007302228121204603F06DFE31
:10ADD000012626874FF4007302223146204603F0F5
:10ADE00064FEA4F878611023A4F84E3008230322EF
:10ADF0008221204603F059FE0123A4F84C3000269E
:10AE0000C5F80462D4F8D432B03304EB83035B6832
:10AE10001B689847C5F81462C5F81862D5F8042273
:10AE200062B3257C1DBB4FF400730121204603F063
:10AE30006FFE284670BDD4F8D432B033002244F8F7
:10AE400023200225F5E7402302228121204603F03A
:10AE50002CFE01262687402302223146204603F09D
:10AE600024FEA4F878611023A4F84E30BEE74023F6
:10AE70000121204603F04CFE0025DAE70225D8E741
:10AE800039B1D0F8D432B03300EB830041600020F8
:10AE9000704703207047D0F8D432B03350F82330D5
:10AEA0002BB1C3F80812C3F810220020704703200A
:10AEB0007047D0F8D432B03350F823301BB1C3F808
:10AEC0000412002070470320704708B5D0F8D43230
:10AED000B03350F823209AB1D2F814320BB10120CC
:10AEE00008BD0123C2F81432D2F81032C362D2F87E
:10AEF0001032D2F80822812103F002FE0020EFE791
:10AF00000320EDE710B5D0F8D432B03350F8232049
:10AF100092B1047C44B94FF40073D2F804220121A9
:10AF200003F0F6FD204610BD4023D2F80422012193
:10AF300003F0EEFD0024F5E70324F3E798B108B52C
:10AF400003460020C3F8B802C3F8C402C3F8D00215
:10AF500009B1C3F8B412012183F89C121A70184683
:10AF600003F038FD08BD0320704710B582B0002300
:10AF7000ADF8063089B10446C0F8B812CB6A23B1E7
:10AF80000DF106009847C4F8D002D4F8D832013346
:10AF9000C4F8D832002002B010BD0320FBE708B58A
:10AFA00003F07BFD08BD08B5D0F8B83213B11B68BB
:10AFB000984708BD0020FCE708B5D0F8B8325B68B8
:10AFC000984700B908BD0320FCE738B5044600F2F5
:10AFD000AA25284600F0C9F90123C4F89432B4F830
:10AFE000B032C4F8983294F8AA1201F01F03012B72
:10AFF0000DD0022B10D02BB101F08001204603F0C0
:10B0000067FD03E02946204600F096FB38BD29463F
:10B01000204600F0CCFBF9E72946204600F009FC69
:10B02000F4E7F8B50446012380F89C320023C0F809
:10B0300094324360C0F8A43280F8A032D0F8B8321D
:10B04000DBB15B68DBB1002198470746C8B94023F4
:10B0500000221146204603F028FD0126A4F8646171
:10B060004025C4F860512B4600228021204603F081
:10B070001CFDA68425623846F8BD0027E7E70027B7
:10B08000E5E70327E3E701740020704790F89C325E
:10B09000DBB2042B04D090F89C32DBB280F89D32F6
:10B0A000042380F89C320020704790F89C32DBB279
:10B0B000042B01D00020704790F89D32DBB280F85D
:10B0C0009C32F7E708B590F89C32DBB2032B01D035
:10B0D000002008BDD0F8B832002BF9D0DB69002B76
:10B0E000F6D09847F4E708B5D0F8D432AE3350F82C
:10B0F00023205AB190F89C32DBB2032B01D0002000
:10B1000008BD136A23B198470020F9E70320F7E749
:10B110000020F5E708B5D0F8D432AE3350F823203C
:10B120005AB190F89C32DBB2032B01D0002008BD4D
:10B13000536A23B198470020F9E70320F7E700207E
:10B14000F5E70020704708B5012380F89C32D0F85D
:10B15000B83223B15B680179984710B908BD002067
:10B16000FCE70320FAE7002070470020704738B55D
:10B1700004460D46002943D11346D0F89422032AF1
:10B1800001D0084638BDD0F85C11D0F8602191425A
:10B1900012D890F8AA3203F01F03012B17D0022B0C
:10B1A0001CD0284694F89C32DBB2032B1BD02046DF
:10B1B00000F0A7FC2846E5E7891AC0F85C118A422E
:10B1C00028BF0A46194600F094FC2846DAE790F8B2
:10B1D000AE12FFF7C8FF0028E9D1E3E790F8AE12FE
:10B1E000FFF7C3FFF7E700F1AE0354F823301A6905
:10B1F000002ADCD0C4F8D4021B6920469847D6E761
:10B2000001F07F01FFF7B1FF90B994F89C32DBB2F7
:10B21000032BB7D100F1AE0354F823309A69002A0A
:10B22000B0D0C4F8D4029B69294620469847A9E7C4
:10B230000020A7E738B504460D4600294BD1134638
:10B24000D0F89422022A07D094F8A00218B1002363
:10B2500084F8A032284638BDC269016A8A420ED8F5
:10B260008A4218D094F89C32DBB2032B27D080217D
:10B27000204603F02DFC204600F04EFCE4E7521A75
:10B28000C261194600F01EFC00231A4619462046EA
:10B2900003F03EFCD8E783699942E3D8D0F89822BE
:10B2A0009342DFD20022114600F00CFC0021C4F8CA
:10B2B00098120B460A46204603F02AFCC4E7D4F84D
:10B2C000B832DA68002AD2D00022C4F8D422DB686F
:10B2D00020469847CBE741F08001FFF746FF90B941
:10B2E00094F89C32DBB2032BB5D100F1AE0354F8D5
:10B2F00023305A69002AAED0C4F8D4025B692946CB
:10B3000020469847A7E70020A5E703780A8813445A
:10B310000B80037818447047428803789A4218D902
:10B3200030B583B004460D46ADF806306288BDF8EE
:10B3300006309A420AD90DF10601FFF7E6FF43787D
:10B34000052BF3D18378AB42F0D100E0002003B0AD
:10B3500030BD002070470346002002E00130C0B23B
:10B3600001331A78002AF9D170470B7803704B78B3
:10B3700043708B78CA7843EA022343800B794A7979
:10B3800043EA022383808B79CA7943EA0223C3808C
:10B39000704710B50446802103F09AFB0021204637
:10B3A00003F096FB10BD30B583B004460D46002374
:10B3B000ADF806304A88130A013B0E2B00F2BC8020
:10B3C000DFE803F0153044BABA9EABBABABABABADB
:10B3D000BABA0800D0F8B432DB6923B10DF1060126
:10B3E000007C98470AE02946FFF7D3FF18E0D0F821
:10B3F000B4321B680DF10601007C9847EA88002AE8
:10B4000000F0A380BDF80630002B00F099809A422E
:10B4100028BF1A46ADF806200146204600F045FB3D
:10B4200003B030BD037C43B9D0F8B8329B6A0DF14C
:10B430000600984702234370E0E7D0F8B832DB6A91
:10B440000DF10600984702234370D7E7D2B2052AD0
:10B4500052D8DFE802F003101D2A3744D0F8B43286
:10B460005B6823B10DF10601007C9847C6E72946C9
:10B47000FFF78FFFD4E7D0F8B4329B6823B10DF10A
:10B480000601007C9847B9E72946FFF782FFC7E726
:10B49000D0F8B432DB6823B10DF10601007C984787
:10B4A000ACE72946FFF775FFBAE7D0F8B4321B695D
:10B4B00023B10DF10601007C98479FE72946FFF76D
:10B4C00068FFADE7D0F8B4325B6923B10DF1060136
:10B4D000007C984792E72946FFF75BFFA0E7D0F88A
:10B4E000B4329B6923B10DF10601007C984785E7D2
:10B4F0002946FFF74EFF93E72946FFF74AFF8FE7FC
:10B50000037C33B9D0F8B8325B6B0DF10600984775
:10B5100074E72946FFF73DFF82E7037C43B9D0F883
:10B52000B8321B6B0DF1060098470723437065E79F
:10B530002946FFF72EFF73E72946FFF72AFF6FE73B
:10B5400029462046FFF725FF6AE7204600F0D9FA92
:10B5500066E738B504468B88FBB9CB88EBB94B88D6
:10B560007F2B1AD803F07F0590F89C32DBB2032BB7
:10B570000CD080F89E52294603F0BAFA204600F01B
:10B58000C0FA35B1022384F89C3209E0FFF701FFCD
:10B5900006E0012384F89C3202E02046FFF7F9FE22
:10B5A00038BD000070B504460E468D782F4B1D70D7
:10B5B000012D10D890F89C32DBB2022B0FD0032B58
:10B5C00026D0FFF7E6FE294B19782046FFF7F4FC5A
:10B5D0000325284670BDFFF7DCFE0325F9E7A5B17A
:10B5E00045602946FFF7DFFC054638B13146204665
:10B5F000FFF7CFFE022384F89C32EAE7204600F0F2
:10B6000080FA032384F89C32E3E700F07AFAE0E75B
:10B61000CDB141688D4225D0C9B2FFF7CDFC134BA7
:10B62000197861602046FFF7BEFC0546B0B131468F
:10B630002046FFF7AEFE21792046FFF7BDFC02232E
:10B6400084F89C32C5E7022380F89C324560294685
:10B65000FFF7B2FC204600F054FABAE7204600F0AB
:10B6600050FAB6E700F04DFA0025B2E74C28002466
:10B6700008B5CB88012B0BD190F89C32DBB2022BA2
:10B6800009D9032B09D10122011D00F00EFA01E0B6
:10B69000FFF77FFE08BD5BB213B9FFF77AFEF9E74B
:10B6A0000146002341F8083F012200F0FEF9F1E7CE
:10B6B00008B590F89C32013B022B12D8CB88022BA4
:10B6C0000CD10123C360D0F8A4320BB10323C360B3
:10B6D000022200F10C0100F0E8F908BDFFF759FE65
:10B6E000FBE7FFF756FEF8E708B54B88012B04D0BF
:10B6F000022B07D0FFF74DFE08BDC0F8A43200F0C2
:10B7000000FAF9E78B881B0A80F8A03200F0F9F9FB
:10B71000F2E708B590F89C32013B022B09D84B8820
:10B72000012B00D008BD0023C0F8A43200F0E9F9D5
:10B73000F8E7FFF72EFEF5E738B50C7804F0600463
:10B74000202C06D0402C04D06CB1FFF722FE002440
:10B7500007E0D0F8D432AE3350F823309B689847D6
:10B760000446204638BD4D78092D1DD8DFE805F088
:10B7700012191C161C08051C0F0BFFF714FEF0E72E
:10B78000FFF7E7FEEDE7FFF70DFF0446E9E7FFF7F8
:10B790006FFFE6E7FFF78CFF2C46E2E7FFF7A4FF19
:10B7A000DFE7FFF7B6FFDCE7FFF7F3FDD9E770B59A
:10B7B00005460C460B7803F06003202B07D0402B86
:10B7C00005D023B1FFF7E5FD0026304670BD95F8A2
:10B7D0009C32013B022B26D82179012905D921462B
:10B7E0002846FFF7D6FD0026EFE72846FFF7BBFC0B
:10B7F00068B900F1AE0255F82220916889B1C5F808
:10B80000D4029368214628469847064600E003265E
:10B81000E388002BD9D1002ED7D1284600F071F94A
:10B82000D3E70326F4E721462846FFF7B2FD0026BA
:10B83000CBE72DE9F04106460D468B88DFB20C7848
:10B8400004F06004202C08D0402C06D0DCB1FFF7B7
:10B85000A0FD00242046BDE8F08139463046FFF7C0
:10B8600084FC0446002840F0F980C6F8D40200F1B8
:10B87000AE0356F823309B68002BEBD029463046A8
:10B8800098470446E6E791F80180B8F1010F31D0FE
:10B89000B8F1030F05D0B8F1000F66D0FFF779FDBE
:10B8A000D8E790F89C32DBB2022B04D0032B11D0E6
:10B8B000FFF76FFDCEE7002F18BF802F07D0394666
:10B8C00003F006F98021304603F002F9C2E7FFF7E2
:10B8D00060FDBFE74B882BB9002F18BF802F01D028
:10B8E000CB881BB1304600F00CF9B3E7394603F0C2
:10B8F000EFF8F7E790F89C32DBB2022B04D0032B71
:10B9000011D0FFF746FDA5E7002F18BF802F07D005
:10B91000394603F0DDF88021304603F0D9F899E785
:10B92000FFF737FD96E74B88002B93D117F07F0F79
:10B9300017D1304600F0E5F839463046FFF715FCE0
:10B94000002887D1C6F8D40200F1AE0256F82220B2
:10B950009268002A00F084802946304690470446C9
:10B9600078E7394603F0BCF8E3E790F89C22D2B2BE
:10B97000022A05D0032A28D0FFF70BFD444669E7C9
:10B98000002F18BF802F13D113F0800F14D107F0B0
:10B990007F0707EB8707B90001F5A871014404315F
:10B9A00000230B600222304600F07FF8444651E746
:10B9B000FFF7EFFC44464DE707F07F0707EB8707EB
:10B9C000B900103101440431EAE75BB2002B20DBFF
:10B9D00007F00F0202EB820200EB8202B2F8642150
:10B9E00022B3002B26DB07F07F0303EB83039C00CD
:10B9F00004F5A87434440434802F18BF002F22D1DA
:10BA00000023236002222146304600F04EF84446CF
:10BA100020E707F00F0202EB820200EB8202928C19
:10BA2000002ADED1FFF7B5FC444613E7FFF7B1FC6F
:10BA300044460FE707F07F0303EB83039C001034B9
:10BA400034440434D8E73946304602F0FBFF10B1E5
:10BA500001232360D6E700232360D3E70024F9E61F
:10BA60000446F7E600B370B50D4616460446FFF7E8
:10BA700072FC01304300B3F5007F06D89BB23380DF
:10BA80002B7003236B7002230AE04FF40073F6E778
:10BA9000EA5401345A1CD2B20021A9540233DBB259
:10BAA0002278002AF4D170BD704708B513460222EF
:10BAB000C0F894228361C3610A46002103F020F894
:10BAC000002008BD08B513460A46002103F018F807
:10BAD000002008BD08B513460322C0F89422C0F820
:10BAE0005831C0F85C310A46002103F011F80020FB
:10BAF00008BD08B513460A46002103F009F80020E6
:10BB000008BD08B50422C0F8942200231A4619463D
:10BB100002F0F6FF002008BD08B50522C0F8942207
:10BB200000231A46194602F0F3FF002008BD8428BE
:10BB300001D00330704700207047EFF305800038D4
:10BB400018BF0120704708B501F042FC002008BD75
:10BB500008B5FFF7F2FF10B101F09EFC08BD01F03F
:10BB600095FCFBE72DE9F04387B004460F46456995
:10BB7000BDB18669AEB1D0F80480D0F80090B0F9BC
:10BB80000800FFF7D4FF0296019500903B4622691A
:10BB90004946404601F0AAFB0590059807B0BDE86C
:10BBA000F08365682668D4F81080B4F90800FFF7C0
:10BBB000BEFF05AB019300903B461FFA88F2314669
:10BBC000284601F0D0FB0128E7D00020E6E708B5C1
:10BBD00000B9012001F0C2FD002008BD08B5416890
:10BBE00019B1012000F0A9FE08BD012000F09AFE65
:10BBF000FAE710B582B0426892B1012906D0084632
:10BC000000F062FD0446204602B010BD03230093FD
:10BC1000134600221146012000F0DFFC0446F2E743
:10BC2000012904D0084600F072FD0446EBE7032228
:10BC30000021012000F024FD04460028E3D0002369
:10BC40001A46194600F081FDDDE770B582B0002389
:10BC5000019318B30C460646FFF76FFF0546A0B1E7
:10BC600001AA0021304601F0E1F8012818D1019D18
:10BC70008DB14FF0E0234FF08052C3F8042DBFF395
:10BC80004F8FBFF36F8F002505E02146304600F04F
:10BC9000FAFF012806D1284602B070BD8025FAE7D8
:10BCA000FF25F8E7FF25F6E710B582B0044600232C
:10BCB0000193FFF742FF98B101A9204600F0CDFEA5
:10BCC00001281AD1019BD3B14FF0E0234FF08052ED
:10BCD000C3F8042DBFF34F8FBFF36F8F002008E030
:10BCE00000231A461946204600F02FFD012802D0F5
:10BCF000FF2002B010BD0020FBE7FF20F9E7002085
:10BD0000F7E700F1080343604FF0FF328260C36041
:10BD10000361002303607047002303617047436899
:10BD20004B609A688A6051609960086103680133CA
:10BD30000360704730B40D68B5F1FF3F11D000F1DA
:10BD400008031C465B681A68AA42FAD963684B600C
:10BD500099608C606160086103680133036030BCE6
:10BD600070470469F2E70369416882688A60416844
:10BD700051605A68824206D0002202611A68013A74
:10BD80001A601868704782685A60F5E782B000232D
:10BD900001930D4B1B68B3F1FF3F08D04FF05003E8
:10BDA00083F31188BFF36F8FBFF34F8FFEE74FF020
:10BDB000500383F31188BFF36F8FBFF34F8F019B45
:10BDC000002BFCD002B0704798000024084800689F
:10BDD000006880F308884FF0000080F3148862B692
:10BDE00061B6BFF34F8FBFF36F8F00DF00BF00005E
:10BDF00008ED00E0DFF80C00016841F4700101601B
:10BE00007047000088ED00E04FF0807340F8043C7C
:10BE100021F0010140F8081C054B40F80C3C40F8AB
:10BE2000202C6FF0020340F8243C4438704700BFD8
:10BE30008DBD0008000000000000000000000000B0
:10BE4000074B19680868B0E8F04F80F30988BFF322
:10BE50006F8F4FF0000080F311887047AFF30080C0
:10BE6000F43503244FF0500383F31188BFF36F8F31
:10BE7000BFF34F8F0B4A136801331360012B00D0BF
:10BE800070474FF0E023D3F8043D13F0FF0FF7D0D5
:10BE90004FF0500383F31188BFF36F8FBFF34F8FC1
:10BEA000FEE700BF98000024094B1B6843B94FF020
:10BEB000500383F31188BFF36F8FBFF34F8FFEE7FB
:10BEC000013B034A13600BB983F31188704700BF2D
:10BED00098000024000000000000000000000000A6
:10BEE000EFF30980BFF36F8F154B1A681EF0100F28
:10BEF00008BF20ED108A20E9F04F10602DE90900FD
:10BF00004FF0500080F31188BFF34F8FBFF36F8F56
:10BF100001F04AFC4FF0000080F3118809BC196859
:10BF20000868B0E8F04F1EF0100F08BFB0EC108AA0
:10BF300080F30988BFF36F8F704700BFAFF30080B5
:10BF4000F435032408B54FF0500383F31188BFF391
:10BF50006F8FBFF34F8F01F0A7FA28B14FF0E023A6
:10BF60004FF08052C3F8042D002383F3118808BDDD
:10BF70004FF0E022002313619361054B1B680549D4
:10BF8000A1FB03139B09013B536107231361704716
:10BF900000000024D34D62104FF0E023D3F8002DB1
:10BFA0003D4B9A421CD04FF0E023D3F8002D3B4B81
:10BFB0009A421ED030B583B0394B1A78D2B2019272
:10BFC000FF221A701B78DBB28DF803309DF8033026
:10BFD00003F05003334A1370334B07221A601BE0FF
:10BFE0004FF0500383F31188BFF36F8FBFF34F8F70
:10BFF000FEE74FF0500383F31188BFF36F8FBFF359
:10C000004F8FFEE7284A1368013B13609DF8033009
:10C010005B00DBB28DF803309DF8033013F0800F26
:10C02000F0D1214B1B68032B08D04FF0500383F352
:10C030001188BFF36F8FBFF34F8FFEE71B021A4AC1
:10C04000136003F4E0631360019BDBB2144A1370C6
:10C050004FF0E024D4F8203D43F47003C4F8203DB1
:10C06000D4F8203D43F07043C4F8203DFFF780FF33
:10C0700000250E4B1D60FFF7BDFED4F8343F43F0A2
:10C080004043C4F8343FFFF7A1FE01F08DFBFFF7FA
:10C090007DFE284603B030BD71C20F4170C20F4112
:10C0A00000E400E04D2800245028002498000024DB
:10C0B000EFF305830F2B0FD9114A9B5CDBB2114ABA
:10C0C00012789A4208D94FF0500383F31188BFF3D6
:10C0D0006F8FBFF34F8FFEE74FF0E023D3F80C3D97
:10C0E00003F4E063084A1268934208D94FF0500302
:10C0F00083F31188BFF36F8FBFF34F8FFEE7704755
:10C10000F0E300E04D28002450280024124A12F0E9
:10C11000070F1ED0D11D21F00701104B5B1A1344ED
:10C120000A460F480260002141601344083B23F097
:10C1300007030C48036059601960991A5160136035
:10C14000094B1960094B1960094B4FF000421A6006
:10C150007047024BE5E700BF58280024400D03005C
:10C16000AC35032454280024A03503249C35032433
:10C1700098350324164B1A461B688342FBD351683B
:10C1800002EB010C844509D0416800EB010C6345CA
:10C1900009D00360904219D0106070474068014494
:10C1A00051601046F0E710B40A4C2468A3420BD04B
:10C1B0005B681944416013681B680360904200D0BB
:10C1C00010605DF8044B70470460F7E7704700BFEC
:10C1D000AC3503245428002470B5054601F04EF90F
:10C1E000364B1B68A3B1364B1B681D424ED135B18F
:10C1F000083515F0070F02D025F007050835002D8A
:10C2000046D0304B1B68AB4251D32F4A146804E030
:10C21000FFF77CFFE7E722461C466368AB4202D289
:10C220002368002BF7D1254B1B68A34241D0166829
:10C2300008362368136063685B1B102B10D96019E4
:10C2400010F0070F08D04FF0500383F31188BFF3AD
:10C250006F8FBFF34F8FFEE743606560FFF78AFF84
:10C26000626818490B689B1A0B60184909688B4271
:10C2700001D216490B60124B1B6813436360002305
:10C280002360134A13680133136002E0002600E0C4
:10C29000002601F095F916F0070F0CD04FF050036F
:10C2A00083F31188BFF36F8FBFF34F8FFEE7002634
:10C2B000EFE70026EDE7304670BD00BF54280024AC
:10C2C000983503249C350324AC350324A03503247E
:10C2D000A4350324002834D038B50446A0F108055D
:10C2E00050F8043C174A1268134208D14FF050032B
:10C2F00083F31188BFF36F8FBFF34F8FFEE750F8C2
:10C30000081C41B14FF0500383F31188BFF36F8FC6
:10C31000BFF34F8FFEE723EA020340F8043C01F02D
:10C32000ADF854F8041C084A13680B4413602846FF
:10C33000FFF720FF054A13680133136001F040F94D
:10C3400038BD7047983503249C350324A835032451
:10C350000346406A18B11B6B1868C0F107007047AC
:10C3600010B50446FFF77EFDA26BE36B9A4204D042
:10C370000024FFF799FD204610BD0124F9E710B510
:10C380000446FFF76FFDA36B23B90124FFF78CFD73
:10C39000204610BD0024F9E770B504461546866BAB
:10C3A000026C5AB903681BB100200136A66370BD48
:10C3B000806801F07FFB0023A360F6E76DB9406859
:10C3C000F4F7F4FE226C636813446360A26893423E
:10C3D00019D3236863602846E7E7C068F4F7E6FEF0
:10C3E000226C5142E3689B1AE3602268934202D2B6
:10C3F000A3680B44E360022D01D00020D5E726B1ED
:10C40000013E0020D1E72846CFE70020CDE770B5F8
:10C4100082B00190846C64B1A26BE36B9A4211D339
:10C420004FF0500383F31188BFF36F8FBFF34F8F2B
:10C43000FEE74FF0500383F31188BFF36F8FBFF314
:10C440004F8FFEE7A26B934203D80025284602B027
:10C4500070BD94F8456076B2002201A92046FFF72E
:10C460009BFF0546B6F1FF3F04D0731C5BB284F816
:10C470004530EBE7636A002BE8D004F1240001F0BB
:10C4800019FA0028E2D00125E0E70346026C6AB100
:10C4900010B50846D9681144D9609C68A14201D3FF
:10C4A0001968D960D968F4F781FE10BD704738B5B6
:10C4B0000546FFF7D7FC95F8454064B208E06B6A83
:10C4C000B3B105F1240001F0F5F970B9013C64B293
:10C4D000002C0DDDAB6C002BF1D02846FFF797FF49
:10C4E0000028F3D001F07AFAF0E701F077FAEDE7EF
:10C4F000FF2385F84530FFF7D7FCFFF7B3FC95F82D
:10C50000444064B201E0013C64B2002C0ADD2B69B6
:10C5100043B105F1100001F0CDF90028F3D001F08E
:10C520005DFAF0E7FF2385F84430FFF7BDFC38BD26
:10C5300038B5E0B10D460446FFF794FC2368E26B82
:10C54000216C01FB0230A0600020A0636360013A0F
:10C5500002FB0133E360FF2384F8443084F8453064
:10C56000FDB9236963B9FFF79FFC012038BD4FF087
:10C57000500383F31188BFF36F8FBFF34F8FFEE734
:10C5800004F1100001F096F90028ECD04FF0E02300
:10C590004FF08052C3F8042DBFF34F8FBFF36F8F5E
:10C5A000E1E704F11000FFF7ACFB04F12400FFF712
:10C5B000A8FBD8E738B51D46049C0B4659B9246042
:10C5C000E063236401212046FFF7B2FF84F8505056
:10C5D0000023A36438BD2260F2E740B94FF0500356
:10C5E00083F31188BFF36F8FBFF34F8FFEE710B552
:10C5F00084B01C4683B10B1E18BF0123002A08BF5C
:10C6000043F001038BB94FF0500383F31188BFF35C
:10C610006F8FBFF34F8FFEE74FF0500383F3118806
:10C62000BFF36F8FBFF34F8FFEE7B1FA81F35B0962
:10C63000002A18BF43F0010343B94FF0500383F3BE
:10C640001188BFF36F8FBFF34F8FFEE7542303931F
:10C65000039B542B08D04FF0500383F31188BFF392
:10C660006F8FBFF34F8FFEE7039B012384F84630A3
:10C6700000949DF81830FFF79DFF204604B010BDD0
:10C6800040B94FF0500383F31188BFF36F8FBFF3AE
:10C690004F8FFEE7F0B583B00D461446064601FB0A
:10C6A00000F05430FFF798FD074650B1002380F8A2
:10C6B00046300090234600F1540229463046FFF7E9
:10C6C00079FF384603B0F0BD40B94FF0500383F313
:10C6D0001188BFF36F8FBFF34F8FFEE710B582B0A5
:10C6E0000C46884208D24FF0500383F31188BFF301
:10C6F0006F8FBFF34F8FFEE7022300931346002294
:10C700001146FFF76AFF00B1846302B010BD40B963
:10C710004FF0500383F31188BFF36F8FBFF34F8F38
:10C72000FEE710B50C46884208D24FF0500383F361
:10C730001188BFF36F8FBFF34F8FFEE702220021F6
:10C74000FFF79EFF00B1846310BDF0B585B0019284
:10C7500088B10F461D460446B1B1022D20D1E36BCE
:10C76000012B1DD04FF0500383F31188BFF36F8F5F
:10C77000BFF34F8FFEE74FF0500383F31188BFF3F1
:10C780006F8FBFF34F8FFEE7036C002BE5D04FF0A8
:10C79000500383F31188BFF36F8FBFF34F8FFEE712
:10C7A00001F022F9064658B9019B002B65D04FF0E5
:10C7B000500383F31188BFF36F8FBFF34F8FFEE7F2
:10C7C00000265AE0A66B2A4639462046FFF7E4FDCC
:10C7D000A36CE3B1022D14BF00250125002E08BF74
:10C7E000002525B1FFF760FB012005B0F0BD204614
:10C7F000FFF70DFE0028F5D04FF0E0234FF08052F8
:10C80000C3F8042DBFF34F8FBFF36F8FEAE7636A5E
:10C8100063B90028E6D04FF0E0234FF08052C3F810
:10C82000042DBFF34F8FBFF36F8FDBE704F12400BC
:10C8300001F040F80028D5D04FF0E0234FF08052AF
:10C84000C3F8042DBFF34F8FBFF36F8FCAE7FFF715
:10C850002BFB0020C9E702A801F072F8012619E0BD
:10C86000002384F8443021E0002384F8453023E09D
:10C870002046FFF71CFE00F0A3FEFFF7F3FAA26BC1
:10C88000E36B9A429ED3022D9CD0019B002BDED0FD
:10C89000002EE0D0FFF708FB00F0F0FDFFF7E2FA12
:10C8A00094F8442052B2B2F1FF3FD9D094F8452019
:10C8B00052B2B2F1FF3FD7D0FFF7F6FA01A902A8B2
:10C8C00001F04AF8D8B92046FFF74AFD0028CFD03A
:10C8D000019904F1100000F0B9FF2046FFF7E7FDD1
:10C8E00000F06EFE0028C8D14FF0E0234FF08052D8
:10C8F000C3F8042DBFF34F8FBFF36F8FBDE7204602
:10C90000FFF7D5FD00F05CFE00206EE748B108B5EA
:10C91000002181600160C1600B460A46FFF715FFE8
:10C9200008BD704710B5024600210120FFF7A8FEA0
:10C930000446FFF7EBFF204610BD10B582B00B4652
:10C940000090002211460120FFF747FE0446FFF742
:10C95000DDFF204602B010BDA0B12DE9F0470F4623
:10C9600016461C460546B1B1022C20D1EB6B012BBB
:10C970001DD04FF0500383F31188BFF36F8FBFF3C7
:10C980004F8FFEE74FF0500383F31188BFF36F8F93
:10C99000BFF34F8FFEE7036C002BE5D04FF0500341
:10C9A00083F31188BFF36F8FBFF34F8FFEE7FFF75D
:10C9B0007FFBEFF311894FF0500383F31188BFF32E
:10C9C0006F8FBFF34F8FAA6BEB6B9A4206D3022C8B
:10C9D00004D0002089F31188BDE8F08795F84580E0
:10C9E0004FFA88F8D5F838A0224639462846FFF78E
:10C9F000D3FCB8F1FF3F06D008F101035BB285F824
:10CA000045300120E6E7AB6C93B1022C14BF002443
:10CA10000124BAF1000F08BF00240CB10120D9E7AE
:10CA20002846FFF7F4FC80B18EB101203060D1E7D9
:10CA30006B6A0BB90120CDE705F1240000F03AFF45
:10CA400038B146B101203060C4E70120C2E70120BF
:10CA5000C0E70120BEE70120BCE768B170B50D4614
:10CA60000446036C8BB14FF0500383F31188BFF37E
:10CA70006F8FBFF34F8FFEE74FF0500383F31188A2
:10CA8000BFF36F8FBFF34F8FFEE70368EBB1FFF784
:10CA90000FFBEFF311864FF0500383F31188BFF3C0
:10CAA0006F8FBFF34F8FA26BE36B934230D994F833
:10CAB00045305BB20132A263B3F1FF3F11D00133C5
:10CAC0005BB284F84530012023E08368002BDED080
:10CAD0004FF0500383F31188BFF36F8FBFF34F8F75
:10CAE000FEE7A36C3BB12046FFF791FCA0B1ADB1CE
:10CAF000012028600DE0636A0BB9012009E004F110
:10CB0000240000F0D7FE58B165B10120286000E094
:10CB1000002086F3118870BD0120FAE70120F8E7B4
:10CB20000120F6E70120F4E7F0B585B0019290B15D
:10CB30000F460446C1B100F057FF064600BB019BFB
:10CB4000002B5ED04FF0500383F31188BFF36F8F3B
:10CB5000BFF34F8FFEE74FF0500383F31188BFF30D
:10CB60006F8FBFF34F8FFEE7036C002BE3D04FF0C6
:10CB7000500383F31188BFF36F8FBFF34F8FFEE72E
:10CB800000263EE039462046FFF77FFC013DA563C5
:10CB9000236923B9FFF788F9012005B0F0BD04F13E
:10CBA000100000F087FE0028F4D04FF0E0234FF093
:10CBB0008052C3F8042DBFF34F8FBFF36F8FE9E7A7
:10CBC000FFF772F90020E8E702A800F0B9FE01269D
:10CBD00021E0002384F8443029E0002384F8453024
:10CBE0002BE02046FFF763FC00F0EAFC09E020465A
:10CBF000FFF75DFC00F0E4FC2046FFF7C0FB0028D7
:10CC00003FD1FFF72FF9A56B002DBBD1019B002B66
:10CC1000D6D0002ED8D0FFF747F900F02FFCFFF751
:10CC200021F994F844305BB2B3F1FF3FD1D094F8CE
:10CC300045305BB2B3F1FF3FCFD0FFF735F901A923
:10CC400002A800F089FE0028D1D12046FFF797FB0B
:10CC50000028C6D0019904F1240000F0F7FD204619
:10CC6000FFF725FC00F0ACFC0028CAD14FF0E02310
:10CC70004FF08052C3F8042DBFF34F8FBFF36F8F77
:10CC8000BFE7002089E770B584B0019158B1044630
:10CC9000036C8BB14FF0500383F31188BFF36F8F98
:10CCA000BFF34F8FFEE74FF0500383F31188BFF3BC
:10CCB0006F8FBFF34F8FFEE700F096FE054650B929
:10CCC000019B5BB14FF0500383F31188BFF36F8F6B
:10CCD000BFF34F8FFEE70026354655E0064653E08A
:10CCE000013BA36323683BB123694BB9FFF7DCF831
:10CCF0000126304604B070BD00F090FFA060F3E75D
:10CD000004F1100000F0D6FD0028EFD04FF0E02332
:10CD10004FF08052C3F8042DBFF34F8FBFF36F8FD6
:10CD2000E4E746B14FF0500383F31188BFF36F8FF0
:10CD3000BFF34F8FFEE7FFF7B7F8DAE702A800F07E
:10CD4000FFFD01252AE0002384F8443032E000236F
:10CD500084F8453034E0FFF785F8A06800F054FE11
:10CD60000646FFF7A1F83BE02046FFF7A0FB00F0E6
:10CD700027FC09E02046FFF79AFB00F021FC204643
:10CD8000FFF7FDFA002842D1FFF76CF8A36B002BE8
:10CD9000A6D1019B002BC4D0002DCFD0FFF784F883
:10CDA00000F06CFBFFF75EF894F844305BB2B3F12F
:10CDB000FF3FC8D094F845305BB2B3F1FF3FC6D017
:10CDC000FFF772F801A902A800F0C6FD0028D1D132
:10CDD0002046FFF7D4FA0028C6D02368002BBAD02B
:10CDE000019904F1240000F031FD2046FFF75FFBBC
:10CDF00000F0E6FB0028C7D14FF0E0234FF080524F
:10CE0000C3F8042DBFF34F8FBFF36F8FBCE70EB98C
:10CE100000266EE7FFF726F82046FFF799FA01464D
:10CE2000A06800F0A1FEFFF73FF8F1E72DE9F84315
:10CE3000B0B10D4616460446D9B1FFF739F9EFF304
:10CE400011884FF0500383F31188BFF36F8FBFF346
:10CE50004F8FA76BCFB9002088F31188BDE8F88306
:10CE60004FF0500383F31188BFF36F8FBFF34F8FE1
:10CE7000FEE7036C002BE0D04FF0500383F31188E2
:10CE8000BFF36F8FBFF34F8FFEE794F844904FFAD4
:10CE900089F929462046FFF7F8FA013FA763B9F15F
:10CEA000FF3F06D009F101035BB284F84430012052
:10CEB000D2E723690BB90120CEE704F1100000F09E
:10CEC000F9FC18B126B101203060C5E70120C3E7A5
:10CED0000120C1E70023072B0CD8074A52F8332062
:10CEE0000AB10133F7E7044A42F8331002EBC303F7
:10CEF00058607047704700BFB435032470B50446CE
:10CF00000D461646FEF7AEFF94F844305BB2B3F11F
:10CF1000FF3F0DD094F845305BB2B3F1FF3F0BD02B
:10CF2000FEF7C2FFA36B5BB12046FFF7C0FA70BDEE
:10CF3000002384F84430EDE7002384F84530EFE720
:10CF40003246294604F1240000F098FCECE700008A
:10CF5000084B1B681B6823B9074B4FF0FF321A6060
:10CF60007047044B1B68DB68DB685A68024B1A6029
:10CF7000704700BFF8350324CC3603242DE9F04771
:10CF800080460D4617469946089EDDF824A00A9C67
:10CF90009200A521206B0CF0FFFB236B6FF0404249
:10CFA0003A4403EB820727F00707002D65D04FF0C6
:10CFB000000CBCF10F0F0BD815F80C2004EB0C0380
:10CFC00083F8342015F80C3013B10CF1010CF0E7A4
:10CFD000002384F84330062E00D90626E662E66474
:10CFE00000252565201DFEF797FE04F11800FEF7C9
:10CFF00093FE2461C6F10706A6616462C4F88054FA
:10D0000084F884544FF48562294604F158000CF0EA
:10D01000C3FB04F55173E36504F56B73236604F2F7
:10D020001443636601220023C4E9402343F20E3314
:10D03000A4F808314AF6CD33A4F80A3141F234237A
:10D04000A4F80C314EF26D63A4F80E314DF6EC638A
:10D05000A4F810310523A4F812310B23A4F81431DD
:10D060004A4641463846FEF7CFFE2060BAF1000F2F
:10D0700001D0CAF80040BDE8F087002384F83430BE
:10D08000A9E7000038B5002407E004EB8402930010
:10D090000E481844FEF735FE0134062CF5D90C4D28
:10D0A0002846FEF72EFE0B4C2046FEF72AFE0A48C5
:10D0B000FEF727FE0948FEF724FE0948FEF721FE89
:10D0C000084B1D60084B1C6038BD00BF00360324B0
:10D0D000A0360324B4360324D836032404370324AB
:10D0E000F0360324F8350324FC35032410B5044638
:10D0F000FEF7B8FE224A136801331360214B1B6808
:10D100005BB1214B1B686BB91E4B1B68DA6AE36A83
:10D110009A4207D81B4B1C6004E01A4B1C60136832
:10D12000012B29D0194A1368013313606364E06A44
:10D1300001238340164A11680B43136000EB800003
:10D14000211D144B03EB8000FEF7E9FDFEF7ACFE5A
:10D150000D4B1B687BB10B4B1B68DA6AE36A9A4282
:10D1600009D24FF0E0234FF08052C3F8042DBFF3F3
:10D170004F8FBFF36F8F10BDFFF784FFD2E700BF63
:10D180008C360324F4350324EC3603249836032428
:10D190009C3603240036032410B5044658300CF0A6
:10D1A0007DFB94F8853463B1012B11D0022B0ED096
:10D1B0004FF0500383F31188BFF36F8FBFF34F8F8E
:10D1C000FEE7206BFFF786F82046FFF783F810BDD7
:10D1D0002046FFF77FF8FAE70F4B1B68D3B110B575
:10D1E000FEF740FE0D4BDB68DC68201DFEF7BBFD43
:10D1F0000B4A1368013B1360074A1368013B136035
:10D20000FEF752FE2046FFF7C7FF034B1B68002BBB
:10D21000E6D110BD704700BF9036032404370324C5
:10D220008C36032408B5FFF7D7FF074B1B68012B8B
:10D23000F9D94FF0E0234FF08052C3F8042DBFF32B
:10D240004F8FBFF36F8FEEE70036032470B50446AF
:10D250000D461F4B1E681F4B18680430FEF783FDF8
:10D2600050B91C4B1B68DA6A012303FA02F21A490F
:10D270000B6823EA02030B60B4F1FF3F14BF0023E5
:10D280000123002D08BF00236BB93444114B1B68E8
:10D290005C60A6420ED9114B18680E4B1968043118
:10D2A000FEF748FD70BD0B4B196804310C48FEF7C2
:10D2B00036FDF7E70B4B1868064B19680431FEF78B
:10D2C00039FD094B1B68A342ECD9074B1C60E9E709
:10D2D00018370324F43503249C360324FC35032437
:10D2E000F0360324F8350324CC36032430B587B058
:10D2F0000B9C8CB10C9DC5B14FF491650495049DB8
:10D30000B5F5916F1AD04FF0500383F31188BFF336
:10D310006F8FBFF34F8FFEE74FF0500383F31188F9
:10D32000BFF36F8FBFF34F8FFEE74FF0500383F3D0
:10D330001188BFF36F8FBFF34F8FFEE7049D0C9DE5
:10D340002C63022485F8854400240394029505ACDF
:10D3500001940A9C0094FFF711FE0C98FFF7C6FE9B
:10D36000059807B030BD2DE9F04385B007468846E3
:10D3700014461E469000FEF72FFF08B381464FF477
:10D380009160FEF729FF0546B0B1C0F83090E5B1D5
:10D39000002385F88534039302950D9B01930C9B24
:10D3A00000933346224641463846FFF7E7FD2846BC
:10D3B000FFF79CFE012005E04846FEF78BFFE6E7FD
:10D3C0004FF0FF3005B0BDE8F0834FF0FF30F9E7D4
:10D3D00010B588B000240594069407AA06A905A8EC
:10D3E000F4F794FA059B0293069B0193009423465D
:10D3F000079A1A491A48FFF779FF1A4B186040B18B
:10D4000000F08AFC012806D0B0F1FF3F1DD008B023
:10D4100010BD0020F6E74FF0500383F31188BFF3EF
:10D420006F8FBFF34F8F104B1B6858330F4A136039
:10D430000F4B4FF0FF321A600E4B01221A600E4B59
:10D4400000221A60FEF7A8FDE1E74FF0500383F3D6
:10D450001188BFF36F8FBFF34F8FFEE7940D020863
:10D4600025D20008C8360324F43503247C050024A3
:10D47000CC360324EC36032418370324024A1368FD
:10D4800001331360704700BF94360324014B1868C2
:10D49000704700BF1837032408B5FEF709FE014B9B
:10D4A000186808BD18370324F8B53A4B1B68002BE1
:10D4B00069D1394B1D6801351D60C5B9374B1B68F3
:10D4C0001B6843B14FF0500383F31188BFF36F8F94
:10D4D000BFF34F8FFEE7314A1168314B1868106077
:10D4E0001960304A136801331360FFF731FD2E4B8A
:10D4F0001B68AB423DD900272C4B1B68DB6A03EB52
:10D5000083039A002A4B9B58012B00D90127294BF2
:10D510001B68002B3CD001273AE001271F4B1B68FA
:10D520001B6843B31D4B1B68DB68DC6863689D4266
:10D5300026D3261D3046FEF716FCA36A1BB104F164
:10D540001800FEF710FCE36A01229A401A490868A5
:10D5500002430A6003EB83039A00314614481044E7
:10D56000FEF7DDFBE26A114B1B68DB6A9A42D4D2FC
:10D57000D4E70027D2E70C4B4FF0FF321A60BBE72D
:10D58000094A1360B8E70D4A136801331360002796
:10D590003846F8BD9436032418370324F83503249D
:10D5A000FC350324D0360324CC360324F43503247D
:10D5B000003603241C3703249C360324D43603246A
:10D5C00038B5354B1B6843B94FF0500383F31188CE
:10D5D000BFF36F8FBFF34F8FFEE7FEF743FC2E4B79
:10D5E0001A68013A1A601B68002B4FD12B4B1B683D
:10D5F0000BB900244BE00024294B1B681BB3284BBC
:10D60000DB68DC6804F11800FEF7ADFB251D284639
:10D61000FEF7A9FBE06A01238340224A11680B430D
:10D62000136000EB800029461F4B03EB8000FEF7E0
:10D6300076FBE26A1D4B1B68DB6A9A42DCD31C4B0B
:10D6400001221A60D8E70CB1FFF782FC194B1C6865
:10D6500084B9174B1C68D4B14FF0E0234FF08052CF
:10D66000C3F8042DBFF34F8FBFF36F8F01240EE07B
:10D67000013C07D0FFF718FF0028F9D00C4B01221E
:10D680001A60F5E70B4B00221A60E2E70024FEF770
:10D690000BFC204638BD00BF943603248C3603248F
:10D6A000D83603249C36032400360324F43503249F
:10D6B0001C370324D436032438B558B10C4605462C
:10D6C00089B94FF0500383F31188BFF36F8FBFF315
:10D6D0004F8FFEE74FF0500383F31188BFF36F8F36
:10D6E000BFF34F8FFEE71B4B1B6843B14FF0500356
:10D6F00083F31188BFF36F8FBFF34F8FFEE7FFF700
:10D70000BDFE154B18682B681C44834209D9A342FF
:10D7100001D82C600EE0A04201D32C600AE02C60FE
:10D7200004E0A34201D8A04212D22C600021201AAA
:10D73000FFF78CFDFFF744FF48B94FF0E0234FF0AF
:10D740008052C3F8042DBFF34F8FBFF36F8F38BDE6
:10D750002C60EFE7943603241837032410B5A8B1E2
:10D760000446104B1B6843B14FF0500383F31188FC
:10D77000BFF36F8FBFF34F8FFEE7FFF77FFE0021F0
:10D780002046FFF763FDFFF71BFF48B94FF0E0238A
:10D790004FF08052C3F8042DBFF34F8FBFF36F8F4C
:10D7A00010BD00BF94360324224B1B681BB1224BD3
:10D7B00001221A607047204B00221A601F4B1B6821
:10D7C000B3FA83F3DBB2C3F11F0303EB83018A00D7
:10D7D0001B498A5842B94FF0500383F31188BFF3B5
:10D7E0006F8FBFF34F8FFEE7154903EB8300820075
:10D7F0000A4450684068506003EB830C4FEA8C0287
:10D800000832114488420DD003EB83039A000C4B7D
:10D8100013445B68DA680B4B1A601B6858330A4A7A
:10D8200013607047406862469100054A0A445060A0
:10D83000EAE700BF943603241C3703249C360324F4
:10D8400000360324F43503247C05002458B110B5B8
:10D850000C46094A11681831FEF76CFA012120467E
:10D86000FFF7F4FC10BD4FF0500383F31188BFF3B2
:10D870006F8FBFF34F8FFEE7F435032438B570B1D7
:10D880000D4614460A4A11681831FEF748FA0CB1E1
:10D890004FF0FF3521462846FFF7D8FC38BD4FF042
:10D8A000500383F31188BFF36F8FBFF34F8FFEE7F1
:10D8B000F435032438B5C368DC6824B304F11805D3
:10D8C0002846FEF750FA184B1B682BBB251D28462F
:10D8D000FEF749FAE06A01238340144A11680B43BA
:10D8E000136000EB80002946114B03EB8000FEF72C
:10D8F00016FAE26A0F4B1B68DB6A9A4211D90120C3
:10D900000D4B186038BD4FF0500383F31188BFF3FF
:10D910006F8FBFF34F8FFEE729460848FEF7FFF9E8
:10D92000E7E70020EEE700BF943603249C3603248B
:10D9300000360324F43503241C370324D83603248B
:10D94000034B1B680360034B1B684360704700BFB9
:10D95000D036032418370324F8B5C8B10C46054661
:10D96000F9B1FEF77FFA1B4B19686B68C81A226879
:10D97000B2F1FF3F26D0184E36682F68B74201D06B
:10D980008B4224D9824215D80023236001241AE057
:10D990004FF0500383F31188BFF36F8FBFF34F8FA6
:10D9A000FEE74FF0500383F31188BFF36F8FBFF38F
:10D9B0004F8FFEE75B1A134423602846FFF7C0FF32
:10D9C000002400E00024FEF76FFA2046F8BD012491
:10D9D000F9E700BF18370324D0360324014B012296
:10D9E0001A6070471C370324054B1B6833B1054B85
:10D9F0001B680BB100207047022070470120704760
:10DA0000EC36032494360324002849D038B5044664
:10DA1000C36A254A1268D26A934239D28269002ABF
:10DA200005DB214A1268D26AC2F10702826161698C
:10DA300003EB83031D4A02EB8303994205D01A4B83
:10DA40001B68DB6AE362012038BD251D2846FEF70E
:10DA50008AF940B9E26A012303FA02F214490B6819
:10DA600023EA02030B60104B1B68D86AE0620124B2
:10DA700004FA00F30E4A11680B43136000EB8000B8
:10DA800029460A4B03EB8000FEF749F92046DBE705
:10DA9000C26C054B1B68DB6A9A4203D30020D3E7B4
:10DAA000002070470120CFE7F4350324003603241B
:10DAB0009C36032400284CD038B50446274B1B68FD
:10DAC000834208D04FF0500383F31188BFF36F8F68
:10DAD000BFF34F8FFEE7036D43B94FF0500383F35D
:10DAE0001188BFF36F8FBFF34F8FFEE7013B0365D4
:10DAF000C16AC26C91422ED00BB1002038BD051D09
:10DB00002846FEF730F970B9E26A02EB82039B0007
:10DB10001349CB583BB9012303FA02F211490B68B0
:10DB200023EA02030B60E06CE062C0F10703A3612B
:10DB3000012404FA00F30B4A11680B43136000EB55
:10DB400080002946064B03EB8000FEF7E8F82046EC
:10DB5000D4E7002070470020D0E700BFF43503244D
:10DB6000003603249C360324002850D038B50446E0
:10DB7000036D43B94FF0500383F31188BFF36F8FE8
:10DB8000BFF34F8FFEE7C26C8A4200D20A46E16AB9
:10DB9000914201D0012B00D038BD1D4B1B68A34220
:10DBA0002CD0E262A369002B02DBC2F10702A26162
:10DBB000626901EB8101174B03EB81018A42EBD1D2
:10DBC000251D2846FEF7CFF840B9E26A012303FA83
:10DBD00002F211490B6823EA02030B60E06A012399
:10DBE00083400D4A11680B43136000EB8000294607
:10DBF000084B03EB8000FEF792F8CDE74FF050039F
:10DC000083F31188BFF36F8FBFF34F8FFEE7704729
:10DC1000F4350324003603249C360324054B1B688B
:10DC200023B1044B1A68136D01331365014B186857
:10DC3000704700BFF4350324064B1A6813682BB9EC
:10DC40000123036023B9D368186870470023F8E7FD
:10DC5000002070472037032408B5416000619142DD
:10DC60000CD8D21A83699A4201D3012008BD011D44
:10DC70000B4B1868FEF75EF80020F7E79A422CBFBE
:10DC800000220122994238BF00220AB10120EDE7AB
:10DC9000011D044B1868FEF74DF80020E6E700BFB1
:10DCA000243703242037032430B583B0FEF7DAF895
:10DCB000114B1B681BB1FEF7F7F803B030BD0F4DD9
:10DCC0002846FEF71EF80E4C2046FEF71AF80D4BBC
:10DCD0001D600D4B1C60002300930C4B0C4A10215F
:10DCE0000A20FEF77AFC044B18600028E3D00949AB
:10DCF000FFF7F0F8DFE700BF48380324C8370324F4
:10DD0000DC3703242037032424370324F437032487
:10DD1000283703249C0D020810B588B0FFF7C4FF14
:10DD2000124B1B68CBB100240594069407AA06A9E0
:10DD300005A8F3F7F7FD059B0293069B01930223C9
:10DD400000932346079A0A490A48FFF7CFFA0A4B7D
:10DD5000186010B1012008B010BD4FF0500383F3DC
:10DD60001188BFF36F8FBFF34F8FFEE7483803244E
:10DD7000A40D020881E000084C380324B8B19C4689
:10DD800003461848006858B300B585B00091019269
:10DD9000029305291CDCFFF727FE022810D0002380
:10DDA0001A4669460F480068FEF7CFFC15E04FF0B1
:10DDB000500383F31188BFF36F8FBFF34F8FFEE7DC
:10DDC0000023069A694607480068FEF7BEFC04E097
:10DDD000002362466946FEF7BFFD05B05DF804FB0F
:10DDE000002070474838032470B582B01B4B1B6875
:10DDF0001A6862B3DB681E68DC68251D2846FDF7DB
:10DE0000B2FF236A2046984794F8283013F0040F95
:10DE1000ECD0A36933449E4207D263602461294653
:10DE20000E4B1868FDF786FFE0E7002100910B46D6
:10DE300032462046FFF7A2FF0028D7D14FF050030B
:10DE400083F31188BFF36F8FBFF34F8FFEE7044A50
:10DE5000106802490860136002B070BD20370324C7
:10DE60002437032438B50546FFF710FB0446074B5B
:10DE70001B68834205D800232B60044B1C6020469E
:10DE800038BDFFF7B1FF01232B60F6E7F03703241D
:10DE900070B582B006460D4617490968C968CC6856
:10DEA000201DFDF760FF94F828C01CF0040F08D176
:10DEB0002CF0010C84F828C0236A2046984702B051
:10DEC00070BDA16933462A4631442046FFF7C4FE9F
:10DED0000028F1D0002100910B4632462046FFF782
:10DEE0004DFF0028E8D14FF0500383F31188BFF3B2
:10DEF0006F8FBFF34F8FFEE72037032470B582B0DA
:10DF000006460C46FFF7BAFA01A8FFF7ABFF019BE4
:10DF10003BBB0546B04228BF002C19D024B1134AA0
:10DF200012681268DAB901242246711B104B186876
:10DF3000FEF7E4FFFFF744FBA8B94FF0E0234FF0F2
:10DF40008052C3F8042DBFF34F8FBFF36F8F0AE0E9
:10DF5000FFF736FB29463046FFF79AFF03E01C46E1
:10DF6000E2E7FFF72DFB02B070BD00BF24370324AA
:10DF70004838032410B588B002E0049B002B0FDA68
:10DF8000002204A93D4B1868FEF7CEFD002873D08F
:10DF9000049B002BF1DA07990698059B9847ECE75C
:10DFA000069C636913B1201DFDF7DDFE03A8FFF792
:10DFB00059FF049B092BE3D8DFE803F00505053082
:10DFC00037500505303794F8283043F0010384F8C2
:10DFD0002830059BA169024619442046FFF73CFE04
:10DFE0000028CDD0236A2046984794F8283013F0B3
:10DFF000040FC5D0A269002100910B460598024488
:10E000002046FFF7BBFE0028BAD14FF0500383F340
:10E010001188BFF36F8FBFF34F8FFEE794F828305E
:10E0200023F0010384F82830AAE794F8283043F05D
:10E03000010384F828300599A16131B103460246F5
:10E0400001442046FFF708FE9AE74FF0500383F3A0
:10E050001188BFF36F8FBFF34F8FFEE794F828301E
:10E0600013F0020F04D023F0010384F8283087E76F
:10E070002046FEF72FF983E708B010BD4838032487
:10E0800000B583B001A8FFF7D7FD0199FFF736FF70
:10E09000FFF770FFF6E70369C268934204D880680F
:10E0A000801A0344581E70479B1A581E70472DE96A
:10E0B000F843044688461646C5688768A7EB0509F5
:10E0C000914509D940682844F3F770F8BFF35F8F92
:10E0D0003544E560BDE8F88340684A462844F3F7D4
:10E0E00065F8ED1B35442A4608EB09016068F3F733
:10E0F0005DF8BFF35F8FE560ECE72DE9F843064676
:10E1000088461746C5684FF000091AE0641B621E76
:10E11000B3685C1B944228BF1446BC4228BF3C46EF
:10E120007068224641462844F3F740F8A144A044D1
:10E130003F1B2544B368AB420BD0BFF35F8FF56044
:10E140004FB13469A542E1D3B268641B1444621E26
:10E15000DEE70025F1E74846BDE8F88310B5154C29
:10E16000A822002120460BF017FB032323616361E3
:10E17000114AA261114BE3614FF4806323620023D3
:10E18000A3626362E36222660D4A62668022A2662F
:10E190002367E3666367BFF35F8F06E0C3F10F0297
:10E1A0000849895C034AD15401330F2BF6D9BFF3D8
:10E1B0005F8F10BD50380324AC0D0208783903245A
:10E1C000F8380324B80D0208F8B50F461646184B68
:10E1D000451C05EB450503EBC50500EB400003EBD3
:10E1E000C000C46A012C11D0022C1CD014B1002430
:10E1F0002046F8BD2846FFF74EFF8642F8D8324643
:10E2000039462846FFF753FF3446F1E72846FFF723
:10E2100042FF3446864228BF0446224639462846F5
:10E22000FFF745FFE4E72846FFF767FF0446DFE70F
:10E2300050380324F8B504460D461646094B1B78A2
:10E240006BB1EFF311874FF0200181F31188324653
:10E2500029462046FFF7B8FF87F31188F8BDFFF77E
:10E260007DFFEEE75038032408B5FFF777FF08BDC0
:10E2700010B504468268531C4068834205D8206864
:10E280008154A360E3680133E360A26863689A4243
:10E2900000D010BD21682069FFF7CCFFA368984229
:10E2A00003D04FF0FF33E360F3E70023A360F0E710
:10E2B0002DE9F84F81460F4615461E46DDF828A089
:10E2C0000B9A0B464FF0010803E0B3FBF5F308F19E
:10E2D0000108AB42F9D2B04500D2B04612F0010BB2
:10E2E00015D1BAF1000F12D012F0020F02D0A6B170
:10E2F000202400E02024C24509D90AF1FF3A214632
:10E300004846FFF7B5FFD9F80C30002BF3DAD9F8FF
:10E310000C30002B25DB012404E03024EBE7013E28
:10E3200005FB04F4012EFAD8B7FBF4F39D42F7D9AC
:10E3300000E01C46B7FBF4F304FB1377104AD15CF2
:10E340004846FFF795FFD9F80C30002B03DBB4FBF0
:10E35000F5F3AC42EDD2BBF1000F02D0BAF1000FE1
:10E3600001D1BDE8F88FC245FBD90AF1FF3A20215F
:10E370004846FFF77DFFD9F80C30002BF3DAF0E7C1
:10E38000CC0D02082DE9F04782B0064688461546B6
:10E3900099460A9FDDF82CA081EAE17CACEBE17C98
:10E3A000012402E09CFBF5FC01346545FADD4C4597
:10E3B00000D24C4637B1B8F1000F02DB1AF0040F5F
:10E3C00000D0013F1AF0020F02D0B9F1000F03D0C4
:10E3D0001AF0010F00D1AFB9F368002B0FDBB8F1D1
:10E3E000000F1ADB1AF0040F1ED1F368002B06DBB6
:10E3F0000AF00303022B1CD0F368002B29DA02B0C9
:10E40000BDE8F087A742E7D9013F20213046FFF75A
:10E410002FFFF368002BF5DADEE7C8F100082D21A5
:10E420003046FFF725FFE0E72B213046FFF720FFBE
:10E43000DBE7B9F1000FDFD1002FDDD0A742DBD938
:10E44000013F30213046FFF713FFF368002BF5DA68
:10E45000D2E7CDF804A000974B462A464146304605
:10E46000FFF726FFCBE70000F0B599B007460C4652
:10E47000164603AB13934023149300231593179070
:10E48000169388E00020012211E040F001000134E1
:10E490000CE040F00200013408E040F004000134D8
:10E4A00004E040F00800013400E0002212B32378B9
:10E4B000233B0D2BF9D801A151F823F0A3E4000868
:10E4C000ABE40008ABE40008ABE40008ABE40008F0
:10E4D000ABE40008ABE40008ABE400089BE40008F0
:10E4E000ABE400088BE40008ABE40008ABE40008F0
:10E4F00093E40008002506E0013405EB850503EBF5
:10E500004503A3F130052378A3F13002D2B2092AE2
:10E51000F2D92E2B02D00023227810E00134002300
:10E520002278A2F13001C9B20929F5D8013403EBF0
:10E53000830302EB4303303BF2E714F8012F682A10
:10E5400018BF6C2AF9D0252A6DD020D3782A1ED87E
:10E55000582A1CD3583A202A19D8DFE802F03D186F
:10E560001818181818181818181127181818181823
:10E5700018181818181857181848183218183D0085
:10E5800033681A1D3260197813A8FFF771FE013441
:10E59000169B002B4CDB14F8011B002948D02529C1
:10E5A0003FF470AF13A8FFF763FEF1E73268111D67
:10E5B00031601168019000950A2213A8FFF7E2FE6E
:10E5C000E5E73268111D31601168019000950A225B
:10E5D00013A8FFF76DFEDAE73268111D316011688C
:10E5E00001900095102213A8FFF762FECFE7336871
:10E5F0001A1D32601D6815F8011B0029C7D013A829
:10E60000FFF736FE169B002BF5DAC0E733681A1DBC
:10E61000326019680023019308230093102213A885
:10E62000FFF746FEB3E7252113A8FFF721FEAEE76B
:10E63000169B002B05DD159A32B9159A169B1344CB
:10E640001693169819B0F0BD03A93846FFF7F2FDEE
:10E65000F3E700BF0EB400B582B003AB53F8041B60
:10E66000019301AAFFF700FF02B05DF804EB03B0CD
:10E670007047000008B5012210491148FCF75EFC04
:10E6800080B910490E48FCF770FC70B90E490C486F
:10E69000FCF7F6FB60B90A48FCF781FC58B9F7F7BC
:10E6A0004DFA08BDF3F7C0FAEBE7F3F7BDFAEDE773
:10E6B000F3F7BAFAEFE7F3F7B7FAF0E7B0000024A0
:10E6C000783D0324100000249C00002400207047A3
:10E6D000002070470020704738B504460AF00EFA53
:10E6E000044D21462846FCF7E4FB2846FCF70AFCCB
:10E6F000002038BD783D032410B5064C00220649A1
:10E700002046FCF7C8FB05492046FCF7D2FB002059
:10E7100010BD00BF783D0324544803245440032413
:10E72000094BD3F8BC32D3F814320BB10120704737
:10E7300010B5054C0A4601462046FCF7ACFB2046C6
:10E74000FCF7C3FB10BD00BF783D032412230B80F0
:10E7500000487047D000002404230B800048704715
:10E76000E4000024002393421ED200B510E00CF117
:10E77000370C01F813C000014FEA430C0CF1010CF7
:10E780004FF0000E01F80CE00133DBB2934209D2E6
:10E790004FEA107CB0F1204FE9D20CF1300C01F8B7
:10E7A00013C0E8E75DF804FB7047000038B50B4B79
:10E7B000D3F80008D3F80448D3F80838C01800D1BB
:10E7C00038BD074D0822A91CFFF7CCFF042205F134
:10E7D00012012046FFF7C6FFF2E700BF00E0F11F7D
:10E7E000E800002408B51A230B80FFF7DFFF01487B
:10E7F00008BD00BFE800002408B50A4628B905494D
:10E800000548FDF72FF9034808BD02490248FDF706
:10E8100029F9F8E754500324DC0D020810B50A4624
:10E82000034C21460348FDF71DF9204610BD00BFEB
:10E8300054500324F40D020808B50A4628B90549C6
:10E840000548FDF70FF9034808BD02490248FDF7E6
:10E8500009F9F8E754500324080E020808B50A46DF
:10E8600028B905490548FDF7FDF8034808BD0249E8
:10E870000248FDF7F7F8F8E754500324140E020895
:10E8800010B5B0B00446B822002102A80AF084FFF7
:10E890002268164B9A4201D030B010BD4FF480224E
:10E8A0000023CDE902234FF44013239302A8F8F785
:10E8B00003F8B8B9F7F742F90D4BD3F8D82042F076
:10E8C0000072C3F8D820D3F8D83003F00073019356
:10E8D000019B002205214D20F4F7AEF94D20F4F7FD
:10E8E000E1F9D9E7F3F7A0F9E4E700BF000004403D
:10E8F0000044025808B500F29C41D0F8E004FCF74F
:10E9000064FB08BD08B501EBC10300EB8303D3F83A
:10E910006022D0F8E004FCF72AFC08BD08B501EB42
:10E92000C10300EB83031A6AD0F8E004FCF782FC11
:10E9300008BD08B5D0F8E004FCF7C4FB08BD10B56D
:10E940000446C17911B1022909D10121D4F8E004AA
:10E95000FCF799FBD4F8E004FCF763FB10BDF3F778
:10E9600063F90121F2E7000010B50446D0F8E00495
:10E97000FCF78CFB2268D2F8003E43F00103C2F89A
:10E98000003EE37A23B1034A136943F0060313619F
:10E9900010BD00BF00ED00E008B5D0F8E004FCF7C2
:10E9A00084FB08BD08B5D0F8E004FCF7B3FB08BD54
:10E9B00008B5D0F8E004FCF796FB08BD08B5D0F820
:10E9C000E004FCF7BEFB08BD08B5D0F8E004FCF796
:10E9D000BAFB08BD0378012B01D00020704710B5A9
:10E9E000164BC3F8E004C0F8C832154A1A60092271
:10E9F0001A710221D97100229A7159729A72DA72CF
:10EA00001A739A73DA731A741846F6F765FA90B99E
:10EA10000A4C4FF400712046F7F74BF88022002192
:10EA20002046F7F720F84FF4BA7201212046F7F795
:10EA30001AF8002010BDF3F7F7F8E9E75452032461
:10EA400000000440D0F8C83211F0800F08D101F066
:10EA50007F0101EBC10103EB810191F85602704780
:10EA600001F07F0101EBC10103EB8101887D70475B
:10EA700008B5D0F8C802F6F733FC08BD0048704767
:10EA8000385703247047032805D8DFE800F0050451
:10EA90000205012070470320704708B5D0F8C8026E
:10EAA000F6F79BFAFFF7EFFF08BD08B594461A4644
:10EAB0006346D0F8C802F6F770FBFFF7E4FF08BD25
:10EAC00008B5D0F8C802F6F7AEFBFFF7DCFF08BDCB
:10EAD00008B5D0F8C802F6F731FCFFF7D4FF08BD3F
:10EAE00008B5D0F8C802F6F76CFCFFF7CCFF08BDFC
:10EAF00008B5D0F8C802F6F73DFBFFF7C4FF08BD24
:10EB000008B5D0F8C802F6F7F4FBFFF7BCFF08BD64
:10EB100008B5D0F8C802F6F7BEFBFFF7B4FF08BD92
:10EB200010EE103A0360436806EE103A836807EE71
:10EB3000903A26EE276AC36806EE903A77EEA67AF8
:10EB400086EE277A66EE806A86EEA70A37EE000A1E
:10EB500010EE103A43607047D0ED017A90ED0D7AD7
:10EB6000D0ED0E6A37EE267AF6EE006A27EE267AA8
:10EB700067EE877A90ED197A67EE877AC0ED137A9F
:10EB80007047D0ED0D7A90ED117A27EE877AB5EEC9
:10EB9000C07AF1EE10FA26DDF5EEC07AF1EE10FA49
:10EBA0001CDD90ED087AB4EEE77AF1EE10FA1ADA8D
:10EBB000D0ED076A37EE266AB4EEE76AF1EE10FA96
:10EBC0000FDB76EEE77A77EE277A87EEA67AD0ED3E
:10EBD000137A67EE877AC0ED137A7047F1EE677AA1
:10EBE000DFE70023C3647047D0ED116A90ED137A1C
:10EBF00036EE877A1F4B83ED007AD0ED107A76EEF1
:10EC0000A77A90ED126A77EE867A1B4BC3ED007AF5
:10EC1000F5EEC07AF1EE10FA28DD90ED036AB4EE5D
:10EC2000E76AF1EE10FA0AD5D0ED0D7A66EEA76A22
:10EC3000F5EEC06AF1EE10FA01DD0023C364D0EDF9
:10EC4000067AB4EEE77AF1EE10FA03DD0023C3642E
:10EC5000C0ED117AF1EE677AB4EEE77AF1EE10FAD0
:10EC600003D50023C364C0ED117A7047F1EE677AD3
:10EC7000D3E700BFD4590324D8590324D0ED027A36
:10EC800090ED0C7AD0ED0B6A37EE667A67EE877AF4
:10EC9000D0ED196A87EEA67A80ED127A704790ED72
:10ECA000126AD0ED197A26EE276A90ED0A7A77EE8D
:10ECB000877AC6EE276A90ED166A27EE067A87EE07
:10ECC000276A76EE867AC0ED127A704790ED146A64
:10ECD000D0ED197A26EE276A90ED097A77EE877AD9
:10ECE000C6EE276A90ED156A27EE067A87EE276A48
:10ECF00076EE867AC0ED147A704790ED147AD0EDF6
:10ED0000037AB4EEE77AF1EE10FA01DDC0ED147A81
:10ED100090ED147AF1EE677AB4EEE77AF1EE10FA3C
:10ED200001D5C0ED147A704790ED147AB0EEC77A31
:10ED3000D0ED037ADFED1D6A67EEA67AB4EEE77ACE
:10ED4000F1EE10FA2BD4D0ED177AB0EEE77ADFEDC2
:10ED5000186AB4EEE67AF1EE10FA20D4D0ED0B6A20
:10ED600077EEE67AF0EEE77AC7EE876ADFED117AA2
:10ED7000F4EEE76AF1EE10FA12DD836EC26E013333
:10ED800042F100028366C266816EC36E40F2F512E4
:10ED9000914273F1000302D3012380F87030704771
:10EDA00000220023C0E91A23EEE700BF6F12833A66
:10EDB00017B7D1383333733F38B5054678200AF09A
:10EDC00033FA0446782200210AF0E6FC2B6823601F
:10EDD0006B686360AB68A360EB68E3602B692361D9
:10EDE0002B7D2375AB69A361EB69E3612B6A236219
:10EDF0006B6A6362AB6AA36204F1600003F026F8F9
:10EE0000044A1378591C1170034A42F823402046E3
:10EE100038BD00BF585903245C59032410B52DEDAB
:10EE2000028B0446F0EE408AB0EE608A90F914300E
:10EE3000002B71DB04F1600003F008F884ED190A7F
:10EE4000C4ED0B8A84ED178A78EE680AC4ED0D0ACA
:10EE5000F5EEC00AF1EE10FA61DDF0EE607A94EDA5
:10EE6000047AB4EEE77AF1EE10FA73D5D4ED007AB5
:10EE700060EEA77AC4ED107AD4ED017A60EEA77A3D
:10EE800060EE277AC4ED137AD4ED027A94ED0E7A0F
:10EE900070EEC70A67EEA00AC0EE807AC4ED127A5F
:10EEA000237D13F0040F3DD1237D13F0200F3DD1BE
:10EEB000237D13F0020F3DD1237D13F0400F3DD190
:10EEC000237D13F0010F3DD1D4ED137A94ED117A27
:10EED00077EE877AC4ED117A94ED107A77EE877A1F
:10EEE00094ED127A77EE877AC4ED147A237D13F0CD
:10EEF000100F2BD12046FFF700FFE36A236394ED48
:10EF0000140A84ED150AA36CA365636BA363E36C19
:10EF1000E363BDEC028B10BDFFF706FF8AE7F1EE5D
:10EF2000607A9CE72046FFF717FEBDE72046FFF713
:10EF300028FEBDE72046FFF7A1FEBDE72046FFF70C
:10EF4000AEFEBDE72046FFF74FFEBDE72046FFF7C8
:10EF5000BDFECFE700232365E364CEE70023C36251
:10EF6000036343638363C363036443648364C3646D
:10EF700003654365836500220023C0E91A2300234B
:10EF800080F8703070470000F6EE007A60EE277A65
:10EF900010EE103A074AA2EB630307EE103A67EE51
:10EFA000277A67EE277AB7EE080A30EE670A27EE6F
:10EFB000000A7047865A375F10B52DED048B044662
:10EFC000D0F8EC3093ED009A5C4A82ED009A93ED14
:10EFD000018A5B4A82ED008AD3ED028A594AC2ED6A
:10EFE000008AD3ED039A584BC3ED009A69EE097A73
:10EFF00028EE080A77EE807A28EEA80A77EE807A63
:10F0000029EEA90A37EE800AFFF7BEFF4F4B83EDCA
:10F01000000A00230BE0D4F8EC2002EB8302D2EDCF
:10F02000007A67EE807AC2ED007A0133DBB2032BFF
:10F03000F1D9474B93ED6F7A28EE077AD4F8002187
:10F04000F6EE007A27EE277A82ED047A93ED6F7A56
:10F0500028EE877AD4F8002127EE277A82ED057A08
:10F0600093ED6F7A29EE477AD4F8002127EE277ABC
:10F0700082ED0A7A93ED6F7A29EE877AD4F800212F
:10F0800027EE277A82ED0B7A93ED6F7A69EEC79AB5
:10F09000D4F8002169EEA79AC2ED109A93ED6F7A29
:10F0A00029EE479AD4F8002129EE279A82ED119A89
:10F0B00093ED6F7A68EE878AD4F8002168EEA78A0C
:10F0C000C2ED168A93ED6F7A28EE478AD4F80021B4
:10F0D00028EE278A82ED178AD4F8F82093ED747A07
:10F0E000D2ED1C6AC6EE877AC2ED1C7AD4F8F820FD
:10F0F00093ED747AD2ED236AC6EE877AC2ED237A55
:10F10000D4F8F83093ED1C7ADFED127AB4EEE77A9A
:10F11000F1EE10FA01DDC3ED1C7AD4F8F83093ED6E
:10F12000237ADFED0C7AB4EEE77AF1EE10FA01DD26
:10F13000C3ED237ABDEC048B10BD00BF745C0324C7
:10F140007C5C0324845C03248C5C0324905C032497
:10F15000705A032400401C4638B504469022D0F86B
:10F16000F8100848F2F722F848252A46D4F81C116E
:10F170000548F2F71BF82A46D4F80C110348F2F7B9
:10F1800015F838BD04010024245A0324DC59032453
:10F190002DE9F84F044600F1780500F18007394663
:10F1A000284609F0AFFC84F8C800B4F87830A4F819
:10F1B000A830B4F85A30A4F8AA3004F1580A04F17F
:10F1C000A80842465146284609F064FD84F8C80064
:10F1D000B4F8A830A4F8B030B4F88230A4F8B23053
:10F1E00004F1B0094A463946404609F053FD84F817
:10F1F000C800B4F89030A4F8A030B4F89230A4F865
:10F20000A23004F1A0052A4604F19001484609F015
:10F21000E7FE84F8C8004946284609F0DFFD84F877
:10F22000C800D4F8EC30D3ED007AC44AC2ED007ABD
:10F2300093ED016AC24A82ED006AD3ED026AC14AC7
:10F24000C2ED006A93ED037ABF4B83ED007AB4F808
:10F250007830A4F8B8300123A4F8BA3066EE075A23
:10F2600027EEA65A75EEC55AD4F82C3175EEA55A7C
:10F27000C3ED005A67EE865A26EE875A75EE855A18
:10F28000D4F82C3175EEA55AC3ED015A67EEA77A72
:10F2900026EE066A77EEC67A66EEA66A77EEE67A1C
:10F2A00027EE077AD4F82C3177EE877AC3ED027A0D
:10F2B000002512E0D4F82C3103EB850393ED000A0E
:10F2C000B0EEC00A10F0AAF905F160029F4B03EB03
:10F2D000820383ED010A0135EDB2022DEAD9B4F8BB
:10F2E0004830A4F8C0304FF0010BA4F8C2B004F1CC
:10F2F000B80504F1C0063246294604F1480009F079
:10F300005FFC84F8C800B4F8C030A4F8A830A4F8B2
:10F31000AAB042463146484609F0BCFC84F8C80011
:10F32000A4F8B8B0B4F8C030A4F8BA3029463046D2
:10F3300009F0E8FB84F8C800DFF810B20BF5E072C2
:10F340004146284609F0A6FC84F8C8009BED727A75
:10F35000DBED737AF6EE006A67EEA66AB4EEE67A43
:10F36000F1EE10FA02D501228BF83821B4EEE77ADB
:10F37000F1EE10FA45DD754B93F83831002B40D093
:10F38000724B93F83931DBB1704AD2F84031D2F880
:10F390004411013341F10001C2F84031C2F8441177
:10F3A0006A4BD3F84021D3F84431332A73F1000378
:10F3B0000CD30023654A82F8383184F82C3046E0BB
:10F3C000624B00200021C3E95001E9E7227B604D38
:10F3D0002B8803FB02F2D4F8EC10D4F8E800F1F724
:10F3E000E5FE227B2B8802FB03F303FB02F2D4F839
:10F3F000FC10D4F8F800F1F7D9FE012384F82C3082
:10F400009AE0DFED546A67EEA66AB4EEE67AF1EEB2
:10F4100010FA0FDD4D4B93F838315BB137EEC77AF8
:10F42000DFED4D6A67EEA67AC7EE276A474BC3ED5C
:10F43000676A04E0454B4FF07E52C3F89C21434B72
:10F4400000200021C3E95001002384F82C30B4F8D7
:10F450005830A4F8A830B4F88230A4F8AA30424654
:10F460003946504609F016FC84F8C80004F19807A4
:10F470003A464946404609F00DFC84F8C80000238E
:10F480000EE0D4F81C2102EB8302304991ED677A3B
:10F49000D2ED007A67EE877AC2ED007A0133DBB2F3
:10F4A000B4F89820B4F89A1001FB02F29342E8DB1A
:10F4B000042201E00132D2B2052A1DD80023022B1A
:10F4C000F8D8D4F81C1102EB4200184401EB80017B
:10F4D00002F15C0C1D4800EB8C00D0ED016ADFED01
:10F4E0001F7A86EEA77AD1ED007A67EE877AC1EDB2
:10F4F000007A0133DBB2E2E7B4F89830A4F8B83010
:10F500000123A4F8BA302A463146384609F0C2FB36
:10F5100084F8C8000D4B93F83831002B4DD1D4F846
:10F52000BC300022DA6004F13002294604F13800D0
:10F5300009F056FD84F8C800BDE8F88F705C03241C
:10F54000785C0324805C0324885C0324705A0324C1
:10F55000125D0324CDCCCC3D6666663FDA0FC93F11
:10F560000133DBB2052BDAD8D4F8BC10980001EBDC
:10F57000830191ED007A124AD2ED6F7ADFED116AC4
:10F5800067EEA67AB4EEE77AF1EE10FA01DDC1ED8E
:10F59000007AD4F8BC20024492ED007A0849D1EDFB
:10F5A0006F7ADFED096A67EEA67AB4EEE77AF1EEDC
:10F5B00010FAD5D5C2ED007AD2E70423D2E700BF16
:10F5C000705A03240AD7233C0AD723BC10B52DED6B
:10F5D000048B0446D0F8EC3093ED009A39EE099A8A
:10F5E0002E4A82ED009A93ED018A38EE088A2C4A61
:10F5F00082ED008AD3ED029A79EEA99A294AC2EDEA
:10F60000009AD3ED038A78EEA88A274BC3ED008ACF
:10F61000827B264B1B8802FB03F3027B03FB02F277
:10F620000021D0F80C010AF0B7F8D4F80C31F1EE53
:10F63000697AC3ED007AD4F80C31C3ED018AD4F8AD
:10F640000C31B1EE497A83ED027AD4F80C3183EDB6
:10F65000038AD4F80C3183ED068AD4F80C3183ED9B
:10F66000079AD4F80C31C3ED088AD4F80C31C3EDF5
:10F67000099AD4F80C3183ED0C9AD4F80C31B1EE20
:10F68000488A83ED0D8AD4F80C31C3ED0E7AD4F894
:10F690000C31C3ED0F8ABDEC048B10BD545C032408
:10F6A000585C03245C5C0324605C0324125D032427
:10F6B00038B504462F4B01221A7083ED6C0AC3ED56
:10F6C0006D0A83ED6E1A2C4AC3F8CC21002283F810
:10F6D000382100200021C3E95001C3E95201F7EEAF
:10F6E000007AF4EEE71AF1EE10FA01DDF0EE671A97
:10F6F000204DC5ED741A85ED642A032300220621EE
:10F70000281D00F061FC05F5E4730122114605F5A2
:10F71000E07009F061FC002309E0164AD2F8EC2001
:10F7200002EB830204EB8301096811600133032BB0
:10F73000F3DD104C114BC4F8D030114BC4F8D43069
:10F74000104BC4F8D830104BC4F8DC30012384F8D7
:10F750002E3084F82F3090252A460C49D4F8040125
:10F76000F1F724FD2A460A49D4F8FC00F1F71EFD02
:10F7700038BD00BF705A032477CC2B3259F10008F2
:10F78000B9EF0008CDF5000891F10008240E020839
:10F790000401002410B52DED068BF0EE61AAB0EE49
:10F7A00042AAF0EE629A804C84ED6F3A94ED589A3A
:10F7B00030EE490A84ED5B0A94ED598A70EEC80A6E
:10F7C000C4ED5C0AD4ED5A8A31EE681A84ED5D1AF4
:10F7D000F6EE008A20EE280A20EE039A734B83EDA2
:10F7E000009A60EEA80A20EE838A714B83ED008AAE
:10F7F00021EE281A61EE038A6E4BC3ED008A902237
:10F800006D49D4F80401F1F7D1FCD4F80431F1EEDC
:10F81000497AC3ED017AD4F80431F1EE486AC3EDB8
:10F82000026AD4F80431B1EE687A83ED037AD4F831
:10F83000043183ED069AD4F80431C3ED088AD4F874
:10F840000431C3ED096AD4F8043183ED0C8AD4F88D
:10F85000043183ED0D7AD4F8043183ED0F9AD4F896
:10F860000431C3ED128AD4F8043183ED138AD4F83D
:10F870000431C3ED147AD4F84821D4F84C31134341
:10F8800005D1C4ED5EAA84ED5FAAC4ED609A464B33
:10F8900093ED5E7AD3ED647A27EE277A93ED6F6A63
:10F8A00077EE866A87EE260A66EE2AAA8AEEA67A9E
:10F8B00030EE070A83ED5E0AD3ED5F5A67EEA55A74
:10F8C00085EEA67A26EE0AAACAEE265A37EE257AE1
:10F8D00083ED5F7AD3ED605A67EEA55AC5EEA67A3E
:10F8E00026EE296AC6EE265A77EEA57AC3ED607A2F
:10F8F00020EE000A27EE077A30EE070A67EEA77AB5
:10F9000030EE270AFFF740FBB0EE408A2B4B83ED29
:10F91000000A00230FE0244903F15E0201EB82029A
:10F92000D2ED007A8A6802EB830268EE277AC2ED94
:10F93000007A0133DBB2022BEDD91B4C94ED5B0A4C
:10F9400020EE000AD4ED5C7A67EEA77A30EE270A43
:10F95000D4ED5D7A67EEA77A30EE270AFFF714FB45
:10F96000B7EE007AC7EE007AC4ED657AC7EE086A92
:10F97000C4ED666A9FED127AF4EEC77AF1EE10FAE2
:10F9800024D5DFED107AF4EEE76AF1EE10FA1DDD12
:10F99000DFED0D7AF4EEE76AF1EE10FA16D50122EA
:10F9A00084F8392116E000BF705A0324645C0324F4
:10F9B000685C03246C5C0324240E0208505C03245E
:10F9C0009A99993ECDCC1441CDCC24417E4B002256
:10F9D00083F839217C4CD4ED6C7A94ED6F7AD4F8AD
:10F9E000183167EE877AC3ED007AD4ED6C7A94ED26
:10F9F0006F7AD4F8183167EE877AC3ED077AD4EDC1
:10FA00006C7A94ED6F7AD4F8183167EE877AC3ED8B
:10FA10000E7AD4ED6C7A94ED6F7AD4F8183167EEE3
:10FA2000877AC3ED157AD4ED6D7A94ED6F7AD4F8B8
:10FA3000183167EE877AC3ED1C7AD4ED6D7A94EDB8
:10FA40006F7AD4F8183167EE877AC3ED237AD4F849
:10FA50001C21D4F8B8311360D4F81C211361D4F8F8
:10FA60001C31D4F8B8211A62201D00F031FE636801
:10FA7000D3ED000AC4ED540AD3ED017AC4ED557AF2
:10FA800093ED027A84ED567A93ED030A84ED570ADA
:10FA90001A69C4F860215B69C4F864310023C4F8B2
:10FAA000683120EE800A27EE877A30EE070A60EE92
:10FAB000A00A67EEA77A70EEA70A70EEA00AF7EE2A
:10FAC000008A70EEE80A30EE000A0FF0FFFD9FEDAD
:10FAD0003F8A20EE080A84ED6A0AD4ED540A94EDB8
:10FAE000550A20EE800A94ED567AD4ED577A27EE27
:10FAF000277A30EE070A60EEA00A67EEA77A70EE6A
:10FB0000A70A70EEA00A70EEE80A30EE000A0FF0C5
:10FB1000DDFD20EE080A84ED680AD4ED557A94EDF7
:10FB2000570A67EE807A94ED540A94ED567A20EEE7
:10FB3000070A77EEC07AB8EE000A27EE800A0FF0C7
:10FB400099FD20EE080A84ED690A94ED6A7AD4EDF5
:10FB5000767A77EE677ADFED1E6AF4EEE67AF1EEFA
:10FB600010FA23DDB4F9D431013BA4F8D431164B9B
:10FB7000B3F9D42107EE902AF8EEE77ADFED156AA3
:10FB800067EEA67A77EE277AC3ED6B7A83ED767A05
:10FB9000D3F84821D3F84C11013241F10001C3F8E8
:10FBA0004821C3F84C11BDEC068B10BDDFED0A6A8D
:10FBB000F4EEE67AF1EE10FAD9D5034AB2F9D4316F
:10FBC0000133A2F8D431D2E7705A0324E12E654202
:10FBD000000034430000B443000034C301604260BD
:10FBE000704700004368002B12DD0268511C016061
:10FBF000934200DC036007EE903AF8EEE77A90ED6E
:10FC0000007AB8EEC77A87EE270A80ED020A7047BD
:10FC10009FED010A704700BF0000000038B505469F
:10FC20000C461420FCF7D8FA002202604260826081
:10FC3000C260026105604460054AC260054A026113
:10FC400005490A78541C0C70044941F8220038BD5B
:10FC5000DDFB0008E5FB0008945C0324985C0324AA
:10FC600090ED007AD1ED007AB4EEE77AF1EE10FA79
:10FC70000DDD77EE807AC1ED007A90ED007AF4EE3A
:10FC8000C77AF1EE10FA14DB81ED007A7047B4EE1A
:10FC9000E77AF1EE10FA0CD577EEC07AC1ED007A72
:10FCA00090ED007AF4EEC77AF1EE10FA01D881ED0A
:10FCB000007A7047F0EE405AB5EEC00AF1EE10FA45
:10FCC0001ED9F6EE007A20EE270A9FED0F6A25EE88
:10FCD000866A60EE007A77EEE57A70EE006A87EE6B
:10FCE000A67A30EE470AB4EEE76AF1EE10FAF0D4E5
:10FCF000B1EE467AB4EEE77AF1EE10FAE9DC70473D
:10FD00009FED020A704700BF6F12833A00000000A7
:10FD100010B52DED048B044690ED009A69EE097A3A
:10FD2000D0ED018A28EEA80A77EE807A90ED028A5B
:10FD300028EE080A37EE800AFFF7BCFFC9EE007A0A
:10FD4000C4ED007AC8EE807AC4ED017AC8EE007A7C
:10FD5000C4ED027A2046BDEC048B10BDD0ED017AD3
:10FD600091ED027A67EE877A90ED027AD1ED016A21
:10FD700027EE267A77EEC77AC2ED007AD0ED027AC6
:10FD800091ED007A67EE877A90ED007AD1ED026A04
:10FD900027EE267A77EEC77AC2ED017AD0ED007AA7
:10FDA00091ED017A67EE877A90ED017AD1ED006AE4
:10FDB00027EE267A77EEC77AC2ED027A7047D0ED49
:10FDC000007A91ED000A67EE807A90ED010A91EDDC
:10FDD000017A20EE070A77EE807A90ED020A91ED23
:10FDE000027A20EE070A37EE800A70470346104673
:10FDF00005E013F8011B41400348405C11464A1ED0
:10FE00000029F6D1704700BFB40E0208002818BFC1
:10FE100002290CD938B505464C1EFF222146FFF7B2
:10FE2000E5FF2B5D834214BF0020012038BD002078
:10FE300070470000034698B1481E99B110B413F8FA
:10FE4000011B5140C9B2084C34F8111081EA12224A
:10FE5000014601380029F2D110465DF8044B704785
:10FE60004FF6FF7210467047B40F0208002818BF03
:10FE7000022919D970B50C4606468D1E0B4B1A88FF
:10FE80002946FFF7D7FFC2B2735D9A4201D0002026
:10FE900070BDC0F30F20344414F8013C984201D0E7
:10FEA0000020F5E70120F3E70020704794010024CB
:10FEB00070B5044600250574827B424E338803FBEF
:10FEC00002F24168D0F8F400F1F770F9A27B3388B0
:10FED00003FB02F22946606809F05EFCA27B3388CE
:10FEE00002FB03F303FB02F22946D4F8180109F0E0
:10FEF00053FC227B338802FB03F3A27B03FB02F259
:10FF00002946D4F80C0109F047FC294601E00131EB
:10FF1000C9B2A37B8B422AD9D4F8F4304FEA810EC0
:10FF200003EB8100D0ED007AF5EE407AF1EE10FAA5
:10FF3000EDD0227C03EB8203C3ED007A626A237C5E
:10FF4000D154A269D4F80C31207B257C666916F85F
:10FF500001C005FB00CC6FF04040604403EB800320
:10FF6000724412681A60237C01332374CFE70023A4
:10FF70000FE0E069616A11F803C0D4F8181102FBC0
:10FF8000033201EB820200EB8C0001681160013347
:10FF9000DBB2227C9A42ECD892B2A4F87820237B80
:10FFA000A4F87A30A4F88030A4F88220A4F8902035
:10FFB000A4F89220A4F89830A4F89A20A4F8482035
:10FFC00070BD00BF125D03242DE9F04704460D46C5
:10FFD00091461E46DFF8B8830423A8F80030EB4BA7
:10FFE00008221A80017380F80D9086730027077429
:10FFF000304609F019F960613246394609F0CCFB08
:020000040801F1
:10000000B8F800A006FB0AFA504609F00DF9A06105
:100010005246394609F0C0FBB8F800A006FB0AFAC0
:10002000504609F001F9E0615246394609F0B4FB47
:10003000B8F800A005FB0AFA504609F0F5F820626E
:100040005246394609F0A8FB304609F0EDF86062E7
:100050003246394609F0A0FBB8F8000005FB00F075
:1000600009F0E2F82060B8F8002005FB02F23946FA
:1000700009F092FBB8F800A006FB0AFA504609F016
:10008000D3F860605246394609F086FBB8F800A004
:1000900009FB0AFA504609F0C7F8A06052463946F3
:1000A00009F07AFBB8F800A005FB0AFA504609F0FF
:1000B000BBF8C4F8E8005246394609F06DFBD4F8A5
:1000C000E8300122217B04F1300008F085FFB8F808
:1000D000008005FB08F8404609F0A6F8C4F8EC00DB
:1000E0004246394609F058FBD4F8EC300122217B16
:1000F00004F1380008F070FFB9F1000F40F04A81B8
:10010000DFF88C82B8F8007006FB07F7384609F074
:100110008BF8C4F8F4003A46002109F03DFBD4F80E
:10012000F4300122A17B04F1480008F055FFB8F833
:10013000007005FB07F705FB07F7384609F074F870
:10014000C4F8F8003A46002109F026FB217BD4F8D8
:10015000F8300A4604F1500008F03EFFB8F800708D
:1001600005FB07F705FB07F7384609F05DF8C4F80B
:10017000FC003A46002109F00FFB217BD4F8FC304B
:100180000A4604F1580008F027FFB8F8007005FB94
:1001900007F705FB07F7384609F046F88246C4F82A
:1001A0000001384609F040F8C4F804013A4600213D
:1001B000504609F0F1FAB8F8002005FB02F205FB01
:1001C00002F20021D4F8040109F0E6FA217BD4F808
:1001D00000310A4604F1600008F0FEFE217BD4F8ED
:1001E00004310A4604F1680008F0F6FEB9F1000F88
:1001F00040F0E680664FB7F800A00AFB06F909FB5D
:1002000005F9484609F010F88046C4F80C010AFBCD
:1002100005F006FB00F009F007F8C4F810014A46A3
:100220000021404609F0B8FA3A8805FB02F206FBC5
:1002300002F20021D4F8100109F0AEFAD4F80C3122
:10024000227BA17B04F1780008F0C6FED4F81031BF
:10025000A27B217B04F1800008F0BEFEB7F800808D
:1002600005FB08F808FB05F8404608F0DDFFC4F878
:1002700014014246002109F08FFA217BD4F8143191
:100280000A4604F1880008F0A7FEB7F8008006FBD4
:1002900008F808FB06F8404608F0C6FFC4F8180145
:1002A0004246002109F078FAA17BD4F818310A46B9
:1002B00004F1900008F090FE398801FB05F505FB7C
:1002C00006F6304608F0B0FFC4F81C0132460021A3
:1002D00009F062FAD4F81C31A27B217B04F198006A
:1002E00008F07AFE267B3F8806FB07F707FB06F53A
:1002F000284608F099FF8046C4F82001284608F0F7
:1003000093FFC4F82401284608F08EFFC4F82801A2
:10031000384608F089FFC4F82C01384608F084FFFD
:10032000C4F83001B1B243460A4604F1A00008F017
:1003300053FE217BD4F824310A4604F1A80008F0CA
:100340004BFE217BD4F828310A4604F1B00008F0B6
:1003500043FED4F82C310122217B04F1B80008F0CF
:100360003BFED4F830310122217B04F1C00008F0BB
:1003700033FE002384F8283084F8293084F82A30AA
:1003800084F82B3084F82C30BDE8F087105D03240E
:10039000125D0324164B1F8809FB07F7384608F047
:1003A00043FFC4F8F0003A46002109F0F5F9D4F80B
:1003B000F0300122617B04F1400008F00DFE9FE661
:1003C000B8F8002005FB02F202FB09F9484608F0E4
:1003D0002BFFC4F808014A46002109F0DDF9D4F8E2
:1003E0000831627B217B04F1700008F0F5FD01E724
:1003F000125D032438B50446C37B63B1FFF758FD93
:10040000627B0E4B1B8803FB02F2A168D4F8F0005C
:10041000F0F7CCFE38BD827B084D2B8803FB02F23F
:100420004168D0F8F400F0F7C1FEA27B2B8803FBF3
:1004300002F20021606809F0AFF9E1E7125D0324E0
:1004400090F82830B3BB70B50446437B43B3037BBD
:10045000A0F8B8300126A0F8BA6000F1B8052A4625
:1004600000F13001603008F015FC84F8C800237BEF
:10047000A4F8C030A4F8C26004F1C006324604F10A
:10048000400104F1700008F005FC84F8C80004F194
:1004900038023146284608F0A3FD84F8C80070BD34
:1004A00000F1380200F13001603008F0F3FB84F80D
:1004B000C800F4E77047F8B590F8293003B1F8BDEB
:1004C000044600F1600600F168073946304608F03E
:1004D00019FB84F8C80004F158052A4604F15001BC
:1004E000304608F0D7FB84F8C800B4F85830A4F8B8
:1004F000A830B4F86A30A4F8AA3004F1A80632464D
:100500003946284608F0C6FB84F8C8002A4604F19C
:100510008801304608F064FD84F8C800CFE72DE973
:10052000F84390F82A300BB1BDE8F883044600F197
:10053000780600F180073946304608F0E3FA84F87F
:10054000C800B4F87830A4F8A830B4F85A30A4F849
:10055000AA3004F1580804F1A8052A46414630465D
:1005600008F098FB84F8C800B4F8A830A4F8B030BC
:10057000B4F88230A4F8B23004F1B00632463946FD
:10058000284608F087FB84F8C800B4F89030A4F837
:10059000A030B4F89230A4F8A23004F1A0094A4681
:1005A00004F19001304608F01BFD84F8C800314684
:1005B000484608F013FC84F8C800B4F85830A4F892
:1005C000A830B4F88230A4F8AA302A46394640460A
:1005D00008F060FB84F8C80004F198023146284610
:1005E00008F058FB84F8C8009EE790F82B3003B160
:1005F00070472DE9F0410446B0F87830A0F8B830E3
:100600000126A0F8BA6000F1380700F1B8052A46C3
:100610003946783008F03EFB84F8C800B4F848301A
:10062000A4F8C030A4F8C26004F1C00842462946CC
:1006300004F1480008F0C4FA84F8C800B4F898300F
:10064000A4F8B830A4F8BA602A46414604F19800EC
:1006500008F020FB84F8C80004F13002294638462F
:1006600008F0BEFC84F8C800BDE8F081F8B590F849
:100670002C3003B1F8BD0446B0F89830A0F8A8308B
:10068000B0F87A20A0F8AA20A0F8B030B0F85A301C
:10069000A0F8B23000F1A8073A4600F1780198308E
:1006A00008F0F8FA84F8C80004F1580504F1B0061F
:1006B00032462946384608F0EDFA84F8C80004F1BD
:1006C00050023146284608F07BFA84F8C800D1E78A
:1006D00038B50446FFF78EFED4F8CC300BB1204677
:1006E00098472046FFF7ACFED4F8D0300BB1204637
:1006F00098472046FFF7DFFED4F8D4300BB12046F0
:100700009847237C0BB9E37BCBB92046FFF707FF63
:10071000D4F8D8300BB1204698472046FFF765FF44
:10072000D4F8DC300BB1204698472046FFF79EFFF7
:10073000D4F8E0300BB120469847002319E0227B23
:10074000204D2B8803FB02F2D4F8EC10D4F8E8001B
:10075000F0F72CFD227B2B8802FB03F303FB02F254
:10076000D4F8FC10D4F8F800F0F720FDE0E70133EE
:10077000DBB2227B9A4214D9D4F8F81002FB033280
:1007800001EB820292ED007A216A01EB8301D1ED47
:10079000007AB4EEE77AF1EE10FAE8D5C2ED007A0D
:1007A000E5E7084B1B8803FB02F2D4F8E810206849
:1007B000F0F7FCFCD4F8E4300BB1204698472068F1
:1007C00038BD00BF125D032408B500220121024894
:1007D000F4F714FB08BD00BF0008025808B5012259
:1007E00011460248F4F70AFB08BD00BF0008025892
:1007F00008B5002208210248F4F700FB08BD00BF3D
:100800000008025808B5012208210248F4F7F6FA58
:1008100008BD00BF0008025800B587B08DF80F0072
:100820004FF47A73009301230DF117020DF10F01BC
:1008300004480068F7F70EFA9DF8170007B05DF856
:1008400004FB00BF145D032438B50D46144640F088
:100850008000FFF7E1FF06E05520FFF7DDFF05F818
:10086000010B013CE4B2002CF6D138BD10B50C46AA
:10087000FFF7D2FF2046FFF7CFFF10BD10B50C46A3
:1008800040F08000FFF7C8FF5520FFF7C5FF20703C
:1008900010BD000030B52DED048B89B00446C44B6B
:1008A00093E803000690ADF81C10090C8DF81E109B
:1008B00000238DF81F3001F053FBBE4B83ED000A7F
:1008C00001F04EFBBB4BD3ED007A30EE670AB5EE7C
:1008D000C00AF1EE10FA0CDC9FEDB70A01F09AFBAA
:1008E000002323636362A362E362B0EE689A00258B
:1008F000DBE0B24B6362B24BA362B24BE362B24B3A
:100900002363B24BA36194ED0C7ADFEDB16AC6EEBE
:10091000877AC4ED087A09B0BDEC048B30BD9DF830
:100920001B301B021BB29DF81A20134307EE103A2E
:10093000A84BD3ED006AB8EEC77A27EE267A84ED8D
:10094000037AD4ED097A37EE877A84ED097A9DF837
:100950001D301B021BB29DF81C20134307EE103AFA
:10096000B8EEC77A27EE267A84ED047AD4ED0A7AB7
:1009700037EE877A84ED0A7A9DF81F301B021BB28E
:100980009DF81E20134307EE903AF8EEE77A67EEE3
:10099000A67AC4ED057A94ED0B7A77EE277AC4ED4A
:1009A0000B7AE6E00023022B0DD89A1C04EB82029E
:1009B000516808AA02EB830242F8141C42F8201C7A
:1009C0000133DBB2EFE7B0EE688A78EEC86A824B9B
:1009D000C3ED006A00233BE00133DBB2022B24D8D5
:1009E00019469A1C04EB8202D2ED017A08AA02EBA6
:1009F000830212ED057AF4EEC77AF1EE10FA04DD07
:100A000008AA02EB830242ED057A08AA02EB8102F2
:100A100012ED087AF4EEC77AF1EE10FADCD508AAE6
:100A200002EB810141ED087AD6E7F0EE498ACCE786
:100A300008AA02EB830252ED057A12ED087A77EEEE
:100A4000C77A664A02EB8302C2ED007A0133DBB259
:100A5000022BEDD9DFED627AF4EEE76AF1EE10FADF
:100A600000F39C805D4B93ED007ADFED5E7AB4EE8F
:100A7000E77AF1EE10FA00F3918093ED017AB4EE8B
:100A8000E77AF1EE10FA00F3898093ED027AB4EE82
:100A9000E77AF1EE10FA00F381809FED530A01F03E
:100AA000B9FA0135ADB2B0EE689A42F20F739D42C9
:100AB00072D8FFF789FE9220FFF7AEFE062206A944
:100AC0001220FFF7C1FEFFF789FE9DF819301B02C7
:100AD0001BB29DF81820134300EE103AB8EEC00A7E
:100AE000424AD2ED007A20EE270A84ED000A9DF8F2
:100AF0001B301B021BB29DF81A100B4307EE103A75
:100B0000D2ED006AB8EEC77A27EE267A84ED017A34
:100B10009DF81D301B021BB29DF81C20134307EEED
:100B2000903AF8EEE77A67EEA67AC4ED027A20EE04
:100B3000000A27EE077A30EE070A67EEA77A30EE52
:100B4000270A0EF0E9FDF0EE408AD4ED0C7A77EE3C
:100B5000807AC4ED0C7AFFF74BFE082206A900202C
:100B6000FFF772FEFFF74EFE9DF818300F2B3FF493
:100B7000D6AE002D3FF416AFB4EEE89AF1EE10FABF
:100B800001D5B0EE689AB4EEE88AF1EE10FA01DD14
:100B9000B0EE688A002321E7F0EE498AD4ED0C6AB2
:100BA0009FED137AC6EE877AC4ED0C7A00232FE00E
:100BB000500C0208705D03240AD7A33B2AA93FBB4F
:100BC0007F292FBB8A61C13ACB871B41000020429D
:100BD000C3F51C419C0100245C5D0324605D03247B
:100BE0009A99993ECDCCCC3D6F12033A98010024DE
:100BF00000401C4603F1080204EB8202D2ED016AB8
:100C00001FED057AC6EE877AC2ED017A0133DBB2B9
:100C1000022BEFD9FFF7D8FDA220FFF7FDFD02223E
:100C200006A92220FFF710FEFFF7D8FD9DF8182037
:100C30009DF819305B0943EAC203B3F5806F01DB0D
:100C4000A3F5006307EE903AF8EEE77AB4EE007A87
:100C500067EE877AB3EE077A77EE877AC4ED067A85
:100C60002D4A1388013313802C4B93ED007ADFED6E
:100C70002C7AB4EEE77AF1EE10FA3FF721AED4ED1C
:100C80000C7A9FED287A77EEC77AF0EEE77AB6EE27
:100C9000007AF4EEC77AF1EE10FA3FF711AE224B6C
:100CA00093ED007ADFED217AB4EEE77AF1EE10FAF7
:100CB0003FF706AE93ED017AB4EEE77AF1EE10FA63
:100CC0003FF7FEAD93ED027AB4EEE77AF1EE10FA5B
:100CD0003FF7F6ADD4ED097AF0EEE77A9FED147A9E
:100CE000F4EEC77AF1EE10FA3FF7EAADD4ED0A7AE6
:100CF000F0EEE77AF4EEC77AF1EE10FA3FF7E0ADE6
:100D0000D4ED0B7AF0EEE77AF4EEC77AF1EE10FA52
:100D10003FF7D6ADF7E500BF585D03245C5D0324C3
:100D20009A99993ECDCC1C41605D0324CDCCCC3D3D
:100D30000AD7233C70B5FFF747FD8020FFF76CFD15
:100D40005520FFF769FD5520FFF766FD464C2070E2
:100D5000FFF744FD0120F1F73FFFFFF735FD80204D
:100D6000FFF75AFD5520FFF757FD5520FFF754FDBB
:100D70002070FFF733FD0120F1F72EFFFFF724FD70
:100D8000B6217E20FFF772FDFFF728FD5020F1F716
:100D900023FFFFF719FD8020FFF73EFD5520FFF7E9
:100DA0003BFD5520FFF738FD2070FFF717FD0120B0
:100DB000F1F712FFFFF708FD8020FFF72DFD55200A
:100DC000FFF72AFD5520FFF727FD2070FFF706FDEE
:100DD0000120F1F701FF23781E2B42D1234B002283
:100DE0001A7002E00133214A1370204B1B78052B47
:100DF00035D8FFF7E9FC1D4D2B781D4C03EB430361
:100E0000E2185178E05CFFF731FDFFF7E7FC0120C5
:100E1000F1F7E2FEFFF7D8FC2B7803EB4303E05C2D
:100E200040F08000FFF7F8FC5520FFF7F5FC552057
:100E3000FFF7F2FC0C4E3070FFF7D0FC0120F1F709
:100E4000CBFE2B7803EB4302144461783278914255
:100E5000C8D0A2780749087802430A70C2E7002088
:100E600070BDFF20FCE700BF6C5D0324745D0324AC
:100E7000B41102085A5D032470B5FFF7B9FC3F4C6A
:100E800021460020FFF7FAFCFFF7BCFC0120F1F738
:100E9000A3FEFFF7ADFC21460020FFF7EFFCFFF7B4
:100EA000B1FC0120F1F798FEFFF7A2FCB621142057
:100EB000FFF7DCFCFFF7A6FC5020F1F78DFEFFF7F3
:100EC00097FC21460020FFF7D9FCFFF79BFC01208F
:100ED000F1F782FEFFF78CFC21460020FFF7CEFCE5
:100EE000FFF790FC0120F1F777FE23780F2B42D11A
:100EF000234B00221A7003E0214A13780133137048
:100F00001F4B1B78052B34D8FFF772FC1C4D2B7838
:100F10001C4C03EB4303E2185178E05CFFF7A6FC9E
:100F2000FFF770FC0120F1F757FEFFF761FC134E4D
:100F30002B7803EB43033146E05CFFF79FFCFFF7A0
:100F400061FC0120F1F748FE2B7803EB43021444C7
:100F5000617832789142CFD0013BDBB22B7003EB4A
:100F60004303094A13449B78084A11780B431370D2
:100F7000C2E7002070BDFF20FCE700BF6C5D0324CA
:100F8000745D0324C8110208B41102085A5D0324D9
:100F900010B50A4B18600A4C00232370FFF7CAFEF5
:100FA000237818432070FFF767FF237818432070D9
:100FB0000448FFF76FFC207810BD00BF145D0324C8
:100FC0005A5D0324185D032438B50546FFF7FCFB82
:100FD0009220FFF721FC734C062221461220FFF7D6
:100FE00033FCFFF7FBFB63781B021BB22278134331
:100FF0006D4A138007EE903AF8EEE77A6B4991ED6F
:10100000007A67EE877A95ED087A67EE877AC5ED04
:10101000007AE3781B021BB2A07803431380D1ED62
:10102000006A07EE903AF8EEE77A67EEA67A67EE86
:10103000277AC5ED017A63791B021BB221790B4334
:10104000138007EE903AF8EEE77A67EEA67A67EE3D
:10105000277AC5ED027AFFF7CBFB08222146002054
:10106000FFF7F2FBFFF7CEFB23780F2B2BD0FFF718
:10107000ABFBA220FFF7D0FB4A4C022221462220E4
:10108000FFF7E2FBFFF7AAFB227863785B0943EAEC
:10109000C203454A1380B3F5806F02DBA3F50063FA
:1010A0001380414BB3F9003007EE903AF8EEE77A3F
:1010B000B4EE007A67EE877AB3EE077A77EE877A36
:1010C000C5ED077A38BD3A4B1B78002B3AD0E37850
:1010D0001B021BB2A1780B4333490B803548D0ED7E
:1010E000006A07EE903AB8EEE77A27EE267AD5ED59
:1010F000097A37EE677A85ED037A63791B021BB2B2
:10110000207903430B8007EE903AB8EEE77A27EE9A
:10111000267AD5ED0A7A37EE677A85ED047AE37997
:101120001B021BB2A27913430B8007EE903AF8EE34
:10113000E77A67EEA67A95ED0B7A77EEC77AC5ED7A
:10114000057A94E7174AD3781B021BB291780B43B8
:1011500015490B801748D0ED006A07EE903AB8EEBB
:10116000E77A27EE267A85ED037A53791B021BB2C4
:10117000107903430B8007EE903AB8EEE77A27EE3A
:10118000267A85ED047AD3791B021BB29279134338
:101190000B8007EE903AF8EEE77A67EEA67AC5ED97
:1011A000057A64E7505D03244C5D03249801002414
:1011B000A00100249C01002470B40124C46603FA39
:1011C00004F4A0F85C400568AC6844F04004AC60EE
:1011D00005682C6844F010042C600AE0256825F0AE
:1011E00001052560D0F880402468256815F0010FBE
:1011F00038D0D0F880402468454E464DAC4218BFE8
:10120000B442EBD01835AC42E8D01835AC42E5D04A
:101210001835AC42E2D01835AC42DFD01835AC42BC
:10122000DCD01835AC42D9D005F55675AC42D5D0D6
:101230001835AC42D2D01835AC42CFD01835AC42BC
:10124000CCD01835AC42C9D01835AC42C6D0183510
:10125000AC42C3D01835AC42C0D0256825F001059A
:101260002560BFE705682435A560D0F88040246874
:10127000E160D0F8801009680A61D0F88020126817
:101280005360D0F880301A68136843F480231360E9
:10129000D0F880301B681E491E4A934218BF8B420B
:1012A0002FD0183293422CD01832934229D01832C2
:1012B000934226D01832934223D01832934220D042
:1012C000183293421DD002F55672934219D018324B
:1012D000934216D01832934213D01832934210D052
:1012E000183293420DD0183293420AD018329342EA
:1012F00007D01832934204D01A6842F001021A60F3
:1013000003E01A6842F001021A6070BC704700BF27
:10131000100002402800024010B5D0F880301B6851
:101320001A6812F4002F40F08280824C824A934265
:1013300018BFA3422FD0183293422CD018329342B8
:1013400029D01832934226D01832934223D0183233
:10135000934220D0183293421DD002F55672934228
:1013600019D01832934216D01832934213D0183243
:10137000934210D0183293420DD0183293420AD0C3
:101380001832934207D01832934204D01A6822F0E0
:1013900001021A6003E01A6822F001021A60D0F814
:1013A00080301A68136843F400231360D0F880304B
:1013B0001B686048604A934218BF83422DD01832A0
:1013C00093422AD01832934227D01832934224D025
:1013D0001832934221D0183293421ED018329342D1
:1013E0001BD002F55672934217D01832934214D094
:1013F0001832934211D0183293420ED018329342D1
:101400000BD01832934208D01832934205D01832CC
:10141000934202D024225A6001E024225A60122909
:1014200000D010BD4549464802F05EF9F9E7414C4D
:10143000414A934218BFA3422FD0183293422CD076
:101440001832934229D01832934226D01832934250
:1014500023D01832934220D0183293421DD002F587
:101460005672934219D01832934216D018329342D2
:1014700013D01832934210D0183293420DD0183244
:1014800093420AD01832934207D01832934204D0C4
:101490001A6822F001021A6003E01A6822F00102C1
:1014A0001A60D0F880301A68136823F400231360A0
:1014B000D0F880301B681F481F4A934218BF8342F0
:1014C0002DD0183293422AD01832934227D01832A6
:1014D000934224D01832934221D0183293421ED026
:1014E000183293421BD002F55672934217D018322D
:1014F000934214D01832934211D0183293420ED036
:10150000183293420BD01832934208D018329342CB
:1015100005D01832934202D024225A6001E02422DE
:101520005A6012297FF47DAF0449064802F0DCF8C6
:1015300077E700BF1000024028000240F0010024BD
:10154000586203246A62032438B50446D0F8803018
:101550001B681A6812F4002F40F089808848894A75
:10156000934218BF83422FD0183293422CD01832A6
:10157000934229D01832934226D01832934223D076
:101580001832934220D0183293421DD002F5567281
:10159000934219D01832934216D01832934213D086
:1015A0001832934210D0183293420DD01832934221
:1015B0000AD01832934207D01832934204D01A68E6
:1015C00022F001021A6003E01A6822F001021A6098
:1015D000D4F880301A68136843F400231360092993
:1015E00000D838BD684D284602F0B8FC882200219A
:1015F000284608F0D1F8D4F880301B686049614A69
:10160000934218BF8B422ED0183293422BD01832FF
:10161000934228D01832934225D01832934222D0D8
:10162000183293421FD0183293421CD002F55672E2
:10163000934218D01832934215D01832934212D0E8
:10164000183293420FD0183293420CD01832934282
:1016500009D01832934206D01832934203D04FF487
:1016600088725A60BDE74FF488725A60B9E74448FF
:10167000444A934218BF83422FD0183293422CD051
:101680001832934229D01832934226D0183293420E
:1016900023D01832934220D0183293421DD002F545
:1016A0005672934219D01832934216D01832934290
:1016B00013D01832934210D0183293420DD0183202
:1016C00093420AD01832934207D01832934204D082
:1016D0001A6822F001021A6003E01A6822F001027F
:1016E0001A60D4F880301A68136823F4002313605A
:1016F00009297FF676AF254D284602F02FFC882277
:101700000021284608F048F8D4F880301B681C49AE
:101710001C4A934218BF8B422ED0183293422BD0D2
:101720001832934228D01832934225D0183293426F
:1017300022D0183293421FD0183293421CD002F5A7
:101740005672934218D01832934215D018329342F1
:1017500012D0183293420FD0183293420CD0183264
:10176000934209D01832934206D01832934203D0E4
:101770004FF488725A6034E74FF488725A6030E749
:10178000100002402800024044630324CC63032479
:1017900010B50A4C22680F231362094802681362CD
:1017A000084A8823A2F18801FFF706FD064A1223A2
:1017B000A2F112012046FFF7FFFC10BD20270024F4
:1017C000F8250024CC6303246A62032438B5044658
:1017D0000D462C4B984247D02B4B9C4247D00123BF
:1017E000E3662268136843F010031360226893686D
:1017F00043F040039360D4F880301B682349244AA7
:10180000934218BF8B4237D01832934234D01832EB
:10181000934231D0183293422ED0183293422BD0BB
:101820001832934228D01832934225D002F55672CE
:10183000934221D0183293421ED0183293421BD0CB
:101840001832934218D01832934215D0183293426E
:1018500012D0183293420FD0183293420CD01A682B
:1018600042F001021A600BE0FFF756FDB4E729468B
:101870002046FFF769FEB2E71A6842F001021A60DB
:1018800038BD00BF20270024F825002410000240A6
:101890002800024038B5044615460B4B196000215C
:1018A000596099600822DA60196159619961D961BA
:1018B00019622046F2F7ACFF0028FAD02A46024906
:1018C0002046F2F768FE38BD785D0324F0B59BB082
:1018D000002412941394022514950126159616944B
:1018E0001794254F12A93846F2F7DCFD00942346E1
:1018F0002A4629463846F2F719FE2246314638462E
:10190000F2F78CFF3846F2F72CFE0A940B960C95F2
:101910000D950E940F94194F0AA93846F2F7C2FD9F
:10192000009423462A4629463846F2F7FFFD224610
:1019300010213846F2F772FF3846F2F712FE029491
:10194000039504950596069407940D4F02A9384611
:10195000F2F7A8FD009423462A4629463846F2F7B6
:10196000E5FD224631463846F2F758FF3846F2F791
:10197000F8FD1BB0F0BD00BF480F0024E80F0024A5
:101980008810002410B58CB0044602E00F4B9C4236
:1019900015D040212046F2F72DFF70B16B4602AA08
:1019A00040212046F2F732FE094B9C42EED16946B7
:1019B000029801F041FD0028E8D10CB010BD694645
:1019C000029800F0DCF90028E3D1F6E78810002443
:1019D000480F002410B58CB0044641212046F2F790
:1019E00009FF70B16B4602AA41212046F2F70EFEB4
:1019F000054B9C42F1D16946029801F0C9F90028D3
:101A0000EBD10CB010BD00BFE80F002407EE900A28
:101A100070EEC00AF8EEE77A67EEA00A01238B4069
:101A2000013B07EE903AF8EEE77A80EEA77A37EEC0
:101A3000000A7047034611484068F0B100B583B012
:101A40004FF0CC0C8DF800C08DF801308DF80210ED
:101A5000DD238DF8033000238DF804308DF8053038
:101A60008DF806308DF8073001926A46034B1978DD
:101A7000FFF710FF03B05DF804FB70479C5D032483
:101A8000024B187059705A60184670479C5D0324C9
:101A900008B500221146FFF7CDFF08BD08B50120AB
:101AA000FFF7F6FF08BD08B50220FFF7F1FF08BDFC
:101AB00008B50320FFF7ECFF08BD000070B52DED61
:101AC000028B82B00346C278807840EA0220ADF8EB
:101AD00000005A791D7945EA0225ADF80250DA79FD
:101AE0009C7944EA0224ADF80440DFED138A9FEDAF
:101AF000138A1021F0EE680AB0EE480AFFF786FF5D
:101B00000F4E86ED080A1021F0EE680AB0EE480A82
:101B10002846FFF77BFF86ED090A1021F0EE680AE0
:101B2000B0EE480A2046FFF771FF86ED0A0A02B0C0
:101B3000BDEC028B70BD00BF33336B4333336BC3DB
:101B40009C5D032470B52DED028B82B00346C278F4
:101B5000807840EA0220ADF800005A791D7945EA04
:101B60000225ADF80250DA799C7944EA0224ADF8F6
:101B70000440DFED138A9FED138A1021F0EE680A0E
:101B8000B0EE480AFFF742FF0F4E86ED050A10211E
:101B9000F0EE680AB0EE480A2846FFF737FF86EDF8
:101BA000060A1021F0EE680AB0EE480A2046FFF758
:101BB0002DFF86ED070A02B0BDEC028B70BD00BFA1
:101BC0001F850B421F850BC29C5D032470B52DED54
:101BD000048B84B00346C278807840EA02200190EA
:101BE0005A791E7946EA02260296DA799D7945EA03
:101BF000022503951021DFED2B0A9FED2B0AFFF73D
:101C000005FF2A4C84ED020ADFED298A9FED299A0F
:101C10001021F0EE680AB0EE490A3046FFF7F6FEF2
:101C2000B0EE408A84ED040A1021F0EE680AB0EEAE
:101C3000490A2846FFF7EAFE84ED030AD4ED117A3B
:101C400078EE677AF4EEE87AF1EE10FA18DDD4ED6A
:101C5000127AB7EE007A77EEC77AC4ED127A134B98
:101C6000D3ED127A9FED147A67EE877A78EE277AB1
:101C7000C3ED107A83ED118A04B0BDEC048B70BD06
:101C80009FED0C7AF4EEC77AF1EE10FAE7D5074B28
:101C9000D3ED127AB7EE007A77EE877AC3ED127A37
:101CA000DDE700BF0000B4420000B4C29C5D032425
:101CB00000003443000034C30000B443F8B590F88A
:101CC00001C08678B21002F03E02360306F4405698
:101CD000C37846EA0316037946EA13169D0205F413
:101CE0007055437945EA8305837945EA93151C02CB
:101CF00004F47C54C3791C430E21F7EE000ABFEEB6
:101D0000000A42EA8C10FFF781FE114F87ED0B0AA3
:101D10000E21F7EE000ABFEE000A3046FFF776FE0E
:101D200087ED0C0A0E21F7EE000ABFEE000A2846E6
:101D3000FFF76CFE87ED0D0A0E21F7EE000ABFEEED
:101D4000000A2046FFF762FE87ED0E0AF8BD00BFCD
:101D50009C5D032408B50378013B032B05D8DFE81D
:101D600003F00205080BFFF7A9FE08BDFFF7EAFE26
:101D7000FBE7FFF72BFFF8E7FFF7A0FFF5E71128D8
:101D800005D108B50846FFF7E5FF002008BD4FF074
:101D9000FF3070470E4B1B78C3B982B00C4B012249
:101DA0001A700C4B5B680193019A0B4B1B689A42AB
:101DB00003D20A4A136801331360064B5A68064B74
:101DC0001A60034B00221A7002B07047704700BFC0
:101DD000105E0324001000E0085E03240C5E032460
:101DE00008B54FF0E022D2F8FC3D43F08073C2F812
:101DF000FC3D0E4B002159601A6842F001021A6046
:101E00000B4B03FB00F00B4B18600B4BA3FB0023A9
:101E10009B090A4A13600A4BA3FB0030800C094B54
:101E20001860094B1960FFF7B5FF08BD001000E00E
:101E300040420F00145E0324D34D6210185E032449
:101E400083DE1B431C5E03240C5E032400B52DEDD2
:101E5000028B83B00D4B5B680193019B02689B1A58
:101E600007EE903AF8EE677A094B93ED007AB8EEF8
:101E7000477A87EE878A019B0360FFF78BFFB0EEFE
:101E8000480A03B0BDEC028B5DF804FB001000E0D3
:101E9000145E03242DE9F04182B0274B5B68019367
:101EA000FFF778FF254B1C6800266508E3071B1B1E
:101EB00065F10005DB186D411C1945F10005019B1A
:101EC000E41845F100071E4B1C605F601D4B1D6848
:101ED0002A46334620463946EEF7E6FF1A4A106096
:101EE0005160A5FB003205FB0125E41A67EB0505EF
:101EF000164B1C605D60DFF86480C8F80000144B6E
:101F00001F683A46334620462946EEF7CDFF80B299
:101F1000A8F8040007FB00F0201A65F100010D4B42
:101F2000186059600C4B1A683346EEF7BDFFA8F8ED
:101F3000060002B0BDE8F081001000E00C5E032452
:101F4000005E0324145E0324E85D0324F05D032493
:101F5000185E0324F85D03241C5E0324245E03241E
:101F600008B5FFF797FF0E4B9A8800EE102AB8EEDF
:101F7000C00ADFED0C7A60EE277A93ED007AB8EEB6
:101F8000470A30EE270ADB8807EE903AF8EEE77A48
:101F90009FED057A67EE877A30EE270A08BD00BF0D
:101FA000245E03246F12833ABD37863508B5FFF7E8
:101FB00071FF0B4A116893884FF47A7000FB01336C
:101FC00000EE103AB8EE400AD38807EE903AF8EEE9
:101FD000E77A9FED047A67EE877A30EE270A08BD2C
:101FE000245E03246F12833A08B5FFF753FF074AB4
:101FF000106893884FF47A7101FB03F3044901FBE5
:102000000033D0881844002108BD00BF245E03249B
:1020100040420F0082B0114B5B68019317E00F4BF9
:102020005B68019A9B1A0E4AD2ED007AF8EE677A45
:1020300067EE807A07EE103AB8EE477AB4EEE77AA8
:10204000F1EE10FA4CBF01220022064B1A70054B2C
:102050001B78002BE3D102B0704700BF001000E0F6
:10206000145E0324205E032420B10078003818BFDA
:10207000012070474FF0500383F31188BFF36F8F37
:10208000BFF34F8FFEE780B110B50C4613460246F2
:10209000A1B1E3B1816819B3007E18B35268184644
:1020A000EFF784F80020207010BD4FF0500383F349
:1020B0001188BFF36F8FBFF34F8FFEE74FF05003D0
:1020C00083F31188BFF36F8FBFF34F8FFEE74FF09D
:1020D000500383F31188BFF36F8FBFF34F8FFEE779
:1020E0000120E1E70B20DFE730B170B50D46044673
:1020F000836853B10B2070BD4FF0500383F31188F8
:10210000BFF36F8FBFF34F8FFEE74068FAF764F8B5
:10211000064608B36268002107F03EFB0820FAF784
:102120005BF8014688B1A660E5610C4B1A465B6816
:10213000002BFBD113686BB151600C60002048602C
:102140006062A062A085E085D5E73046FAF7C2F864
:102150000520D0E71146F0E70520CCE72C5E0324EC
:10216000F8B5F8B10F461646054643691D2B25D82C
:102170001020FAF731F8044608B3002303704760D3
:102180008660C3602B69B3B1D86028616B69013385
:102190006B612B7E9BB101232370A3687BB1A86880
:1021A00098470CE04FF0500383F31188BFF36F8F13
:1021B000BFF34F8FFEE72861E860E7E70024204681
:1021C000F8BDA0B170B50546D1B18068002836D001
:1021D0006E7E002E35D1EB8D103305EB43039A88CC
:1021E00001329A806A68EEF7E1FFEC6812E04FF086
:1021F000500383F31188BFF36F8FBFF34F8FFEE758
:102200004FF0500383F31188BFF36F8FBFF34F8FED
:10221000FEE7E4683CB10123237060680028F8D031
:10222000F9F742FDF5E701232B76EC6800E0E4685E
:1022300044B1A368002BFAD0A8689847F7E70126B5
:1022400000E00B26304670BD80ED070AC0ED060A9F
:10225000D0ED167AF4EEC07AF1EE10FA05D501232E
:1022600080F85C3090F95C007047D0ED157AF4EEA0
:10227000E07AF1EE10FA03DD012380F85C30F1E73B
:10228000002380F85C30EDE710B52DED028B04469D
:10229000D0ED007A27EEA70A90ED027A67EE076A82
:1022A00030EE260AD0ED186A66EEA66A30EE660AAF
:1022B00077EEA77A67EE277A80EE270A0DF0AEF95F
:1022C00084ED330A94ED328A68EE088AD4ED317ACF
:1022D00027EEA77A78EE878A38EE088A27EE888A72
:1022E000D4ED347A30EE670A06F02AFF28EE000AB1
:1022F00038EEC00A0DF010FA84ED300A94ED358AFC
:10230000D4ED187A28EE278AD4ED327A28EE278A7F
:10231000D4ED317A28EE278A94ED330AD4ED347A5D
:1023200030EE670A06F0C6FE28EE008AD4ED308A49
:10233000D4ED007A68EEA78AD4ED027A68EEA78A17
:1023400094ED330A06F0B6FE68EE808AC8EE287A6D
:10235000C4ED367ABDEC028B10BD30B52DED028B8D
:1023600089B004460D4690ED090AD0ED087A30EEAA
:10237000670A06F09FFE8DED030A94ED060AD4ED80
:10238000087A30EE670A06F095FE8DED020A94EDAC
:10239000090AD4ED077A30EE670A06F08BFE8DED60
:1023A000010A94ED008A94ED1D0AD4ED097A30EE0D
:1023B000670A06F07FFE28EE008A9DED020A28EEED
:1023C000008A9DED037AC8EE077ACDED077A94ED89
:1023D000008A94ED1D0AD4ED097A30EE670A06F002
:1023E000AFFE28EE008A9DED020A28EE008AD4EDA9
:1023F000187A9DED037A67EE877A88EE277A8DED5D
:10240000067A94ED018A94ED1D0AD4ED087A30EE37
:10241000670A06F04FFE28EE008A9DED010A28EEBD
:10242000008A9DED037AC8EE077ACDED057A94ED2A
:10243000018A94ED1D0AD4ED087A30EE670A06F0A1
:102440007FFE28EE008A9DED010A28EE008AD4ED79
:10245000187A9DED037A67EE877A88EE277A8DEDFC
:10246000047AD4ED377A9DED077A67EE877A94ED9A
:102470002F7ADDED066A27EE267A77EE877AC5EDAC
:10248000007AD4ED377A9DED057A67EE877A94ED80
:102490002F7ADDED046A27EE267A77EE877AC5ED8E
:1024A000017A09B0BDEC028B30BD000010B52DEDF6
:1024B000028B0446B0EE608ADFED0C8AF0EE680A0B
:1024C000DFED0B7A30EE270A0DF002F984ED060AF3
:1024D000F0EE680A9FED070A38EE400A0DF0F8F8B2
:1024E00084ED070ABDEC028B10BD00BFDB0FC940B5
:1024F0009DE38A3F4E5D1D3F10B52DED028B0446D6
:10250000B0EE608ADFED0E7A30EE670ADFED0D8AFD
:10251000F0EE680A38EEC00A0DF0DAF884ED060A2B
:102520009FED090A38EE000AF0EE680A38EEC00A9C
:102530000DF0CEF884ED070ABDEC028B10BD00BF94
:102540009DE38A3FDB0FC9404E5D1D3F10B52DED69
:10255000028B0446B0EE608ADFED0E7A30EE670A39
:10256000DFED0D8AF0EE680A30EE680A0DF0B0F883
:1025700084ED0E0A9FED090A38EE000AF0EE680AB3
:1025800030EE680A0DF0A4F884ED0F0ABDEC028B62
:1025900010BD00BF9DE38A3FDB0FC9404E5D1D3F6C
:1025A00010B52DED028B0446B0EE608ADFED0E8A89
:1025B00038EEC00AF0EE680ADFED0C7A30EE270A3A
:1025C0000DF086F884ED0E0A38EEC88AF0EE680A3F
:1025D0009FED070A38EE400A0DF07AF884ED0F0AF5
:1025E000BDEC028B10BD00BFDB0FC9409DE38A3FED
:1025F0004E5D1D3F10B52DED048B0446F0EE408A74
:10260000DFED7A7AB4EEE70AF1EE10FA07DDDFEDDE
:10261000787AB4EEE70AF1EE10FA00F1CD8094ED8D
:10262000059AF6EE007A29EE279A20EEA08AB0EEFF
:10263000680A0CF0C9FF20EE000AF7EE007A30EECF
:10264000270A88EE000A0DF067F839EE409A84ED0B
:10265000139AB0EE680A0CF0B7FFD4ED137A94ED3C
:10266000057AF6EE006A27EE267A37EEC77A20EE74
:10267000070A84ED140A27EEA77A60EE006A37EEA7
:10268000267AD4ED006A26EEA66A37EE067A94ED35
:10269000026A26EE066A37EE467A36EEA66A67EEDC
:1026A000867A37EE276A84ED106AF9EE008A66EEC4
:1026B000A86A20EE260A84ED110A37EE677A84EDC7
:1026C000127A20EE000AB1EE008A26EE086A27EEA2
:1026D000067A30EE470A0DF01FF8D4ED117A30EE8D
:1026E000670AD4ED107A77EEA77A80EE270A0CF00D
:1026F00017FE30EE000A84ED0A0A94ED137AD4ED49
:10270000057A37EE677A67EE077A94ED140A60EE81
:10271000006A77EEA67AD4ED006A26EEA66A77EE16
:10272000867A94ED026A26EE066A77EEC67A36EE6F
:10273000A66A27EE067A37EE876A84ED106A66EE9F
:10274000A86A20EE260A84ED110A77EEC77AC4ED56
:10275000127AF1EE408A20EE000A26EE086A67EE51
:10276000867A30EE670A0CF0D7FF38EEC00AD4ED57
:10277000107A77EEA77A80EE270A0CF0D1FD30EEC2
:10278000000A84ED0B0A94ED0A0A9FED1A8AF0EE16
:10279000480A30EE080A0CF09BFF84ED0C0A94ED19
:1027A0000B0AF0EE480A30EE080A0CF091FF84EDB7
:1027B0000D0ABDEC048B10BD90ED059AF6EE007A83
:1027C00029EE279A20EEA08A0CF0FEFE20EE000AE9
:1027D000F7EE007A30EE270A88EE000A0CF09CFF34
:1027E00039EE009A84ED139A33E700BFDB0FC9BFBF
:1027F000DB0FC93FDB0FC940F7EE007AF4EEE70AC2
:10280000F1EE10FA0FDAD0ED007A67EEA07AB7EEAB
:10281000007A77EE600A20EE800A37EE800A80EDBB
:10282000000A0020704701207047000038B52DEDE8
:10283000048B04460D46B0EE409A90ED008A80ED80
:10284000018A8368C360D0ED058A90ED070A06F01F
:1028500077FC28EE008A38EE888A84ED228A94ED8F
:10286000008A94ED060A06F06BFC28EE008A84EDDF
:10287000208A94ED018A94ED070A06F01BFC28EEED
:10288000008A84ED238A94ED008A94ED060A06F00E
:1028900011FC28EE007A84ED217A94ED220AD4ED21
:1028A000207A30EE670A20EE000AD4ED237A77EE24
:1028B000C77A67EEA77A30EE270A0CF02DFF84ED79
:1028C000040AD4ED027A77EEA79AD4ED228A94ED29
:1028D000207A78EEC78A69EEA88A94ED237AD4ED3F
:1028E000216A37EE667A69EE879A67EEA77A20EE5C
:1028F000008A77EE887A94ED038A28EE088A37EE0C
:10290000C88A68EEA87A29EEA90A77EE807A28EEBE
:10291000080A37EEC00A0CF0FFFE78EE880A30EEA7
:10292000290A0CF0D3FE30EE000A84ED080A94ED7B
:10293000208AD4ED028A06F003FC68EE808A38EE25
:10294000288A84ED1E8A94ED218AD4ED028A94EDC2
:10295000080A06F0AFFB68EE808A38EE288A84ED1C
:102960001F8A94ED218A94ED230A38EE408AD4ED33
:10297000028A94ED080A06F09DFB68EE808A38EE24
:10298000288AD4ED209AD4ED227A79EEE79AD4ED14
:10299000028A94ED080A06F0D3FB68EE800A79EE0D
:1029A000A00AB0EE480A0CF091FE84ED090AD4EDBD
:1029B0001E0AD4ED057AB6EE008A67EE887A70EECC
:1029C000E70A94ED1F0A0CF081FE84ED1D0AD4ED98
:1029D0001E7A94ED050A20EE080A77EEC07A67EEBB
:1029E000A77A94ED1F0A20EE000A37EE800A0CF059
:1029F00093FE84ED180AD4ED1D6A94ED297A36EE23
:102A0000C77AC7EE097AC4ED287ADFED227A77EE2D
:102A1000E67A95ED0A7ADFED206A27EE267A77EEE0
:102A2000877AC4ED2A7A94ED2E7A77EEC77A87EE0C
:102A3000890A84ED2B0AF0EE480A04F1B000FFF792
:102A4000DBFE636FC4F8A430D4F8A830C4F8B83003
:102A5000D4ED187A94ED1A7A77EEC77A87EE890A60
:102A600084ED250AF0EE480A04F19800FFF7C4FE51
:102A7000236EA366D4F89430C4F89C30D4F8AC30FC
:102A8000C4F8B430D4F8A830C4F8B830BDEC048B26
:102A900038BD00BFDB0FC93F35FA8E3C30B4214D45
:102AA0002A780168204C02EB421304EBC30319603F
:102AB0004168996081685961C168C3F8D41001699F
:102AC000C3F8C4104169C3F8C8108169C3F8D010B5
:102AD000164999655965012083F85C0059671449C6
:102AE000C3F8E4101349C3F8E8101349C3F8EC1015
:102AF0001249C3F8F0101249C3F8F4101149C3F891
:102B0000F8101149C3F8FC101049C3F8001110491E
:102B1000C3F8041113182B7002EB421204EBC2002D
:102B200030BC7047345E0324385E0324DB0FC93F9A
:102B30002D280108F5250108A12501084D250108CA
:102B40005B230108F9240108AD240108892201084A
:102B50004922010808B5BDEEC07AF8EEC77A70EEDA
:102B6000677ADFED0E6A67EEA67AFDEEE77A17EE7A
:102B7000903A17EE102A002AB8BF5242002BB8BF75
:102B80005B42B5EEC00AF1EE10FA03D4044906F038
:102B9000DFFE08BD034906F0DBFEFAE700007A44D9
:102BA000E4110208DC11020890F83230012B2CD01D
:102BB0005AB2002A50D0023BDBB2012B4CD890F81D
:102BC0002C30042B12D8013BDBB24A68012A0BD00F
:102BD000012222494FF0010C01F802C080F8313087
:102BE00080F8302000230BE00422F2E7053BDBB243
:102BF0004A68012A01D00022EBE70322E9E701330A
:102C0000174A12789A42FAD8704790F82C301A1F57
:102C1000D2B2042A12D8053BDBB24A68012A0BD093
:102C200000220E494FF0010C01F802C080F831304B
:102C300080F8302000230BE00322F2E7093BDBB2EF
:102C40004A68012A01D00222EBE70522E9E70133B5
:102C5000034A12789A42FAD8704700BF646003248E
:102C60006060032400B5B0F81CC0A0F81EC00B784B
:102C70004A7842EA0322828307EE902AF8EE677AC6
:102C8000DFED3D6A67EEA66AC0ED026AB0F920305A
:102C900007EE903AF8EEE77A9FED386A27EE867AEB
:102CA00091F802E0CB7843EA0E231BB207EE903A8C
:102CB000F8EEE77ADFED325A67EEA57A77EE277AFB
:102CC000FDEEE77A17EE903A0384D0ED037A27EE13
:102CD000867A91F802E0CB7843EA0E231BB207EE26
:102CE000903AF8EEE77A9FED276A67EE867A77EEFC
:102CF000277AC0ED037AB0F9223007EE903AF8EE69
:102D0000E77A9FED217A27EE877A91F804E04B79F4
:102D100043EA0E231BB207EE903AF8EEE77A9FEDF6
:102D20001B6A67EE867A77EE277AFDEEE77A17EE72
:102D3000903A43848B7980F82430A2EB0C02B2F5F0
:102D4000805F11DD4369013B436143694FF4B47215
:102D500002FB03F307EE903AF8EEE77A77EEA67AF5
:102D6000C0ED047A5DF804FB12F5805FEDDA43698B
:102D700001334361E9E700BFACFF333D9899193E49
:102D80009A99593F3433A340D0CCCC3D6666663F18
:102D900008B58446002300E00133084A12789A42BD
:102DA00009D9074A52F82300C26A6245F4D1FFF7F5
:102DB00059FF002001E04FF0FF3008BD60600324A0
:102DC00048600324002380F833307047012380F8E3
:102DD0003330704770B58CB0002500E00135324BC0
:102DE0001B78AB4239D9314B53F825400DF1100C0B
:102DF00004F1080EBEE80F00ACE80F009EE80F00DB
:102E00008CE80F00A66B0CAB13E90F008DE80F00E8
:102E100004AB0FCBB04794F8302094F831C04FEAA0
:102E20004C01C0F3072602EB420E214B03EB8E034D
:102E300003EB4C0E8EF8046001310B44187194F8CA
:102E40003330002BCAD102EB4202194B03EB820252
:102E50000432002322F81C30C0E700240BE0144B9E
:102E600004EB440103EB8102043253F821101148B2
:102E7000FEF710FD01340C4B1B78A34211D90E4B09
:102E80001B5D002BF6D0022CE9D8094B04EB440162
:102E900003EB8102043253F821100648FEF7FAFCD6
:102EA000E8E70CB070BD00BF6060032448600324F5
:102EB000A4010024E80F00246460032470B50546D3
:102EC0000E463C20F9F788F904463C22002106F022
:102ED00063FC2B7884F83230EB68E362A6636B689E
:102EE00023716B68022B16D0032B17D0012B0FD048
:102EF00029462046FFF758FE2046FFF767FF094A9C
:102F00001378591C1170084A42F82340204670BDBE
:102F1000064B2360ECE7064B2360E9E7054B236093
:102F2000E6E700BF6060032448600324480F0024E4
:102F3000E80F00248810002407EE900A70EEC00A03
:102F4000F8EEE77A67EEA00A01238B40013B07EE1B
:102F5000903AF8EEE77A80EEA77A37EE000A7047EB
:102F600031EE601A30EE600A01238340013B07EE28
:102F7000903AF8EEE77A60EE277A87EE817AFDEEF6
:102F8000C77A17EE903A98B27047000084B02DE9E6
:102F9000F0412DED028B08AC84E80F00239C9DF8D6
:102FA0006130012B00F0C680022B00F0DF802BB1D6
:102FB000BDEC028BBDE8F04104B070479DED1E0AE8
:102FC000DFED727AB4EEE70AF1EE10FA09D9DFED1F
:102FD000707AB4EEE70AF1EE10FA04DBB0EE670A9D
:102FE00001E09FED6A0A8DED1E0A9DED1F8ADFED5F
:102FF000697AB4EEE78AF1EE10FA09D9DFED667A64
:10300000B4EEE78AF1EE10FA04DBB0EE678A01E075
:103010009FED608A8DED1F8ADDED207AF5EEC07A96
:10302000F1EE10FA09D9B0EE087AF4EEC77AF1EEB3
:1030300010FA04DBF0EE477A01E0DFED587ACDEDCF
:10304000207ADDED217AF5EEC07AF1EE10FA09D999
:10305000B1EE047AF4EEC77AF1EE10FA04DBF0EE8A
:10306000477A01E0DFED4D7ACDED217ADDED227A70
:103070009FED4B7AF4EEC77AF1EE10FA09D99FED85
:10308000497AF4EEC77AF1EE10FA04DBF0EE477AF3
:1030900001E0DFED437ACDED227A9DF864301BB973
:1030A000002320932193229310209FED391ADFED06
:1030B000370AFFF755FF80460C209FED371ADFEDEA
:1030C000350AB0EE480AFFF74BFF07469FED338AFB
:1030D0000C20B0EE081AF0EE480A9DED200AFFF72A
:1030E0003FFF06460C20B1EE041AF0EE480A9DEDB3
:1030F000210AFFF735FF05460C209FED2A1ADFED68
:10310000280A9DED220AFFF72BFF03464FEA1822FB
:10311000227084F801803A09A270300A40EA071749
:10312000E77026712A096271180A40EA0515A5712F
:10313000E3713DE71C4B1EAA1A601C4A1FA91160CF
:103140009DF878102170196849786170196889783C
:10315000A1701B68DB78E37013681A7822715A78C3
:1031600062719A78A271DB78E37121E70F4B1FAA95
:103170001A609DF87C2022701A68527862701A6872
:103180009278A2701B68DB78E37011E7DB0FC9C08F
:10319000DB0FC940000034C20000344200000000D0
:1031A00000000CC200000C4250620324546203244D
:1031B00038B52DED028B04460D460B7803F00F0356
:1031C00003710B781B09437148788B78DFED3C8ADB
:1031D0001021F0EE680A9FED3B0A43EA0020FFF75A
:1031E000ABFEB0EE408A84ED050AE8782B791B0926
:1031F0000C21DFED350A9FED350A43EA0010FFF799
:103200009BFE84ED090A2B791B0203F47063687935
:103210000C21DFED2F0A9FED2F0A1843FFF78CFEDC
:1032200084ED0A0AAB7907EE903AF8EE677AC4EDBE
:103230000B7AEB7907EE903AF8EE677AC4ED0C7AE8
:10324000F0EE680A38EE280A0CF042FA84ED060A1D
:10325000D4ED077A70EE677A9FED1F7AF4EEC77AA5
:10326000F1EE10FA07DD94ED037AF7EE006A37EE1F
:10327000267A84ED037A9FED197AF4EEC77AF1EE9F
:1032800010FA07D5D4ED037AB7EE007A77EEC77A55
:10329000C4ED037AD4ED037A9FED097A67EE877A5D
:1032A00030EE270A84ED020ADFED0D0A0CF010FA69
:1032B00084ED040AA369E361BDEC028B38BD00BF55
:1032C000DB0FC940DB0FC9C000003442000034C22C
:1032D00000000C4200000CC2DB0F4940DB0F49C06C
:1032E00046B92141F0B52DED028BB1B004460DF188
:1032F0008C0C00F1040EBEE80F00ACE80F00BEE835
:103300000F00ACE80F00BEE80F00ACE80F00DEF8DD
:103310000030CCF80030FEF767FEA36B013B3D4D5B
:103320009E0005EB830393ED008AEDF777FD07EE32
:10333000900A77EEC87A384B3344C3ED007AFEF733
:1033400053FEA36B013B05EB8305EDF767FD28609A
:10335000256DEC460DF1980EBEE80F00ACE80F00AD
:10336000BEE80F00ACE80F009EE803008CE8030005
:1033700023AB0ECB19A8A84794F8433094F8421019
:103380008B4213D1FC2927D0FD2B21D1234A4FF0AA
:10339000FF331360C2F80330D171A16B2068FEF7D0
:1033A00079FA94F8433084F8423011E01B4A4FF028
:1033B000FF311160C2F80310D371A16B2068FEF7D2
:1033C00069FA94F8433084F84230A06CF8F76CFC4A
:1033D00031B0BDEC028BF0BD1EAD19AE0FCE0FC5E6
:1033E00033682B600D4F179712AD1EAE0FCE0FC571
:1033F00033682B60482204F110016846EDF7D6FED1
:1034000094E80F00FFF7C2FD3A46A16B2068FEF773
:1034100041FADDE73C6203242C6203246C60032440
:1034200008B590F842308B4205D080F84310142143
:10343000806CF8F70AFC08BD08B5002300E00133F2
:103440000C4A12789A4211D90B4A582000FB0322E9
:10345000906B0A7802F00F029042F0D1064A582091
:1034600000FB0320FFF7A4FE002001E04FF0FF3037
:1034700008BD00BF4D6203247460032410B5094CDD
:103480002278094B582000FB0230FFF72BFF2378EE
:103490000133064A127893FBF2F102FB11332370D9
:1034A00010BD00BF4C620324746003244D620324EA
:1034B00010B5002407E0FC21054B582000FB043028
:1034C000FFF7AEFF0134034B1B78A342F3D810BDC6
:1034D000746003244D62032410B5002407E0FD212D
:1034E000054B582000FB0430FFF79AFF0134034BD3
:1034F0001B78A342F3D810BD746003244D620324EB
:1035000070B582B03B4B1D7802783B4B582404FBCE
:10351000053383F84020C268DA6382689A631965CC
:10352000364A5A650022DA604368022B38D0032BF2
:103530003DD0012B2DD0002300930193012168463B
:10354000F8F757FB2C4C582606FB0545A864294D77
:10355000287806FB0040FD2180F8421080F84310D7
:10356000FFF75EFF2A7806FB0244A36B03F4706347
:10357000B3F5007F2ED0B3F5407F33D0B3F5807F15
:103580001CD01D4B582101FB0233002183F8411050
:1035900017E0234605FB03F3174A1949D150CAE740
:1035A000582305FB03F3144A1649D150C3E75823A7
:1035B00005FB03F3104A1449D150BCE7012184F8FC
:1035C0004110511C0B4B19700B4B582000FB023063
:1035D00002B070BD084B582101FB0233022183F871
:1035E0004110EEE7044B582101FB0233032183F81D
:1035F0004110E6E74D62032474600324213401087E
:10360000480F0024E80F002488100024002380F8CD
:1036100044307047012380F8443070470368D86A0B
:10362000824201D9DA6A92B20C290FD8DFE801F0A0
:10363000070E0E0E090E0E0E0B0E0E0E0D005A6327
:1036400070479A637047DA6370471A6470470000E6
:103650000378042B42D8DFE803F0030A11223E006E
:1036600011B101230370704700230370704711B13B
:1036700002230370704700230370704761B1032376
:103680000370174B984203D0164B00221A837047E1
:10369000143B0022DA827047002303707047B9B1EF
:1036A0000F4B984209D00F4A138B591C1183B3F565
:1036B000487F13D9042303707047A3F11402D38AFF
:1036C000591CD182B3F5487F08D904230370704791
:1036D00000230370704709B900230370704700BFCF
:1036E000906203247C620324002918BF002863D061
:1036F00070B503460A4690F800C041784CEA012CA8
:10370000CCF30A0CA2F800C041788078C90841EADD
:103710004011C1F30A0454809978D878890941EAA4
:103720008001187941EA8021C1F30A01918018795A
:103730005D79400840EAC510C0F30A00D08093F8D4
:1037400010E05D7C4EEA052ECEF30A0EA2F808E0EA
:103750005D79C5F3011595725D79AD09D5729D79D5
:10376000DE7945EA062595811D7A5E7A45EA0625C9
:10377000D5819D7ADE7A45EA062515821D7B9574F2
:103780005D7BD5749D7BDB7B45EA03239382ACF59F
:10379000806CA2F800C0A4F580645480A1F580611B
:1037A0009180A0F58060D080AEF580631381FA230C
:1037B000D3750023937570BD7047000038B52DEDAB
:1037C000028BAF4B1B7D13F0100F00F0D680AD4A7B
:1037D000012182F82A10AC49116113F0010F00F0A9
:1037E000DF80AA4BB3F9003007EE903AB8EEE77AE3
:1037F000A44BD3ED027A77EE877AC3ED027AA04B21
:103800001B7D13F0040F00F0ED80A04BB3F90030E6
:1038100007EE903AB8EEE77A9A4BD3ED017A77EE5D
:10382000C77AC3ED017A974BD3ED016A93ED047A21
:10383000F1EE477AF4EEE76AF1EE10FA00F2F48066
:10384000C3ED017A8F4BD3ED026AF4EEE67AF1EE26
:1038500010FAC0F2F380C3ED027A8A4BD3ED017AFD
:103860009FED8B7AF4EEC77AF1EE10FA00F2F08059
:1038700083ED017A834BD3ED027ABBEE047AF4EE4A
:10388000C77AF1EE10FA00F2EF8083ED027A7C4DF8
:103890007C4CA97C04F11400FFF7DAFEE97C04F10A
:1038A0001500FFF7D5FE297D01F0010104F11A0092
:1038B000FFF7CEFE297DC1F3400104F11B00FFF7A5
:1038C000C7FE297DC1F3800104F11C00FFF7C0FE93
:1038D000297DC1F3C00104F11D00FFF7B9FE297D68
:1038E000C1F3001104F11E00FFF7B2FE297DC1F300
:1038F000401104F11F00FFF7ABFE297DC1F38011D9
:1039000004F12000FFF7A4FE297DC90904F121007C
:10391000FFF79EFE697D01F0010104F12200FFF72F
:1039200097FE697DC1F3400104F12300FFF790FE8B
:10393000697DC1F3800104F12400FFF789FE697DF0
:10394000C1F3C00104F12500FFF782FE697DC1F3D8
:10395000401104F12700FFF77BFE697DC1F3801160
:1039600004F12800FFF774FE697DC90904F12900FC
:10397000FFF76EFEBDEC028B38BD13F0200F07D0B1
:10398000404A022182F82A104FF07E51116124E74B
:103990003C4A002182F82A104FF0804111611CE757
:1039A00013F0020F0ED0394BB3F9003007EE903A06
:1039B000B8EEE77A334BD3ED027A77EEC77AC3EDF0
:1039C000027A1CE72F4C94ED028A324B1868036987
:1039D0009847F7EE007A77EEC07A28EE278A84EDD2
:1039E000028A0CE713F0080F0ED0284BB3F9003011
:1039F00007EE903AB8EEE77A224BD3ED017A77EEF4
:103A0000877AC3ED017A0EE71E4C94ED018A224BB2
:103A1000186803699847F7EE007A77EEC07A28EEC7
:103A2000278A84ED018AFEE6F4EEC76AF1EE10FA09
:103A3000FFF608AF134B83ED017A03E7B4EEE67AA5
:103A4000F1EE10FA3FF609AF0E4B83ED027A04E770
:103A50009FED127AF4EEC77AF1EE10FAFFF60AAF94
:103A6000084B83ED017A05E7B3EE047AF4EEC77AEA
:103A7000F1EE10FAFFF60BAF024B83ED027A06E788
:103A8000F00100247C62032400006040EC0100246B
:103A90000000FAC44C6B0324486B03240000FA4472
:103AA00003460278002062F307005A7862F30F2081
:103AB0009A7862F31740DB7863F31F607047034620
:103AC0000278002062F307005A7862F30F209A7898
:103AD00062F31740DB7863F31F60704702780023BE
:103AE00062F30703427862F30F23827862F317438D
:103AF000C27862F31F6300EE103A704702784FF00D
:103B0000000362F30703427862F30F2318B2704791
:103B1000F8B505460C460E78701D2844FFF7EEFFF9
:103B200040F20E23984200F3BA80B0F5007F14DD16
:103B3000A0F201230D2B00F2B280DFE813F0C700E2
:103B40000C0129014401B0005C016D018001950167
:103B50009C01B201F701FC010A0240F201139842F4
:103B600000F0A280B0F5817F14DBB0F5827F00F019
:103B7000A28040F20513984240F09180AB19DB79A6
:103B800084F8363006F108002844FFF7B7FFA4F8A0
:103B9000370084E0022800F08380032861D1F01D03
:103BA0002844FFF7ABFFA4F80F0006F109002844F2
:103BB000FFF7A4FFA4F8110006F10B002844FFF75B
:103BC0009DFFA4F8130006F10D002844FFF796FFAF
:103BD000A4F8150006F111002844FFF78FFFA4F8A0
:103BE000190006F113002844FFF788FFA4F81B0012
:103BF00006F115002844FFF781FFA4F81D0006F127
:103C000017002844FFF77AFFA4F81F0006F11900F7
:103C10002844FFF773FFA4F8210006F11B00284495
:103C2000FFF76CFFA4F8230006F11D002844FFF7FE
:103C300065FFA4F8250006F121002844FFF75EFF88
:103C4000A4F8290006F123002844FFF757FFA4F841
:103C50002B0006F125002844FFF750FFA4F82D00A3
:103C60001DE001281BD1F31DE95CE27861F303023A
:103C7000E270EB5C1B09D2B263F30712E27006F14B
:103C800008002844FFF73AFFA08006F10A00284404
:103C9000FFF715FFC4F806000023C4F80A30F8BD8A
:103CA000A819C379A373FAE7F01D2844FFF7F8FEBB
:103CB000C4F82F00F3E7A819C37984F83330037AE6
:103CC00084F83430437A84F83530E8E7AB19DA7990
:103CD00084F839201B7A84F83A3006F10900284428
:103CE000FFF70CFFA4F83B0006F10B002844FFF798
:103CF00005FFA4F83D0006F10D002844FFF7FEFE85
:103D0000A4F83F0006F10F002844FFF7F7FEA4F8DF
:103D1000410006F111002844FFF7F0FEA4F843002B
:103D200006F113002A5C94F8453062F3000384F82E
:103D300045302B5CC3F3400394F8452063F3410204
:103D400084F845202B5CC3F38003D2B263F3820274
:103D500084F84520A3E706F10F002844FFF7CEFEC4
:103D6000A4F8460006F111002844FFF7C7FEA4F8A6
:103D7000480006F113002844FFF7C0FEA4F84A00EB
:103D800006F115002844FFF7B9FEA4F84C0086E7B9
:103D9000F01D2844FFF7A2FE10EE103AC4F84E3092
:103DA00006F10B002844FFF799FE10EE103AC4F814
:103DB000523006F10F002844FFF790FE10EE103A43
:103DC000C4F856306BE7AF19FB7984F85A303B7A68
:103DD00084F85A307B7A84F85A30BB7A84F85A30A7
:103DE00006F10B002844FFF789FEA4F85A003B7B3C
:103DF00084F85A3053E7F01D2A5C94F85C3062F383
:103E0000030384F85C302B5C1B0994F85C2063F39B
:103E1000071284F85C2042E7AB19DA7984F85D2058
:103E20001A7A84F85E205B7A84F85F3006F10A0023
:103E30002844FFF753FE10EE103A23662FE7F01DDB
:103E40002844FFF75BFEA4F8640006F1090028444B
:103E5000FFF754FEA4F8660006F10B002844FFF7B4
:103E60004DFEA4F868001AE7F01D2844FFF718FE7D
:103E7000C4F86A0013E7AB19DA7984F86E201B7A6C
:103E800084F86F3006F109002844FFF737FEA4F8E4
:103E9000700006F10B002844FFF730FEA4F8720012
:103EA000FDE6F01D2844FFF719FE10EE103A636797
:103EB00006F10B002844FFF711FE10EE103AA3673D
:103EC00006F10F002844FFF709FE10EE103AE367F1
:103ED00006F113002844FFF701FE10EE103AC4F873
:103EE000803006F117002844FFF7F8FD10EE103A75
:103EF000C4F8843006F11B002844FFF7EFFD10EEF4
:103F0000103AC4F8883006F11F002844FFF7E6FD98
:103F100010EE103AC4F88C3006F123002844FFF765
:103F2000DDFD10EE103AC4F89030B8E6A819C37958
:103F300084F89430B3E6F01D2844FFF7B1FDC4F8CF
:103F4000950006F10B002844FFF7D8FDA4F899006E
:103F5000A5E6A819C37984F89B30A0E610B50446FD
:103F6000154B00221A705A709A7005E0124BB3F884
:103F700001101A780A441A700F4B1B78E018E35CA2
:103F8000A52B18D10521FBF741FF012813D10A4BBE
:103F9000187820448278417841EA02210931A3F857
:103FA000011089B2FBF762FF0128DFD102492046E8
:103FB000FFF7AEFDDAE710BDA862032410B588B0A4
:103FC00000238DF807300EE04FF0600C14E04FF046
:103FD000600C1EE04FF0600CC3F1170420346C44F9
:103FE00004F818CC0133072B21DC41FA03F414F058
:103FF000010FE9D04FF0780CC3F1070420346C4472
:1040000004F818CC40FA03F414F0010FDFD04FF09D
:10401000780CC3F10F0420346C4404F818CC42FA35
:1040200003F414F0010FD5D04FF0780CD4E74FF61D
:10403000FF7300220DF107010F48F3F7A9FC0E4BA7
:1040400093F88130DBB2012BF9D14FF6FF731822C0
:1040500002A90948F3F79CFC002408E04FF6FF731F
:1040600001220DF107010448F3F792FC0134632C9F
:10407000F4DD08B010BD00BFB821002400B585B044
:10408000FDF794FFB0EE408A194B0093194B1A4A82
:104090001A490020FAF7DEFAF7F75AFD039012E00A
:1040A000174C2046FEF756FD114B01930094154B1B
:1040B000154A16490020FAF7CDFA03F0E9FF01216D
:1040C00003A8F9F7F9FAFDF771FF30EE480A104C32
:1040D00084ED000AFDF76AFFB0EE408A94ED000A15
:1040E000F7EE087AB4EEE70AF1EE10FAD8DCE4E76E
:1040F000F4120208C0120208C4120208CC1202080C
:1041000088640324FC120208001302080813020842
:104110008464032400B585B0FDF748FFB0EE408A03
:10412000194B0093194B1A4A1A490020FAF792FAD0
:10413000F7F70EFD039012E0174C2046FEF70AFD3C
:10414000114B01930094154B154A16490020FAF7BC
:1041500081FA02F04DFA012103A8F9F7ADFAFDF753
:1041600025FF30EE480A104C84ED000AFDF71EFFD3
:10417000B0EE408A94ED000AF1EE067AB4EEE70A5A
:10418000F1EE10FAD8DCE4E7F4120208C0120208DB
:10419000C4120208441302085C640324FC120208DF
:1041A00000130208701302085864032400B585B098
:1041B000FDF7FCFEB0EE408A194B0093194B1A4AEA
:1041C0001A490020FAF746FAF7F7C2FC039012E00A
:1041D000174C2046FEF7BEFC114B01930094154B83
:1041E000154A16490020FAF735FA02F08FFE012130
:1041F00003A8F9F761FAFDF7D9FE30EE480A104C32
:1042000084ED000AFDF7D2FEB0EE408A94ED000A7C
:10421000F7EE087AB4EEE70AF1EE10FAD8DCE4E73C
:10422000F4120208C0120208C4120208AC130208F9
:1042300068640324FC12020800130208D413020865
:104240006464032400B585B0FDF7B0FEB0EE408A8B
:10425000194B0093194B1A4A1A490020FAF7FAF938
:10426000F7F776FC039012E0174C2046FEF772FC3D
:10427000114B01930094154B154A16490020FAF78B
:10428000E9F904F033FC012103A8F9F715FAFDF769
:104290008DFE30EE480A104C84ED000AFDF786FED4
:1042A000B0EE408A94ED000AF7EE087AB4EEE70A21
:1042B000F1EE10FAD8DCE4E7F4120208C0120208AA
:1042C000C41202080C1402089C640324FC120208A5
:1042D00000130208341402089864032400B585B062
:1042E000FDF764FEB0EE408A194B0093194B1A4A51
:1042F0001A490020FAF7AEF9F7F72AFC039012E00A
:10430000174C2046FEF726FC114B01930094154BE9
:10431000154A16490020FAF79DF903F0B7F9012173
:1043200003A8F9F7C9F9FDF741FE30EE480A104C31
:1043300084ED000AFDF73AFEB0EE408A94ED000AE3
:10434000F7EE087AB4EEE70AF1EE10FAD8DCE4E70B
:10435000F4120208C0120208C41202087014020803
:1043600070640324FC120208001302089C14020863
:104370006C64032400B585B0FDF718FEB0EE408AEA
:10438000194B0093194B1A4A1A490020FAF762F99F
:10439000F7F7DEFB039012E0174C2046FEF7DAFB3E
:1043A000114B01930094154B154A16490020FAF75A
:1043B00051F904F085F9012103A8F9F77DF9FDF71A
:1043C000F5FD30EE480A104C84ED000AFDF7EEFDD5
:1043D000B0EE408A94ED000AF7EE087AB4EEE70AF0
:1043E000F1EE10FAD8DCE4E7F4120208C012020879
:1043F000C4120208D814020890640324FC120208B4
:1044000000130208001502088C64032400B585B06F
:10441000FDF7CCFDB0EE408A194B0093194B1A4AB8
:104420001A490020FAF716F9F7F792FB039012E009
:10443000174C2046FEF78EFB114B01930094154B51
:10444000154A16490020FAF705F903F00BFE012181
:1044500003A8F9F731F9FDF7A9FD30EE480A104C31
:1044600084ED000AFDF7A2FDB0EE408A94ED000A4B
:10447000F7EE087AB4EEE70AF1EE10FAD8DCE4E7DA
:10448000F4120208C0120208C41202083C15020805
:104490007C640324FC12020800130208641502085D
:1044A0007864032408B500211348FDF71DFE0021A0
:1044B0001248FDF719FE00211148FDF715FE0021F5
:1044C0001048FDF711FE00210F48FDF70DFE0021F9
:1044D0000E48FDF709FE00210D48FDF705FE0021FD
:1044E0000C48FDF701FE00210B48FDF7FDFD002102
:1044F0000A48FDF7F9FD08BDF8020024C8020024AF
:1045000008020024380200248803002468020024E2
:10451000280300249802002458030024B803002430
:1045200030B5B3B03E4C0DF1AC0CA646BEE80F0062
:10453000ACE80F009EE807008CE8070000212BA8DC
:10454000F7F710FB374B18600DF1900C04F11C0EBF
:10455000BEE80F00ACE80F009EE807008CE80700FB
:10456000002124A8F7F7FEFA2F4B18600DF1740C08
:1045700004F1380EBEE80F00ACE80F009EE807001B
:104580008CE8070000211DA8F7F7ECFA274B18600C
:104590000DF1580C04F1540EBEE80F00ACE80F000A
:1045A0009EE807008CE80700002116A8F7F7DAFA62
:1045B0001F4D28600DF13C0C04F1700EBEE80F0099
:1045C000ACE80F009EE807008CE8070000210FA868
:1045D000F7F7C8FA28600DF1200C04F18C0EBEE844
:1045E0000F00ACE80F009EE807008CE807000021F0
:1045F00008A8F7F7B7FA0F4D28600DF1040E04F183
:10460000A80CBCE80F00AEE80F009CE807008EE89D
:104610000700002101A8F7F7A5FA286033B030BDE4
:10462000580C020874640324806403245464032433
:10463000606403249464032408B572B6FFF770FF26
:10464000FFF730FF01F08CFF03F012FD02F032FCA7
:1046500002F08EFE04F034F903F038FF03F05AFB49
:1046600062B608BD0000000084B0D0B504AC84E898
:104670000F003B4B1C682046EBF7C6FF06460F4673
:1046800033A3D3E90023ECF793FA48B932A3D3E973
:10469000002330463946ECF795FA10B1314C00E072
:1046A000314C2F4B1C60314B93F82030032B12D030
:1046B000032B21D0022B27D02D4A11882D4A11809F
:1046C00013B92B4B00221A80294BB3F90000BDE827
:1046D000D04004B07047284A5278062AE8D1DFED6E
:1046E000277A07EE104A67EE677AFDEEE77A204AEE
:1046F00017EE901A1180DBE71F4A5278062AD9D0AC
:104700001B4A00211180D5E71D4A127892B91D4A33
:104710001268D2ED147A07EE104A77EE677A9FEDB1
:10472000177A67EEC77AFDEEE77A114A17EE901A0C
:104730001180C1E7DFED117A07EE104A67EE677A64
:10474000FDEEE77A0A4A17EE901A1180B4E700BF2F
:1047500085EB51B81E850DC085EB51B81E850D4007
:10476000B8640324F6286C40F6286CC06066032405
:10477000186A03246C6A03248866032400C00A456F
:1047800094650324986A032484B0D0B504AC84E80B
:104790000F003B4B9C682046EBF736FF06460F4662
:1047A00033A3D3E90023ECF703FA48B932A3D3E9E2
:1047B000002330463946ECF705FA10B1314C00E0E1
:1047C000314C2F4B9C60314B93F82030032B12D08F
:1047D000032B21D0022B27D02D4A11882D4A11807E
:1047E00013B92B4B00221A80294BB3F90000BDE806
:1047F000D04004B07047284A5278062AE8D1DFED4D
:10480000277A07EE104A67EE277AFDEEE77A204A0C
:1048100017EE901A1180DBE71F4A5278062AD9D08A
:104820001B4A00211180D5E71D4A127892B91D4A12
:104830001268D2ED147A07EE104A77EE877A9FED70
:10484000177A67EE877AFDEEE77A114A17EE901A2B
:104850001180C1E7DFED117A07EE104A67EE277A83
:10486000FDEEE77A0A4A17EE901A1180B4E700BF0E
:1048700085EB51B81E850DC085EB51B81E850D40E6
:10488000B8640324F6286C40F6286CC060660324E4
:104890001A6A03246E6A03248866032400C00A454A
:1048A00094650324986A03241C4B1B68D3ED007A9B
:1048B0001B4B1B6893ED007A77EEC77AF0EEE77A30
:1048C000184BC3ED007AB1EE047AF4EEC77AF1EE3C
:1048D00010FA0ADD144BD3ED0C7A9FED147A67EED3
:1048E000C77A134BC3ED007A7047124B93ED047AED
:1048F000B1EE477ADFED106AC7EE267A9FED0F7AA8
:1049000067EE877A9FED097A67EE877A084B93ED19
:10491000007A77EE277AC3ED007A7047D0660324D9
:104920000468032490650324B869032435FA8E3C97
:104930009C6A03246066032400008743CDCCCC3DF1
:104940001E4BD3ED0A7AF0EEE77A9FED1D7AF4EE76
:10495000C77AF1EE10FA2DDC1A4B1B68D3ED1D7AE5
:104960009FED197AF4EEC77AF1EE10FA22D99FED95
:10497000177AF4EEC77AF1EE10FA1BDAF5EEC07A88
:10498000F1EE10FA16D90F4B5B68D3ED1D7A9FED4F
:104990000E7AF4EEC77AF1EE10FA0BD99FED0B7A8E
:1049A000F4EEC77AF1EE10FA04DAF5EEC07AF1EE21
:1049B00010FA02D8064B03225A707047B8690324D4
:1049C00000007042F0690324C2B8B23EC3B832405E
:1049D0008866032410B5B54B00221A605A609A60AD
:1049E000DA60B34BB34A1360B34A1360B34BD3EDF1
:1049F0000A7AF5EEC07AF1EE10FA40F22781F5EE70
:104A0000C07AF1EE10FA17DD9FEDAD7AF4EEC77AB9
:104A1000F1EE10FA10D8AB4B93ED007AB5EE407A78
:104A2000F1EE10FA08D10023A74A1360A74A1360D9
:104A3000A44B4FF07E521A609FEDA57AF4EEC77A30
:104A4000F1EE10FA06DB9FEDA37AF4EEC77AF1EEF1
:104A500010FA15D99FEDA07AF4EEC77AF1EE10FAAC
:104A600017D89FED977AF4EEC77AF1EE10FA10DDC1
:104A7000944B93ED007AB5EE407AF1EE10FA08D13E
:104A8000964B914A1360914A13608E4B4FF07E52C1
:104A90001A608C4BD3ED006AB7EE007AF4EE476AE9
:104AA000F1EE10FA77D1884B93ED007ADFED8C6A46
:104AB000B4EE667AF1EE10FA39D1844B93ED006AC8
:104AC000B4EE666AF1EE10FA31D1F0EEE76AB2EEBA
:104AD000046AF4EEC66AF1EE10FA28D5814B1B6821
:104AE000D3ED1D6AF0EEE66A9FED7F6A76EEC66A48
:104AF000F0EEE66A9FED7D6AF4EEC66AF1EE10FA1A
:104B000015D5784B5B68D3ED1D6AF0EEE66A9FED34
:104B1000766A76EEC66AF0EEE66A9FED746AF4EEA7
:104B2000C66AF1EE10FA02D5664B00221A60B5EEA5
:104B3000407AF1EE10FA2ED1644B93ED007AB5EE87
:104B4000407AF1EE10FA26D1B0EEE77AF1EE046A7F
:104B5000B4EEE67AF1EE10FA1DD5624B1B6893EDC8
:104B60001D7AB0EEC77ADFED626AB4EEE67AF1EE56
:104B700010FA10D55B4B5B6893ED1D7AB0EEC77AE7
:104B8000B4EEE67AF1EE10FA05D54E4B00221A602B
:104B9000584B01225A70574B5B78012B5FD0F0EED7
:104BA000E77AB0EE007AF4EEC77AF1EE10FA1DD58E
:104BB0004C4B1B68D3ED2A7AF0EEE77A9FED4E7AE4
:104BC000F4EEC77AF1EE10FA10D5464B5B68D3EDE0
:104BD0002A7AF0EEE77AF4EEC77AF1EE10FA05D50C
:104BE000444B02225A70374B00221A603D4C206819
:104BF000D0F8E830DFED410A334A92ED000A9847D9
:104C00006068D0F8E8302C4AD2ED000A2F4A92EDC5
:104C1000000A98472068D0F8EC30D0ED0D0A90EDEE
:104C20000C0A98476068D0F8F030D0ED0D0A90ED8E
:104C30000C0A98472268D16B314B5960926B1A600D
:104C40006268D16BD960926B9A6010BD9FED217A3A
:104C5000F4EEC77AF1EE10FABFF6DDAECFE6214BE7
:104C60001B6893ED187ADFED276A37EE667AB0EEAF
:104C7000C77ADFED256AB4EEE67AF1EE10FA8ED54A
:104C8000184B5B6893ED187ADFED1E6A37EE667A93
:104C9000B0EEC77ADFED1C6AB4EEE67AF1EE10FAF8
:104CA0007FF57DAF134B06225A7078E7A469032481
:104CB000C3F5A83EF8690324FC690324B8690324FA
:104CC0000000B442106A0324006A0324046A032427
:104CD000000034C30000B4C2000034434FE43D4040
:104CE0004FE43D40F0690324C3F548400AD7233F11
:104CF0009A99993E886603249A99193EC3F5A83E6D
:104D000084690324B81E053E0AD7233D08B5002256
:104D100011460648FDF724FA054B1860002211469B
:104D20000448FDF71DFA044B186008BDF802002482
:104D3000EC69032408020024846603242DE9F04171
:104D4000A4B04FF02408424600211BA804F024FD23
:104D500005278DF86C7001241C941D9410261E9656
:104D60001D491BA8FEF7CCFB1C4D286042460021C4
:104D700012A804F011FD8DF84870139404231493C5
:104D80001596174912A8FEF7BBFBE86042460021C2
:104D90000DEB080004F000FD8DF824700A94022346
:104DA0000B930C960F490DEB0800FEF7A9FB68600A
:104DB00042460021684604F0EFFC8DF80070019433
:104DC00003230293039608496846FEF799FBA860FF
:104DD00024B0BDE8F08100BF2553010864690324B5
:104DE000ED4D010869510108AD4F010884B038B597
:104DF0002DED028B044607A880E80E00FDF7F4F8BD
:104E00005A4D95ED038AECF709F807EE900A77EE14
:104E1000C87A574BC3ED037AFDF7E6F8EBF7FEFFD0
:104E2000E860544BD3ED007AF1EE677A524BC3ED54
:104E3000037ABAEE0E7AF4EEC77AF1EE10FA09D9D7
:104E4000B2EE0E7AF4EEC77AF1EE10FA04DBF0EE71
:104E5000477A01E0FAEE0E7A474BC3ED037A474BEF
:104E6000C3ED037A464B93F82030012B1BD9032B5B
:104E70001DD0444B00221A609A605A60DA603E4BA3
:104E8000D3ED037ABAEE0E7AF4EEC77AF1EE10FAA9
:104E900053D9B2EE0E7AF4EEC77AF1EE10FA4EDB89
:104EA000F0EE477A4BE0344A0021D160DFE7364B21
:104EB0005B78012B18BF062BDBD02F4B0022DA606A
:104EC000324BD3ED007A9FED327AF4EEC77AF1EEF1
:104ED00010FA09D99FED2F7AF4EEC77AF1EE10FAA5
:104EE00004DBF0EE477A01E0DFED297A274BC3EDD2
:104EF000007A244BC3ED007A274A9A60274BD3ED02
:104F0000007A9FED277AF4EEC77AF1EE10FA09D90C
:104F10009FED247AF4EEC77AF1EE10FA04DBF0EE9E
:104F2000477A01E0DFED1E7A1C4BC3ED007A154B8A
:104F3000C3ED017A1C4ADA60A1E7FAEE0E7A0E4B55
:104F4000C3ED037A0F4BC3ED047AA6469C46BCE83A
:104F50000F00AEE80F00DCF80030CEF8003020463D
:104F6000BDEC028BBDE8384004B07047546903249F
:104F700044690324806A0324946903247469032424
:104F800060660324586A0324886603248469032422
:104F9000DB0FC9C0DB0FC9408FC2753DA469032474
:104FA000000034C2000034420000604084B038B5D4
:104FB0002DED028B044607A880E80E00FDF714F8DB
:104FC000594D95ED028AEBF729FF07EE900A77EE2F
:104FD000C87A564BC3ED027AFDF706F8EBF71EFFD1
:104FE000A860534BD3ED007A524BC3ED027ABAEE70
:104FF0000E7AF4EEC77AF1EE10FA09D9B2EE0E7A13
:10500000F4EEC77AF1EE10FA04DBF0EE477A01E035
:10501000FAEE0E7A474BC3ED027A474BC3ED027AA4
:10502000464B93F82030012B1BD9032B1DD0444B4A
:1050300000221A609A605A60DA603E4BD3ED027A21
:10504000BAEE0E7AF4EEC77AF1EE10FA53D9B2EE58
:105050000E7AF4EEC77AF1EE10FA4EDBF0EE477AF4
:105060004BE0344A00219160DFE7364B5B78012B3F
:1050700018BF062BDBD02F4B00229A60324BD3EDAA
:10508000027A9FED327AF4EEC77AF1EE10FA09D97E
:105090009FED2F7AF4EEC77AF1EE10FA04DBF0EE12
:1050A000477A01E0DFED297A274BC3ED027A244BE2
:1050B000C3ED007A274A9A60274BD3ED027A9FED21
:1050C000277AF4EEC77AF1EE10FA09D99FED247A27
:1050D000F4EEC77AF1EE10FA04DBF0EE477A01E065
:1050E000DFED1E7A1C4BC3ED027A154BC3ED017A3E
:1050F0001C4ADA60A1E7FAEE0E7A0E4BC3ED027A93
:105100000F4BC3ED047AA6469C46BCE80F00AEE800
:105110000F00DCF80030CEF800302046BDEC028BEA
:10512000BDE8384004B0704754690324446903243F
:10513000886A032494690324746903246066032441
:10514000446A03248866032484690324DB0FC9C0EE
:10515000DB0FC9408FC2753DA4690324000034C22F
:10516000000034420000604084B038B52DED028B61
:10517000044607A880E80E00FCF736FF594D95ED70
:10518000018AEBF74BFE07EE900A77EEC87A564B92
:10519000C3ED017AFCF728FFEBF740FE6860534B44
:1051A000D3ED017A524BC3ED017ABAEE0E7AF4EEEA
:1051B000C77AF1EE10FA09D9B2EE0E7AF4EEC77A98
:1051C000F1EE10FA04DBF0EE477A01E0FAEE0E7A27
:1051D000474BC3ED017A474BC3ED017A464B93F839
:1051E0002030012B1BD9032B1DD0444B00221A6009
:1051F0009A605A60DA603E4BD3ED017ABAEE0E7ACD
:10520000F4EEC77AF1EE10FA53D9B2EE0E7AF4EE5C
:10521000C77AF1EE10FA4EDBF0EE477A4BE0344AF3
:1052200000215160DFE7364B5B78012B18BF062B5E
:10523000DBD02F4B00225A60324BD3ED037A9FED27
:10524000327AF4EEC77AF1EE10FA09D99FED2F7A8F
:10525000F4EEC77AF1EE10FA04DBF0EE477A01E0E3
:10526000DFED297A274BC3ED037A244BC3ED007A97
:10527000274A9A60274BD3ED037A9FED277AF4EE05
:10528000C77AF1EE10FA09D99FED247AF4EEC77AC5
:10529000F1EE10FA04DBF0EE477A01E0DFED1E7A62
:1052A0001C4BC3ED037A154BC3ED017A1C4ADA603F
:1052B000A1E7FAEE0E7A0E4BC3ED017A0F4BC3ED68
:1052C000047AA6469C46BCE80F00AEE80F00DCF866
:1052D0000030CEF800302046BDEC028BBDE83840EF
:1052E00004B070475469032444690324886A032482
:1052F000946903247469032460660324306A0324D8
:105300008866032484690324DB0FC9C0DB0FC9400E
:105310008FC2753DA4690324000034C200003442EA
:105320000000604084B038B52DED028B044607A81C
:1053300080E80E00FCF758FE5A4D95ED008AEBF719
:105340006DFD07EE900A77EEC87A574BC3ED007AF1
:10535000FCF74AFEEBF762FD2860544BD3ED017A6F
:10536000F1EE677A524BC3ED007ABAEE0E7AF4EEA4
:10537000C77AF1EE10FA09D9B2EE0E7AF4EEC77AD6
:10538000F1EE10FA04DBF0EE477A01E0FAEE0E7A65
:10539000474BC3ED007A474BC3ED007A464B93F879
:1053A0002030012B1BD9032B1DD0444B00221A6047
:1053B0009A605A60DA603E4BD3ED007ABAEE0E7A0C
:1053C000F4EEC77AF1EE10FA53D9B2EE0E7AF4EE9B
:1053D000C77AF1EE10FA4EDBF0EE477A4BE0344A32
:1053E00000211160DFE7364B5B78012B18BF062BDD
:1053F000DBD02F4B00221A60324BD3ED017A9FEDA8
:10540000327AF4EEC77AF1EE10FA09D99FED2F7ACD
:10541000F4EEC77AF1EE10FA04DBF0EE477A01E021
:10542000DFED297A274BC3ED017A244BC3ED007AD7
:10543000274A9A60274BD3ED017A9FED277AF4EE45
:10544000C77AF1EE10FA09D99FED247AF4EEC77A03
:10545000F1EE10FA04DBF0EE477A01E0DFED1E7AA0
:105460001C4BC3ED017A154BC3ED017A1C4ADA607F
:10547000A1E7FAEE0E7A0E4BC3ED007A0F4BC3EDA7
:10548000047AA6469C46BCE80F00AEE80F00DCF8A4
:105490000030CEF800302046BDEC028BBDE838402D
:1054A00004B070475469032444690324806A0324C8
:1054B0009469032474690324606603241C6A03242A
:1054C0008866032484690324DB0FC9C0DB0FC9404D
:1054D0008FC2753DA4690324000034C20000344229
:1054E0000000604070B592B02426324600210DEBDA
:1054F000060004F051F902248DF824400A9440F289
:1055000001230C930C490DEB0600FDF7D7FC0B4D66
:10551000286032460021684604F03EF98DF80040CC
:10552000019440F20223039305496846FDF7C6FC47
:10553000686012B070BD00BF69460108086A0324A4
:10554000894701082DE9F041BEB0FFF7F7FBFFF7EF
:10555000C9FF0DF1DC0C3D4C0FCCACE80F0094E81A
:1055600007008CE8070037A8FDF798FA384C206050
:1055700037A8FDF793FA60602C24224600212CA85E
:1055800004F00AF9334D2C95334F2D97DFF8F8804E
:10559000CDF8B8802F9551238DF8C4302F4E329618
:1055A0002CA8F9F709FC2E4B18602246002121A8EF
:1055B00004F0F2F821952297CDF88C8024951125DE
:1055C0008DF89850279621A8F9F7F6FB254B18601F
:1055D0002246002116A804F0DFF8DFF8B080CDF8ED
:1055E0005880214E189619978DF86C5016A8F9F727
:1055F000E3FB1E4B1860224600210DEB040004F073
:10560000CBF81B4F0B970D96CDF838808DF8405096
:105610000DEB0400F9F7D0FB164B18602246002171
:10562000684604F0B9F8144B0093144B01930296AA
:10563000134B03938DF8145006976846F9F7BCFB9B
:10564000104B186000203EB0BDE8F0811C0D020830
:10565000F06903240000964300004842000016430E
:10566000586503248C650324ACC527377C6A032462
:105670000000A040986A03240000A042CDCCCC3E9C
:105680000000C841146A032417B7D1380000204134
:105690002DE9F047424F0125FD73022300221946F0
:1056A0003846FAF791FC3F4CE57302230022194675
:1056B0002046FAF789FCD7F8F8C03B4D2E460FCEAE
:1056C000CCF80000CCF80410CCF80820CCF80C3052
:1056D000D7F800C1DFF8DCE076460FCECCF800004A
:1056E000CCF80410CCF80820CCF80C30D7F8148192
:1056F000DFF8C4C066460FCEC8F80000C8F8041032
:10570000C8F80820C8F80C307B6940F20129A3F8DA
:105710000090BA69DFF8A480434603CB1060516063
:10572000D7F81CA0214E334607CBCAF80000CAF8B0
:105730000410CAF808203A6A1D4F3B4603CB10609C
:105740005160D4F8F8A00FCDCAF80000CAF80410D0
:10575000CAF80820CAF80C30D4F80051BEE80F008F
:1057600028606960AA60EB60D4F81451BCE80F00AF
:1057700028606960AA60EB606369A3F80090A36980
:10578000B8E8030018605960E36907CE18605960F3
:105790009A60236A03CF18605960BDE8F08700BFA4
:1057A000D066032404680324400400246004002419
:1057B00074040024E8030024500400246C04002432
:1057C00008B50C4B1868FCF74FFC28B90A4B186851
:1057D000FCF74AFC38B908BD084A064B1968084866
:1057E000FCF751FCF2E7074A034B19680648FCF73F
:1057F0004AFCF0E7EC69032484660324B8690324B7
:10580000F8020024606603240802002410B5FDF7A6
:105810004FFE002406E0054B53F82400FDF7D6FAAE
:105820000134E4B2012CF6D910BD00BF086A03248C
:1058300010B5FDF751FE002406E0054B53F8240097
:10584000FDF7C0FA0134E4B2012CF6D910BD00BF57
:10585000086A032410B5B64BD3ED007AF5EE407A12
:10586000F1EE10FA40F09F82B24BB34A1A60FCF797
:105870009DFBAF4B83ED000AB04B93F82030032B18
:1058800000F0A082AE4BAF4A1A60AF4A5A60AF4AEE
:105890009A60AF4ADA60AF4BAF4A1A60AF4A5A60BB
:1058A000AF4A9A60AF4ADA60AF4BB04A1A60B04A6A
:1058B0005A60B04A9A60B04ADA60B04BB04A1A6097
:1058C000B04A5A60B04A9A60B04ADA60B04BB14A06
:1058D0001A60B14A5A60B14A9A60B14ADA60B14B73
:1058E000B14A1A60B14A5A60B14A9A60B14ADA6064
:1058F000B14BB24A1A60B24A5A60B24A9A60B24A8E
:10590000DA60B24BB24A1A60B24A5A60B24A9A603E
:10591000B24ADA60B24BB34A1A60B34A5A60B34A29
:105920009A60B34ADA60B34BB34A1A60B34A5A601A
:10593000B34A9A60B34ADA60B34BB44A1A60B44AC5
:105940005A60B44A9A60B44ADA60B44BB44A1A60F6
:10595000B44A5A60B44A9A60B44ADA60B4490A68F0
:10596000D2ED2A7A9FEDB35A77EEC57AB24BC3EDEA
:10597000007AD2F8B0005860B0480068D0ED007AE4
:10598000AF48C0ED007AAF48006890ED007AAE48AD
:1059900080ED007A77EE877AF6EE005A67EEA57A08
:1059A000AA48C0ED007A00209860C3ED037AA84CA5
:1059B000D4ED0A6A9FEDA76A66EEC66AC3ED046A73
:1059C00094ED017A27EE467A83ED057A496891EDE8
:1059D0002A6A36EE456A83ED066AD1F8B040DC618A
:1059E0001862C3ED097AC3ED0A6A83ED0B7A9A4B0C
:1059F000186298605148D0ED016ADFED987A86EE22
:105A0000A77A37EE077A83ED037A83ED097AD2ED30
:105A1000187A91ED187A77EE877A67EEA57AC2ED5B
:105A2000197AC1ED197A92ED197A67EE076A67EE75
:105A3000267AC2ED1B7AC2ED1C6A894B00221A70CD
:105A40003F4B93ED006A27EE866AD3ED015A66EE6E
:105A5000A55A36EE256AD3ED025A67EE255A36EE80
:105A6000256AD3ED035A36EE256A7E4B83ED006A34
:105A7000384A92ED006A27EE866AD2ED015A66EE48
:105A8000A55A36EE256AD2ED025A67EE255A36EE51
:105A9000256AD2ED035A36EE256A83ED016A324A51
:105AA00092ED006A27EE866AD2ED015A66EEA55A9B
:105AB00036EE256AD2ED025A67EE255A36EE256A91
:105AC000D2ED035A36EE256A83ED026A2B4A92ED37
:105AD000006A27EE866AD2ED015A66EEA55A36EEC6
:105AE000256AD2ED025A67EE255A36EE256AD2EDC6
:105AF000035A36EE256A83ED036A254A92ED006A61
:105B000027EE866AD2ED015A66EEA55A36EE256A70
:105B1000D2ED025A67EE255A36EE256AD2ED035AC7
:105B200036EE256A83ED046A1E4A92ED006A9BE018
:105B3000786A0324B4690324A69B443B606603246B
:105B4000A0650324F9A0BD41C72994C1234AFBBD28
:105B5000CFF753C1B065032476E09840295C8BC031
:105B60008C4A6A3C41829AC0C06503243FC6DC3D32
:105B7000B29D6FBD7CF230BCA1F801BFD06503249B
:105B8000A835CDBEC8079D3E3480B7BB54E3ADBF3A
:105B9000E0650324107A21426744F0C1F6971DBEE8
:105BA000A301AA40F0650324151D6A410EBE2CC155
:105BB000287E8CBD9B55EF3F006603240E4FED41C0
:105BC0006C09B6C1ACADF83E696FD04010660324D5
:105BD0003E799F41423E6DC109F920BD1C7C1D40AC
:105BE000206603243A92D33F6F819CBF52499D3A6D
:105BF0000E4F2F3E30660324B840944007CE55C068
:105C0000CB1047BD2B18F53E40660324E3258EC11B
:105C1000A8C6294152B8B63FC1B9E941506603242C
:105C20003A92BBC00C025740302A093F1DC9394186
:105C3000F06903240AD7A33DC8640324D066032473
:105C40003C6903240468032440690324386903245D
:105C5000B869032435FA8E3CF864032400402844D4
:105C6000946503245C65032427EE866AD2ED015A0D
:105C700066EEA55A36EE256AD2ED025A67EE255A2F
:105C800036EE256AD2ED035A36EE256A83ED056AB3
:105C9000834A92ED006A27EE866AD2ED015A66EEDB
:105CA000A55A36EE256AD2ED025A67EE255A36EE2F
:105CB000256AD2ED035A36EE256A83ED066A794AE3
:105CC00092ED006A27EE866AD2ED015A66EEA55A79
:105CD00036EE256AD2ED025A67EE255A36EE256A6F
:105CE000D2ED035A36EE256A83ED076A6E4A92EDCD
:105CF000006A27EE866AD2ED015A66EEA55A36EEA4
:105D0000256AD2ED025A67EE255A36EE256AD2EDA3
:105D1000035A36EE256A83ED086A644A92ED006AFA
:105D200027EE866AD2ED015A66EEA55A36EE256A4E
:105D3000D2ED025A67EE255A36EE256AD2ED035AA5
:105D400036EE256A83ED096A594A92ED006A27EE1C
:105D5000866AD2ED015A66EEA55A36EE256AD2ED74
:105D6000025A67EE255A36EE256AD2ED035A36EE10
:105D7000256A83ED0A6A4F4A92ED006A67EE867AD9
:105D800092ED016A66EE866A77EEA67AD2ED026A35
:105D900027EE267A77EE877A92ED037A77EE877A86
:105DA000C3ED0B7A10BDFCF701F9434BD3ED007A3C
:105DB00030EE670A9FED417AC0EE077A404BC3EDA3
:105DC000007A54E53F4B404A1A60404A5A60404AC4
:105DD0009A60404ADA60404B404A1A60404A5A6032
:105DE000404A9A60404ADA60404B414A1A60414A50
:105DF0005A60414A9A60414ADA60414B414A1A600E
:105E0000414A5A60414A9A60414ADA60414B424AEB
:105E10001A60424A5A60424A9A60424ADA60424BE9
:105E2000424A1A60424A5A60424A9A60424ADA60DA
:105E30001B4B424A1A60424A5A60424A9A60424A9E
:105E4000DA60184B414A1A60414A5A60414A9A60E6
:105E5000414ADA60144B414A1A60414A5A60414A49
:105E60009A60414ADA60114B404A1A60404A5A60CF
:105E7000404A9A60404ADA600D4B404A1A60404AF4
:105E80005A60404A9A60404ADA600A4B3F4A1A60B8
:105E90003F4A5A603F4A9A603F4ADA605EE500BF77
:105EA000006603241066032420660324306603245E
:105EB0004066032450660324786A032400007A4471
:105EC000B4690324A0650324AA02DE414B48ACC197
:105ED000BC0552BE46B64DC1B06503244D15924077
:105EE000984C8DC03789013E0AD7A9C0C0650324EC
:105EF0006744293EA9A4CEBD651962BC64CCFDBE31
:105F0000D06503245DFE433E80B7C0BD9B551FBDD9
:105F1000083DA3BFE0650324006F2741029A03C137
:105F200096B28C3D1FF4EC3FF0650324AAF1DA3FF2
:105F30007DD0ABBF11C73A3CFAEDCB3E295C43C1E3
:105F4000F38E13418C4A6A3D19733740EE5A0B4168
:105F50006744D9C011C7BA3C7502D23FE7FB59BFAD
:105F6000FF211D3F99BB963C0C022BBEB459D5BFF7
:105F7000D49A963FF0A7463DFE65B7BEE2E95DC004
:105F800081953340DD2486BD0AD7BB4097FFF0BE24
:105F9000492EBF3E3480B7BB083D8B3F0000000058
:105FA0002DE9F8432DED048B734BD3ED007AF5EE1C
:105FB000407AF1EE10FA40F0C580704B704A1A60DA
:105FC000FBF7F4FF6C4B83ED000A6E4F3B68D8681B
:105FD000EAF71AFB64A3D3E90023EAF797FC64A36A
:105FE000D3E90023EAF768FB804601F10049664DDA
:105FF000D5ED007ADFED659A67EEA97A17EE900A83
:10600000EAF702FB02460B4640464946EAF79CF98E
:10601000804689465E4C2668D6F8A000EAF7F4FA76
:1060200002460B4640464946EAF78EF9EAF7DEFD9E
:1060300007EE900A574B18609FED578A67EE888AE3
:1060400096ED2C9AD6ED187A29EE279A96ED2A0A23
:1060500003F076F829EE009A78EE898A236893EDAA
:10606000259A93ED2A0A03F025F829EE009A78EE96
:10607000898A4A4EC6ED008A7B68D868EAF7C4FA76
:1060800039A3D3E90023EAF741FC39A3D3E900237C
:10609000EAF712FB80468946D5ED007A67EEA97AC9
:1060A00017EE900AEAF7B0FA02460B464046494618
:1060B000EAF74AF9804689462368D3F8A000EAF750
:1060C000A3FA02460B4640464946EAF73DF9EAF78D
:1060D0008DFD07EE900A324B186027EE888A6368C0
:1060E000D3ED2C8AD3ED187A68EEA78A93ED2A0AAD
:1060F00003F026F868EE808A38EE288A6368D3EDCC
:10610000258A93ED2A0A02F0D5FF68EE808A38EEE0
:10611000288A244C84ED008A2348436832681A6038
:106120004368EA695A60FAF7D3FA2048436822685C
:106130001A604368EA695A60FAF7CAFABDEC048B40
:10614000BDE8F883FBF732FF0B4BD3ED007A30EE5E
:10615000670A9FED177AC0EE077A084BC3ED007A05
:106160002EE700BFAFF300809D8026C286872F40B8
:10617000000000A046DF913F9C650324986503243E
:10618000A69B443B086A0324B869032435FA8E3C75
:10619000F0690324706A032468916D3D906A0324BA
:1061A000746A0324946A0324D066032404680324D5
:1061B00000007A44000000002DE9F84F2DED028B1D
:1061C000B0EE608ADFF8B0B1DBED097ADFED5E8A10
:1061D000F0EE400A27EEA80A5C4B1868F8F71EFE9E
:1061E000DFF898A18AED000A594C2368F0EE480ABE
:1061F00093ED180A574B1868F8F710FEDFF88091F6
:1062000089ED000A6368F0EE480A93ED180A524BD4
:106210001868F8F703FE514B83ED000ADFF864813C
:106220004F4BC8F80030256895ED197ADFED4D7AAF
:10623000C7EE277A17EE900AEAF7E6F940A3D3E90A
:106240000023EAF739FA06460F46DBED027A67EEDD
:10625000E87A17EE900AEAF7D7F902460B4630467D
:106260003946EAF729FA06460F463F4B1868EAF71F
:10627000CBF932463B46EAF71FFAEAF7B7FC3B4E4A
:106280003060D5F80031284698476068D0F8003172
:1062900098479AED006AD9ED007A77EEC67AD8ED84
:1062A000006A77EEA67A96ED007A77EEC77A2368D1
:1062B000D3ED365A77EEE57AC3ED377ADFED2C5A17
:1062C000F4EEE57AF1EE10FA09D9DFED2A5AF4EE90
:1062D000E57AF1EE10FA04DBF0EE657A01E0DFED2D
:1062E000247AC3ED377A1D4BD3ED007A76EE277A08
:1062F00076EEA77A77EE277A154B5B6893ED367AC0
:1063000077EEC77AC3ED377A9FED197AF4EEC77A44
:10631000F1EE10FA09D99FED177AF4EEC77AF1EE93
:1063200010FA04DBF0EE477A01E0DFED117AC3EDFD
:10633000377ABDEC028BBDE8F88F00BFAFF3008069
:1063400000000040E17A084035FA8E3C146A0324CC
:10635000F0690324586503248C650324B064032486
:106360001826F041D122DB3E38690324A8640324B7
:1063700000007AC300007A43B8690324B46403249C
:10638000AC640324A46403242DE9F041104CDFF82D
:106390006080104F22464146384602F011FC0E4DF7
:1063A0000E4A2146284602F075FC0D4E32460D4934
:1063B0000D4802F005FC22464146384602F000FC3A
:1063C0000A4A3146284602F065FCBDE8F08100BF6C
:1063D00000040024380400240804002428040024B5
:1063E000F8030024100400243004002420040024B6
:1063F0001804002470B52DED028B464C2068D0F8AF
:10640000F830454EF2683168D1ED060A92ED060A81
:1064100098472068D0F8E4309FED408A404DB0EEB8
:10642000480A294698476068D0F8FC30B26871681D
:10643000D1ED060A92ED060A98476068D0F8E4307C
:10644000B0EE480A29469847FFF704FAFFF79CFF89
:10645000236893ED2A0A6368D3ED2A7A9FED318A87
:10646000314EF0EE480A30EE670A3068F8F7D6FC95
:1064700095ED0C0A2D4BD3ED000ADFED2D7A20EEC1
:10648000670A2C4B1868F8F7C9FCF0EE480A95ED3E
:10649000090A294B1868F8F7C1FC2368D3ED240AD0
:1064A0006368D3ED247A70EEA70AF6EE008A60EEF8
:1064B000A80AB0EE480AFFF77FFE204BD3ED017A21
:1064C000F1EE677A326892ED147A206877EEC77A37
:1064D000C0ED2F7AD2ED147A93ED037A636877EEEC
:1064E000C77AC3ED2F7AD0ED377A93ED377A77EE0E
:1064F000877A67EEA87A124BC3ED007AD0F8F430B1
:10650000104998476068D0F8F4300F499847BDECBF
:10651000028B70BDF0690324646903240AD7A33B8E
:10652000B8690324000000007C6A03249C6A0324E9
:1065300035FA8E3C986A0324146A0324B864032451
:10654000A0640324806A0324886A032408B50249EE
:106550000248FBF736FE08BD886603243802002493
:1065600008B5FEF7D3FBFEF7EDFFFFF791F808BD86
:1065700008B5144B1868F8F7F1FC134B1868F8F7D6
:10658000EDFC124B1868F8F7E9FC114B1868F8F7A6
:10659000E5FC104B1868F8F7E1FC0F4A0023D360C4
:1065A00053620E4AD36053620D4AD2ED0C7A9FEDCE
:1065B0000D7A67EEC77A0C4AC2ED007A0B4A136077
:1065C00008BD00BF586503248C650324146A0324A6
:1065D0007C6A0324986A0324F8640324C8640324AF
:1065E000B869032435FA8E3C9C6A0324106A03249C
:1065F00038B5FFF7E5F84A4B93F82230012B1ED04F
:10660000022B26D043B1474A1168474BC1F890305E
:106610005268C2F8903007E0424A1168424BC1F814
:1066200090305268C2F890303D4B93F82030072BE1
:1066300073D8DFE803F017435748685E636D394A43
:1066400011684FF07A53C1F890305268C2F8903018
:10665000EAE7344A1168354BC1F890305268C2F805
:106660009030E1E7FFF784FFFFF7E2F8304B0022BC
:106670005A70FFF795FCFFF7BDFE2E4D2B682C4C92
:1066800004F1040E03F1080CBCE80F00AEE80F00A3
:106690009CE80F008EE80F006B6804F1240C03F1F6
:1066A00008040FCCACE80F0094E80F008CE80F0052
:1066B000FFF74CFF0120F7F751F838BDFFF758FFFF
:1066C000FFF7A4F8D5E71C4BD3ED0C7A9FED1B7AAE
:1066D00067EEC77A1A4BC3ED007AFFF797F8FEF71B
:1066E00079F9C6E7FFF792F8FEF7DEF8FEF728F92A
:1066F000BFE7FFF78BF8FEF723F9BAE7FFF786F855
:10670000FEF71EF9B5E7FFF781F8FEF719F9B0E7D4
:10671000FFF77CF8FEF714F9ABE7FFF789F8A8E775
:1067200060660324F0690324B81E053E9A99993ED9
:1067300088660324086A0324B869032435FA8E3C6A
:106740009C6A032408B5002211460D48FBF708FD9A
:106750000C4B1860002211460B48FBF701FD0B4B58
:106760001860002211460A48FBF7FAFC094B186032
:10677000002211460848FBF7F3FC084B186008BDDF
:10678000380200240C6B032498020024346B032489
:1067900058030024A46B0324B8030024C06B032413
:1067A00008B5184B1868FBF75FFC78B9164B1868EA
:1067B000FBF75AFC88B9154B1868FBF755FC98B9DC
:1067C000134B1868FBF750FCA8B908BD114A0D4BD4
:1067D00019681148FBF757FCE8E7104A0A4B19689B
:1067E0000F48FBF750FCE6E70E4A084B19680E48C5
:1067F000FBF749FCE4E70D4A054B19680C48FBF729
:1068000042FCE2E70C6B0324346B0324A46B0324E7
:10681000C06B0324C46A032438020024106B0324D1
:1068200098020024A86B032458030024B06B0324AF
:10683000B803002470B52DED048BB14D2B68B3F96E
:106840000C3000EE103AB8EEC00AAE48F8F768F91E
:10685000F0EE408A2B68B3F90E3000EE103AB8EE35
:10686000C00AA948F8F75CF9B0EE408A2B68B3F982
:10687000023007EE103AB8EEC77ADFEDA47A27EEC1
:10688000277A9FEDA39AC7EE097A9FEDA27A67EE69
:10689000877AA14E336893ED017A77EE877A9F4C21
:1068A0002146E1EC017A9FED9E0A2046F9F7D8F9DE
:1068B0002B68B3F9002007EE102AB8EEC77ADFED97
:1068C000997A27EE277ADFED986AC7EE267AB3EE3B
:1068D000047A67EE877A326892ED027A77EE877AE9
:1068E000C4ED027AB3F9002007EE102AB8EEC77A99
:1068F000C7EE097A9FED8D7A27EE877AB3F90C30CF
:1069000007EE903AF8EEE77AF0EE0C6A67EEA67AB8
:1069100077EE277AC4ED037AB7EE000A04F110018E
:1069200004F10C00F9F79CF9814B9B68E361814B02
:10693000D3ED017A9FED807AF4EEC77AF1EE10FA8A
:106940004CD883ED017A7B4B1B7A012B51D943B98B
:10695000724B93F8203023B9694B1B689B7A032B49
:106960004CD0674B1C68A37A022B00F09C80032B51
:1069700052D0012B49D0E37C012B00F0B2806F4B49
:10698000DB7A022B00F0AD806A4B01221A72624B57
:106990001B6893F82120022A02D0E27A022A07D14A
:1069A000634A1278012A00F0D180624A01211172F3
:1069B0005A4A92F82020062A00F0D380062A00F0D6
:1069C000D48093F82320022A00F0D980E27A032AA7
:1069D00000F0D5805A4A00215172D3E09FED597AD8
:1069E000F4EEC77AF1EE10FAADDB524B83ED017A8B
:1069F000A9E7504A002151601160A8E701234D4AE0
:106A00001372464A82F82030ABE70023434A82F8EB
:106A10002030484A1372AEE74B4B5B78032B2BD0E8
:106A20003E4A92F82120012A10D9072A18BF032ACA
:106A300001D0042A24D1022B0DD01A1FD2B2012A70
:106A40000ED9364B032283F8202019E0334B032262
:106A500083F8202014E0314B022283F820200FE03D
:106A6000052B04D02D4B042283F8202008E02B4B6B
:106A7000052283F8202003E0284B032283F82020FE
:106A80002B4B1B78012B7FF476AF2A4B02221A7214
:106A9000224B93F8203093427FF46DAF1F4B0522B9
:106AA00083F8202067E71D4B93F82130022B06D096
:106AB000204B5B7A63B91F4B01221A725BE71C4BB8
:106AC0001B78012BF4D1154B052283F82020EFE72A
:106AD000174B1B78012B7FF44EAF164B03221A7213
:106AE00049E7134B1B78012B7FF44EAF0B4B93F808
:106AF0002030022B7FF448AF0E4B03221A7246E778
:106B0000906B0324586B0324686B0324CDCCCC3EDC
:106B1000000044440000FA44406B0324A06A0324AC
:106B200000004842CDCC4C3F000025440000B44357
:106B3000106B0324286B03249A9903C2786B0324F7
:106B4000986B03240000FC41C46A0324A14A92F814
:106B50002120052A7FF429AF9E4A062182F82010C1
:106B600026E79C490020C86028E793F82020022AE5
:106B70007FF427AF974A052182F8201021E7964A33
:106B800001215172944A527A4AB193F82420022A80
:106B900002D0E27A032A02D08F4A002151728E4A33
:106BA000127832B193F82820022A12D08A4A03219F
:106BB0001170884A92F82020052A18BF022A0CD0AA
:106BC000062A0AD0072A08D08249002081F822002C
:106BD0000FE0814A01211170EBE793F8251002299B
:106BE00039D093F8261002293AD093F827100229B9
:106BF0003BD07A49097A02293CD003297DD07648D6
:106C00000078012800F0A480032800F0C780744BAE
:106C1000B3F9021042F21B53994202DC714B1B681C
:106C200053B16D4B042119706E4B1B68772B00F329
:106C3000CD8001336B490B60B4F90830C72B40F3AA
:106C4000E580002A00F0E280634B41F288329A80AE
:106C500003221A70DDE05F49002081F82200C0E7BE
:106C60005C49012081F82200BFE75A49022081F8DF
:106C70002200BEE7B4F9020007EE100AB8EEC77AA8
:106C8000DFED595A27EE257AB6EE006A27EE067A2E
:106C9000DFED566A68EEA68AB5EE000A68EE808AD5
:106CA00077EE288A4D48D0ED007A78EEA78AC0EDBD
:106CB000008AB4F9025007EE905AF8EEE77A67EED0
:106CC000A57A67EE867A68EE266A9FED497A66EEC7
:106CD000876A77EEE67A90ED017A77EE877AC0EDF3
:106CE000017A4448C0ED008A4348C0ED007A002094
:106CF000424D2860424D28607FE79FED3C0A28EE18
:106D0000008A9FED3B0A28EE008A3D48D0ED007ACC
:106D100037EEC88A80ED008A3A4DD5ED007A3548C5
:106D200090ED007A77EE877A344890ED007A77EE2E
:106D3000877A2A48C0ED007AD5ED017A2E4D95ED7F
:106D4000007A77EE877A38EE278A80ED018A56E757
:106D50001B7D022B0AD0204B00219970A37C002BB5
:106D60007FF455AF284B0021196050E71A4B5B7A2E
:106D7000002BF0D01A4B1B78022B05D0012BEDD144
:106D8000154B02219970E9E71F4909680029F5D1DF
:106D9000012311498B701C490B60DFE71B7D022B1F
:106DA00003D0B4F90830C72B03DD0239C9B2012979
:106DB00003D9094B0021998029E7074B5B7A002B07
:106DC000F7D0054B41F28831998020E7054B00212F
:106DD000196031E7A06A0324986B0324286B03240D
:106DE000A86B0324946B0324FAED6B3A0AD7233C77
:106DF000CDCCCC3D3C6B0324386B0324506B032477
:106E0000546B0324B06B0324C46B0324164B002281
:106E10009A80A37A012B16D0144B1A7A5A72144B0B
:106E200093F8202083F821200F4B1A785A70114DC7
:106E300020686168A268E3680FC52069616903C5BD
:106E4000BDEC048B70BD094A00231372084981F818
:106E5000203005490B70002353601360064A13600D
:106E6000064A1360D8E700BF986B0324286B0324FD
:106E7000A06A0324786B03243C6B0324386B03243F
:106E800008B506490648FBF79CF906490648FBF792
:106E900098F906490648FBF794F908BDA06A03244F
:106EA00008020024286B032468020024986B032442
:106EB0002803002408B5C8210020F8F7AFFE0C4BCA
:106EC0001860C8210020F8F7A9FE0A4B1860C821F5
:106ED0000020F8F7A3FE084B1860084B084A1A6018
:106EE000084B094A1A60FAF753FCFFF72BFC08BD60
:106EF000486B03244C6B0324446B0324906B0324E2
:106F0000F0010024406B03247C62032408B5FFF7E2
:106F100047FCFCF753FCFFF78DFCFFF7B1FF08BD02
:106F20001A4BD3ED007A1A4BC3ED007A00225A6057
:106F3000184A92ED107A184B83ED007AD2ED076A69
:106F4000C3ED016A154B1B7A012B18D077EEC77A77
:106F5000134BC3ED007A9FED137A37EE667A83ED1B
:106F6000017ADFED116A67EEA67ADFED106A27EE8F
:106F7000267A77EE877A0E4BC3ED007A70470D4B79
:106F8000C3ED007A0C4B00221A60DFE78C6C0324FF
:106F9000E86B03243C6C0324D86B0324306C03247B
:106FA000F86B032400000000BD1B0F408C4CA83E72
:106FB000CC6B0324346D0324386D0324154BD3EDBF
:106FC000017A154BC3ED007A9FED147A83ED017AB7
:106FD000134A92ED026A134B83ED006AD2ED066A02
:106FE000C3ED016A77EEC67A0F4BC3ED007A37EE38
:106FF000667A83ED017ADFED0D6A67EEA67ADFED42
:107000000C6A27EE267A77EE877A0A4BC3ED007A70
:10701000704700BF8C6C0324E06B03240000000069
:107020003C6C0324D06B0324F06B0324BD1B0F4086
:107030008813803FC86B032408B5FFF771FFFFF783
:10704000BDFF08BD84B010B5044603A880E80E005B
:10705000444BD3ED007A444BC3ED007AB9EE0C7A81
:10706000F4EEC77AF1EE10FA09D9B1EE0C7AF4EE2B
:10707000C77AF1EE10FA04DBF0EE477A01E0F9EEA0
:107080000C7A394BC3ED007A384BC3ED007A384B9C
:107090001B7A012B20D9374A92F82020032A1FD0CF
:1070A000354B00221A609A605A60DA6000222E4B3B
:1070B0001A60314B9A60DA601A61A6469C46BCE8B9
:1070C0000F00AEE80F00DCF80030CEF800302046AC
:1070D000BDE8104004B07047234A00211160DAE790
:1070E000012BDDD1204B00221A60244BD3ED007A16
:1070F0009FED237AF4EEC77AF1EE10FA09D99FEDED
:10710000217AF4EEC77AF1EE10FA04DBF0EE477A5A
:1071100001E0DFED1B7A194BC3ED007A164BC3ED8E
:10712000007A194A9A60194BD3ED007A9FED187ACC
:10713000F4EEC77AF1EE10FA09D99FED167AF4EE63
:10714000C77AF1EE10FA04DBF0EE477A01E0DFEDEA
:10715000107A0E4BC3ED007A074BC3ED017A0E4A4D
:10716000DA60A3E7CC6B03242C6C0324286C032483
:10717000306C0324046C0324046D0324346D032455
:10718000DB0FC9C0DB0FC9408FC2753D386D0324CA
:10719000000034C2000034420000604084B08DE83A
:1071A0000F00134BD3ED007AB8EE087AF4EEC77AED
:1071B000F1EE10FA09D9B0EE087AF4EEC77AF1EEE2
:1071C00010FA04DBF0EE477A01E0F8EE087A084B9B
:1071D000C3ED007A9FED077A67EE877AFDEEE77AD6
:1071E000054B17EE902A1A800020188004B07047D3
:1071F000C86B032400C00A45186D032408B500229B
:1072000011461148FAF7ACFF104B186000221146E6
:107210000F48FAF7A5FF0F4B1860002211460E48E1
:10722000FAF79EFF0D4B1860002211460C48FAF742
:1072300097FF0C4B1860002211460B48FAF790FF9D
:107240000A4B186008BD00BFF8020024FC6C032440
:1072500008020024006C032468020024986C0324B4
:10726000C8020024B86C0324B80300242C6D032446
:1072700010B5074C07492046FCF742F9064B186049
:10728000064904F12400FBF719FE054B186010BDF8
:107290007C04002445700108946C03249D7101084E
:1072A000886C032408B51E4B1868FAF7DDFEA0B9F8
:1072B0001C4B1868FAF7D8FEB0B91B4B1868FAF7E0
:1072C000D3FEC0B9194B1868FAF7CEFED0B9184BE7
:1072D0001868FAF7C9FEE0B908BD164A104B1968DC
:1072E0001548FAF7D0FEE3E7144A0E4B1968144824
:1072F000FAF7C9FEE1E7134A0B4B19681248FAF78F
:10730000C2FEDFE7114A094B19681148FAF7BBFEC4
:10731000DDE7104A064B19680F48FAF7B4FEDBE7C1
:10732000FC6C0324006C0324986C0324B86C0324C5
:107330002C6D0324C86C0324F8020024046C03247D
:1073400008020024306C0324680200243C6C0324EF
:10735000C80200241C6D0324B803002408B50249A8
:107360000248FAF72EFF08BDA06C032498020024FF
:1073700008B5FFF743FFFFF77BFF64210020F8F714
:107380004DFC044B186064210020F8F747FC024BC9
:10739000186008BD306D0324006D032430B52DED59
:1073A000028B83B0FAF702FE9F4DD5ED007A30EEE6
:1073B000670A9E4C84ED000AFAF7F8FD85ED000A95
:1073C00094ED007AF7EE007AB4EEE77AF1EE10FA77
:1073D00001DC00240FE0964B0093964B964A9749A8
:1073E0000020F7F737F9F4E7954B53F82400FBF743
:1073F000EDFC0134E4B2002CF6D0002454B1914BE2
:107400001C7A032C00F20E81DFE814F0140038001F
:10741000D100F0008C4B53F82400FCF7FBF801344A
:10742000E4B2EBE7864B53F82500FBF7CBFC0135C4
:10743000EDB200E02546002DF4D0BCB10024834B12
:107440001C70834B1868C368642221469847814B9F
:107450001868C368642221469847FFF7EDFD0120B4
:10746000F6F77CF903B0BDEC028B30BD764B53F8D8
:107470002400FCF7CBF80134E4B2DEE7714B5B7A11
:10748000012B00F08580FAF791FDBCEEC00A724B2B
:1074900083ED000A6E4B186803699847B7EE008ABF
:1074A00078EE407ADFED6D8A67EEA87A6C4CC4ED19
:1074B000007A684B18680369984738EE408A28EECE
:1074C000288A84ED018A674BD3ED026AFDEEE67AE5
:1074D00017EE903A002BB8BF5B4207EE903AF8EEF9
:1074E000E77A9FED617AF4EEC77AF1EE10FA15D8DB
:1074F000554B1B6893ED047ABDEEC77A17EE103A30
:10750000002BB8BF5B4207EE103AB8EEC77A9FED8A
:10751000576AB4EEC67AF1EE10FA22D99FED547A8A
:10752000F4EEC77AF1EE10FA97D8474B1B68D3ED0B
:10753000047AFDEEE77A17EE903A002BB8BF5B4273
:1075400007EE903AF8EEE77A9FED4A7AF4EEC77AC2
:10755000F1EE10FA81D8484B1B68B3F57A7F7FF6BD
:107560007CAF3A4B01221A70C3ED046A364A1268A6
:1075700012695A603B4A92ED107A404AD2ED0C7A79
:1075800077EE677AC3ED027A354B83ED007A64E7D4
:10759000FAF70CFD304BD3ED007AF8EE677A70EE17
:1075A000677AFCEEE77A344BC3ED007A72E7254A3E
:1075B00092ED007AB1EE477ADFED316AC7EE267AB6
:1075C0009FED2B7A67EE877A9FED2E7A67EE877AAA
:1075D000234B93ED007A77EE277AC3ED007A526859
:1075E0005A60204B9A68194B1A6136E7264A11688F
:1075F0001B4B196052685A602FE7114B53F8240057
:10760000FBF7E0FB0134E4B2002CF6D00024002CA0
:107610007FF423AF0C4B53F82400FBF7F7FF013442
:10762000E4B2F4E70024EFE7BC6C03249C6C032471
:10763000F4120208FC120208001302089C1502084A
:10764000886C0324306C0324946C0324A06C032402
:10765000306D0324006D0324C46C0324000000007B
:107660008C6C03243C6C03240AD7A33CCDCC4C3D4A
:10767000CDCCCC3D0AD7233CC06C0324C86C03247A
:107680000000874335FA8E3C1C6D032408B5FFF7D4
:1076900009FEFFF783FEFFF761FE08BD92ED026A67
:1076A00066EE067AF6EE006A76EEE77A92ED037AF7
:1076B00067EE075A77EEE57AD0ED005A67EEA57AC5
:1076C000D2ED014A66EE245A92ED005A27EE054AA1
:1076D00075EEC45A90ED014A65EE845A77EEA57AAC
:1076E00027EE247A26EE056A37EE067A90ED026AD6
:1076F00027EE067A77EE877A77EEA77AC1ED007AE1
:10770000D2ED015AD2ED027A25EEA77AD2ED004AE7
:1077100092ED035A24EE856A37EE067A90ED006A00
:1077200027EE067A25EEA56A36EEC66A25EE054AEC
:1077300036EE446A90ED014A26EE046A37EE067A88
:1077400067EE857A65EEA45A77EEE57A90ED026AE7
:1077500067EE867A37EE277A37EE077A81ED017A7F
:10776000D2ED015A92ED037A65EE877A92ED005AD6
:1077700092ED026A65EE064A77EEE47AD0ED004AB1
:1077800067EEA47A27EE067A25EE855A37EE057A5B
:1077900090ED015A27EE057A77EE877A65EEA55AC5
:1077A00076EEE56A26EE066A76EEC66A90ED027A15
:1077B00066EE876A77EEA67A77EEA77AC1ED027A4F
:1077C000704792ED026A66EE067AF6EE006A76EE91
:1077D000E77A92ED037A67EE075A77EEE57AD0ED15
:1077E000005A67EEA57AD2ED014A66EE245A92ED70
:1077F000005A27EE054A75EE845A90ED014A65EE6F
:10780000845A77EEA57A27EE247A26EE056A37EEBB
:10781000467A90ED026A27EE067A77EE877A77EE5F
:10782000A77AC1ED007AD2ED015AD2ED027A25EEA7
:10783000A77AD2ED004A92ED035A24EE856A37EE1C
:10784000467A90ED006A27EE067A25EEA56A36EEB6
:10785000C66A25EE054A36EE446A90ED014A26EEE8
:10786000046A37EE067A67EE857A65EEA45A77EEFB
:10787000A57A90ED026A67EE867A37EE277A37EEC0
:10788000077A81ED017AD2ED015A92ED037A65EE25
:10789000877A92ED005A92ED026A65EE064A77EE1B
:1078A000A47AD0ED004A67EEA47A27EE067A25EE98
:1078B000855A37EE457A90ED015A27EE057A77EE34
:1078C000877A65EEA55A76EEE56A26EE066A76EECA
:1078D000C66A90ED027A66EE876A77EEA67A77EE50
:1078E000A77AC1ED027A704770B52DED028B8AB090
:1078F00006460024079408940994002304930593F2
:107900004FF07E5306930194029403940FE02C4DA4
:107910002846F9F759FB2B6807936B680893AB6807
:107920000A939FED280AFAF775FB0134E4B2632C41
:10793000EDD900230CE00AAA02EB830252ED036AA0
:107940009FED217AC6EE877A42ED037A0133DBB2EE
:10795000022BF0D907A8F8F7DBF904A907A8F8F774
:107960002EFA07F05BFEB0EE408A01AA04A907A830
:10797000F8F7F4F901A8F8F7CBF9F6EE007A28EE5B
:10798000278AB0EE480A07F0A5FD86ED000A00241C
:1079900010E00AAB03EB840353ED098AB0EE480A0A
:1079A00007F0D8FD013406EB840368EE808AC3ED4E
:1079B000008AE4B2012CECD90AB0BDEC028B70BD98
:1079C000185D03246F12833A0000C84200B52DED04
:1079D000028B85B0174BB7EE008A83ED018A83EDE9
:1079E000028A83ED038ADFED148AC3ED048AC3EDB6
:1079F000058AC3ED068A01221A70002300930193C1
:107A0000029303936846FFF76FFFB0EE682AF0EE2B
:107A1000481A9FED0A1ADFED0A0AB2EE040A684618
:107A2000F7F746FE074B084A9A6205B0BDEC028B99
:107A30005DF804FB706D032400000000002474490D
:107A40006F12833A906D032496430B3C70B52DED75
:107A5000068B86B004460D46164690ED040A9F4BF1
:107A6000D3ED007A70EE677AF0EEE77A9FED9C7ABC
:107A7000F4EEC77AF1EE10FA22DCD0ED057A994BDC
:107A800093ED007A77EEC77AF0EEE77A9FED947A7D
:107A9000F4EEC77AF1EE10FA12DCD0ED067A924BD2
:107AA00093ED007A77EEC77AF0EEE77A9FED8C7A65
:107AB000F4EEC77AF1EE10FA02DC0378002B6ED0F8
:107AC0009FED8AAA80EE0A0A01F03AFBB0EE409AD6
:107AD00094ED050A80EE0A0A01F032FBF0EE408ACE
:107AE00094ED060A80EE0A0A01F02AFBF0EE40AAA5
:107AF00094ED040A80EE0A0A01F0DCFAB0EE408A46
:107B000094ED050A80EE0A0A01F0D4FAF0EE409AEC
:107B100094ED060A80EE0A0A01F0CCFA69EE2A6AB0
:107B200028EE297A27EE007A36EE877A704B83EDBD
:107B3000007A28EE887A6F4B83ED007A29EE006A8E
:107B40006AEE885A25EEA97A36EE476A6A4B83EDCB
:107B5000006A29EE297A27EE007A37EE657A674BBC
:107B600083ED007A29EE289A654B83ED009A28EE82
:107B7000408A66EEA96A38EE668A624B83ED008A17
:107B800068EEC07A604BC3ED007A604BC3ED009A9B
:107B900068EEAA8A5E4BC3ED008A0023237000239F
:107BA00010E005EB8302D2ED007A04EB830292ED44
:107BB000017A67EE877A06AA02EB830242ED037A26
:107BC0000133DBB2022BECD9DDED037A484B93EDA8
:107BD000006A27EE867A9DED045A464BD3ED002AC3
:107BE00065EE226A37EE267ADDED055A424B93EDBB
:107BF000003A65EE836A37EE267A85ED007A3F4BD0
:107C0000D3ED006A27EEA67A3D4BD3ED003A65EE40
:107C1000234A37EE247A3B4B93ED004A65EE844AC3
:107C200037EE247A85ED017A374B93ED007A67EED3
:107C3000877A364BD3ED004A25EE245A77EE857AC3
:107C4000334B93ED005A65EE855A77EEA57AC5ED74
:107C5000027A002309E006EB8302116806AA02EB10
:107C6000830242F8181C0133DBB2022BF3D99DEDDD
:107C7000002A26EE026ADDED015A62EEA52A36EEF2
:107C8000226ADDED027A23EE273A36EE036A86EDAC
:107C9000006A66EE826A63EEA53A76EEA36A24EE87
:107CA000274A76EE846AC6ED016A27EE027A64EE10
:107CB000A54A37EE247A25EE275A37EE057A86ED67
:107CC000027A2269054B1A606269064B1A60A26942
:107CD000054B1A6006B0BDEC068B70BD586E0324D0
:107CE0006F12833A506E0324546E0324E12E6542D2
:107CF0003C6D0324406D0324446D0324486D03242C
:107D00004C6D0324506D0324546D0324586D0324DB
:107D10005C6D032400B583B01748F7F74DF8174B97
:107D200018600C211648F1F731F81648F9F74CF9AC
:107D3000FFF74CFE144A11211020F9F7A1FE134B56
:107D400018601348FAF782F8124B83ED000AFAF72D
:107D50002DF9114B83ED000AF3F7FAFE0F4B186073
:107D60000F4B00930F4B104A10490020F6F772FC9E
:107D700003B05DF804FB00BFC40400248C6D032431
:107D800090220024185D032488100024686D0324C9
:107D9000446E0324646D0324486E03244C6E032454
:107DA000F4120208C0120208C4120208CC1502081C
:107DB00070B586B0FAF7FAF87F4DD5ED007A30EE5F
:107DC000670A7E4C84ED000AFAF7F0F885ED000AA8
:107DD00094ED007AF7EE007AB4EEE77AF1EE10FA5D
:107DE0004ADC7748FAF732F8764E86ED000A764D8F
:107DF0002846F9F7E9F82B68744CE3656B6823664D
:107E0000AB686366EB6823652B6963656B69A36583
:107E100004F15C0204F150016D48FFF717FE96ED86
:107E2000003AD4ED192A94ED182AD4ED171A94EDDE
:107E3000161AD4ED150A94ED140AF7F7ABFC654B4E
:107E40000FCB84E80F00224604F12C016248FFF7B3
:107E500025FC224604F138016048FFF71FFC22464A
:107E600004F144015E48FFF719FC224603A95D486E
:107E7000FFF7A7FC002330E05B4B00935B4B5C4AB1
:107E80005C490020F6F7E6FBABE7504A03F1160128
:107E900002EB810191ED017A06A901EB830151ED1D
:107EA000037A37EE677A4749D1ED007A27EE277AD1
:107EB000D2ED0A6A77EEA67A87EE276A191D02EBE1
:107EC000810292ED007A66EE876A86EEA77A76EEF8
:107ED000077AC2ED007A0133DBB2022BD5D93B4CD5
:107EE000224604F11C0104F11000FFF7D7FB424BBE
:107EF000D3ED6A6AC4ED1C6A93ED697A84ED1B7A4E
:107F0000D3F8A021A266D3ED6B7AC4ED1D7AF1EE11
:107F1000666A3A49C1ED0B6AB1EE477A81ED097A9A
:107F2000F1EE677AC1ED0C7A8A62D4ED147AF1EE43
:107F3000677AC1ED007A636D4B60D4ED167AF1EE8D
:107F4000677AC1ED027AE36DCB60236E0B61636EDD
:107F50004B6123698B616369CB61A3690B6228481C
:107F6000FAF72FF9274B19682748FAF72AF9274B10
:107F70001B6813F0010F09D0244A13680133136002
:107F800001212348F5F798FB06B070BDDFED210A0B
:107F90000D4B93ED070A204B1868F6F73FFFFCEEF8
:107FA000C07A17EE902A1D4BC3ED007A92B20C21D5
:107FB0001B48FBF733FBDFE7486E0324406E0324C6
:107FC000446E0324646D0324185D0324906D032420
:107FD000706D0324C05B03242C16020838160208B7
:107FE0004416020820160208F4120208FC120208C5
:107FF00000130208F4150208705A03240C6E0324BF
:10800000F8020024686D0324C8020024606D032474
:108010004C6E0324000020428C6D03245C6E03240C
:108020009022002408B50E4B1B78032B0BD00C4B71
:108030001B78012B0ED0022B0FD043B1084A1378C6
:108040000133137008BD064B00221A70EFE7F9F7F1
:1080500025FDF3E7F9F727FDF0E7F9F729FDEDE74F
:108060006C6D032408B5FFF7A3FEFFF7DBFF08BD27
:1080700000B583B00023009301936846F3F7AEFD8B
:10808000024B186003B05DF804FB00BF706E032460
:1080900030B583B0174B0093174B184A184900208E
:1080A000F6F7D8FAF9F782FF164DD5ED007A30EEE3
:1080B000670A154C84ED000AF9F778FF85ED000A90
:1080C00094ED007AF0EE087AB4EEE77AF1EE10FA69
:1080D00006DCFAF77FFE0120F5F740FB03B030BD68
:1080E000044B0093094B0A4A0A490020F6F7B2FAFA
:1080F000EFE700BFF4120208C0120208C41202081F
:10810000501602086C6E0324686E0324FC120208E9
:10811000001302087016020830B583B0044600232D
:10812000009301930268114B1B689A4205D02268A4
:108130000F4B9A4217D003B030BDF9F755FFE8F75F
:108140006DFE07EE900A0B4D95ED007A77EEC77A3B
:10815000094BC3ED007AF9F747FFE8F75FFE2860A7
:10816000FBF78CF9E3E7EAF725FDE4E7DC220024DE
:1081700000E00040646E0324606E032408B5002212
:1081800011460648F9F7ECFF054B1860002211462E
:108190000448F9F7E5FF044B186008BD28030024E4
:1081A000C46E032408020024986E03242DE9F043D2
:1081B000ADB02C263246002121A801F0EDFADFF8FF
:1081C000F890CDF88490304F23974FF08D48CDF83C
:1081D000908007258DF8985021A8F6F7EDFD2B4CDF
:1081E00020603246002116A801F0D6FACDF858904A
:1081F0001897CDF864808DF86C5016A8F6F7DCFD62
:10820000A060324600210DEB060001F0C5FA204BBC
:108210000B93204F0C97DFF8A490CDF83490CDF855
:1082200038808DF840501C4B11933246002168462F
:1082300001F0B2FA0097CDF80490184B0293184B56
:1082400003938DF8145006970DEB0600F6F7B4FD76
:1082500020616846F6F7B0FD6061124D124905F1E4
:108260004800FAF72BFE114CA060114905F12400DB
:10827000FAF724FE60600F492846FAF71FFE2060D7
:108280002DB0BDE8F08300BF6F12833AF06E032477
:10829000000020410000A0400080BB44A69B443B5E
:1082A00000401C46F004002451830108D46E0324CE
:1082B00009830108C1820108000090410AD7233CCC
:1082C00084B008B50DF1080C8CE80F00BDF9203022
:1082D00000EE103A094BD3ED000AB8EEC00A084B85
:1082E0001868F6F79BFDBDEEC00A10EE103A18B202
:1082F000044B1880BDE8084004B07047E06E0324CA
:10830000F06E0324C06E032484B008B50DF1080C90
:108310008CE80F00BDF9203000EE103A094BD3ED88
:10832000010AB8EEC00A084B9868F6F777FDBDEE73
:10833000C00A10EE103A18B2044B1880BDE808408D
:1083400004B07047E06E0324F06E0324BE6E032475
:1083500084B008B50DF1080C8CE80F003A4B196990
:108360003A4A116058693A4B1860049A394B1A60BE
:10837000BDF9203007EE903AF8EEE77A364BC3EDC0
:10838000007A364B1A785B789A4220D1334B1B78AF
:108390005A1ED2B2042B18BF012A1FD9002B18BFB6
:1083A000032B3FD02E4BD3ED020A2B4B93ED000A4B
:1083B000264B1868F6F732FDBDEEC00A10EE103AF3
:1083C00018B2284B1880BDE8084004B07047F6F793
:1083D000C5FD1E4B1868F6F7C1FDD7E7204BD3ED5E
:1083E000020A1C4B93ED000A194B1868F6F716FDAC
:1083F000BDEEC00A10EE103A1BB200EE903AF8EE55
:10840000E00A194BC3ED000A134B93ED000A0F4B22
:108410001868F6F703FDBDEEC00A124B10EE102AE5
:108420001A80BFE70E4BD3ED020A0B4B93ED000A07
:10843000064B1868F6F7F2FCBDEEC00A094B10EEC9
:10844000102A1A80AEE700BFF06E0324B86E032432
:10845000B06E0324A86E0324AC6E03249C6E032428
:10846000E06E0324BC6E0324B46E032408B50C4BE9
:108470001868F9F7F9FD28B90A4B1868F9F7F4FDFF
:1084800038B908BD084A064B19680848F9F7FBFDDA
:10849000F2E7074A034B19680648F9F7F4FDF0E7DD
:1084A000C46E0324986E03249C6E032428030024C6
:1084B000746E03240802002408B502490248F9F743
:1084C00080FE08BDCC6E03245803002408B5FFF7D6
:1084D00055FEFFF76BFE044B00221A709A70034B97
:1084E00000229A6008BD00BF9C6E0324E06E032446
:1084F00030B583B0F9F75AFD614DD5ED007A30EE15
:10850000670A604C84ED000AF9F750FD85ED000A1A
:1085100094ED007AF7EE007AB4EEE77AF1EE10FA15
:1085200003DCFFF7A3FF00240FE0574B0093574BEA
:10853000574A58490020F6F78DF8F2E7564B53F8A2
:108540002400FAF743FC0134E4B2022CF6D9524B72
:108550009A68B2F92210514B5980514B5B7A73B132
:10856000504B51491960514959604D4B1B78042BB0
:1085700000F28380DFE803F00C25425F6D00494B79
:108580000021996019605960494B00211960ECE79E
:10859000444B00229A601A605A60454B00221A60D0
:1085A0003F4BB3F9043007EE903AF8EEE77A3D4BD3
:1085B000C3ED027AFFF780FF0120F5F7CFF803B093
:1085C00030BD3B4B1B682BB91269364B9A60384B58
:1085D00001221A60314B02221A70314B9B78012B19
:1085E000DED1304BD3ED027A9FED327A77EE877A87
:1085F000C3ED027A294B01221A70D1E72C4B1B687C
:108600002BB91269274B9A60294B01221A60234B20
:1086100002221A70224B9B78012BC1D1214BD3ED42
:10862000027A9FED257A77EE877AC3ED027A1B4BAB
:1086300001221A70B4E71A4BB3F9043007EE903AEE
:10864000F8EEE77A174BC3ED027A194B00221A6055
:10865000A6E7144B194A9A60154B00221A609FE74F
:108660000D4B53F82400FAF7ADFB0134E4B2022CB1
:10867000F6D90A4B00221A7092E70024F7E700BFF0
:10868000EC6E0324C86E0324F4120208FC120208E4
:1086900000130208A0160208D46E0324CC6E032433
:1086A0009C6E0324E06E03240080BBC50080BB45A4
:1086B000086F03240080CA4400E0974500803BC552
:1086C00008B5FFF7D3FEFFF713FFFFF7F5FE08BD70
:1086D00008B5002211460A48F9F742FD094B186017
:1086E000002211460848F9F73BFD084B18600022AC
:1086F00011460748F9F734FD064B186008BD00BF66
:10870000F8020024B06F032408020024346F03240D
:1087100098020024746F032408B5124B1868F9F707
:10872000A3FC50B9104B1868F9F79EFC60B90F4BC9
:108730001868F9F799FC70B908BD0D4A094B19681A
:108740000C48F9F7A0FCEDE70B4A074B19680B48FA
:10875000F9F799FCEBE70A4A044B19680948F9F75D
:1087600092FCE9E7B06F0324346F0324746F032491
:108770007C6F0324F8020024106F032408020024F5
:108780005C6F03249802002408B502490248F9F7F7
:1087900018FD08BDDC6F0324B80300242DE9F04167
:1087A00007460E463E4A137801331370002402E058
:1087B000FF2A37D001343368A3426ED93A5D394B72
:1087C0001B78002BF4D0012BF4D1374801684B1CE7
:1087D0000360364842541E2BECD9DFF8D4E0F4464F
:1087E00005460FCDACE80F0095E80F00ACE8070098
:1087F0002CF8023B1B0C8CF800309EF80230202B2A
:108800001AD0F02B3DD01F252A460021284800F021
:10881000C3FF2A460021254800F0BEFF214B00225D
:108820001A70C7E7204900230B6001230B601F4922
:108830000A701C4A1370BDE7DFF87480D8F8050091
:10884000E7F7D0FE00221B4BE8F760F8E8F7CEF917
:10885000194D2860D8F80900E7F7C4FE0022154B2F
:10886000E8F754F8E8F7C2F96860D8F80D00E7F7C0
:10887000B9FE00220F4BE8F749F8E8F7B7F9A8600E
:10888000C1E70B4B1A790C4B1A73F9F78FFBBCEE4F
:10889000C00A0A4B83ED000AB5E7BDE8F08100BFCE
:1088A0000C6F0324B46F0324586F0324386F032420
:1088B000B86F032400408F40DC6F0324786F0324DB
:1088C00008B5FFF705FF08BD00B589B08446002351
:1088D0000193029303930493059306938DF81C3040
:1088E000DFED2C7A20EE270ABDEEC07A17EE103AA3
:1088F0008DF805301A0A8DF806201A0C8DF807201D
:108900001B0E8DF8083060EEA70ABDEEE07A17EE78
:10891000103A8DF809301A0A8DF80A201A0C8DF8D1
:108920000B201B0E8DF80C3021EE271AFDEEC17ABC
:1089300017EE903A8DF80D301A0A8DF80E201A0CA9
:108940008DF80F201B0E8DF810304FF47A7303FB57
:1089500001F18DF811100B0A8DF812300B0C8DF807
:108960001330090E8DF814100DF1040EBEE80F003F
:10897000CCF80400CCF80810CCF80C20CCF810305F
:108980009EF800308CF8143019238CF8033009B0AD
:108990005DF804FB00007A4400B503784278134484
:1089A000827852FA83F390F803E05EFA83F3DBB245
:1089B0001A46002108E000EB010C9CF804C0634457
:1089C000DBB21A44D2B201318E45F4DC43778277B0
:1089D0005DF804FB84B008B50DF1080C8CE80F00BD
:1089E0000B4B0C4A92F9001093ED051AD3ED040AD3
:1089F00093ED010A6046FFF767FF02A8FFF7CCFF7F
:108A0000192103A8F5F78CFEBDE8084004B07047B3
:108A10005C6F0324D76F032430B585B0F9F7C6FA2D
:108A2000294B83ED000AF9F7C1FA284BD3ED007A00
:108A3000F8EE677A30EE670ADFED257AB4EEE70AE2
:108A4000F1EE10FA2EDA234CEC4604F110030FCBB2
:108A5000ACE807002CF8023B1B0C8CF8003094E8C3
:108A60000F00FFF7B7FF6420F4F778FEF9F79EFADE
:108A7000154DD5ED007A30EE670A174C84ED000AEB
:108A8000F9F794FA85ED000A94ED007AF0EE087A91
:108A9000B4EEE77AF1EE10FA0CDC0120F4F75EFE9A
:108AA00005B030BDF9F782FABCEEC00A074B83ED82
:108AB000000AC8E7094B0093094B0A4A0A490020FB
:108AC000F5F7C8FDE9E700BFEC6F0324786F0324D6
:108AD0000000FA435C050024D86F0324F412020856
:108AE000FC12020800130208D016020808B5FFF7AE
:108AF00013FEFFF791FFFFF747FE08BD08B5FFF72C
:108B00004DFE08BD2DE9F04F028885B04B88D0F8A6
:108B100004E09342448848684ED1B1F80080A045F3
:108B20004AD14FEA980908F003089C0084464FEAAE
:108B3000880109FB04F21D014FEA091B00EB040A3E
:108B400092000391DB00029201936346B9F1000F9A
:108B50001DD001990EF110024846614452ED047A8D
:108B60001F190E190138C3ED007A02F1100252EDFF
:108B7000077A2B44C7ED007A52F8187C0F6029441D
:108B800052F8147C3760E9D1029BDE446344B8F1AB
:108B9000000F09D04246714651F8040B013A1860A3
:108BA0002344F9D1039B9E440CF1040CD445CCD151
:108BB000002005B0BDE8F08F6FF00200F9E700BFBC
:108BC000F0B40368D0F804C05668D1E90047A34266
:108BD0005DD1126893425AD10388448804FB03F4A0
:108BE000A50832D00CF1100107F1100206F11003B4
:108BF000284612ED047A013851ED047A02F1100290
:108C000001F1100103F1100377EEC77A43ED087A02
:108C100012ED077A51ED077A77EEC77A43ED077ABE
:108C200012ED067A51ED067A77EEC77A43ED067AB1
:108C300051ED057A12ED057A77EEC77A43ED057AA4
:108C4000D7D12B019C441F441E4414F003041BD0B5
:108C5000DCED007A013C97ED007A77EEC77AC6ED3D
:108C6000007A11D0DCED017A012C97ED017A77EED4
:108C7000C77AC6ED017A07D0DCED027A97ED027A69
:108C800077EEC77AC6ED027A0020F0BC70476FF02D
:108C90000200FAE72DE9F04F45888BB00B88068873
:108CA000AB4209914768049648685468498840F087
:108CB0008D801588B54240F0898052888A4240F004
:108CC00085804FEA9308011D160103F003090891FE
:108CD000950006FB08F1C2EB827C9B0007F1100BAC
:108CE000039107EB0811D20004EB050A01914FEA4A
:108CF0008C01029207910693ABF11003DDF820E09E
:108D00000593079B03EB0A0CB8F1000F56D0029BAA
:108D100044460246DFED307AC1185B46D2ED006A68
:108D2000571913ED047A013C53ED035A324427EEF0
:108D3000267A97ED006A53ED026A01EB050726EEED
:108D4000256A91ED005A77EE277AD7ED005A26EE84
:108D5000857A53ED016A314403F1100376EE277AE8
:108D600065EEA66A77EE277A76EEA77AD6D1039BD0
:108D7000019A1844B9F1000F0BD04B46D0ED006AB0
:108D8000013BB2EC017A284427EE267A77EE877A07
:108D9000F4D1ECEC017AD44570460EF1040EB3D157
:108DA000019AAA44069B11469B441944049B013B2B
:108DB0000191049306D0099B58689DE7059ADFED61
:108DC000067AD7E718460BB0BDE8F08F6FF00200C7
:108DD0000BB0BDE8F08F00BF000000002DE9F04FA0
:108DE000438887B004884D689C420193D0F8049072
:108DF000039540F0E2800B884A889A4240F0DD807B
:108E00009C4240F0DA800590FCB14FF07E5B661E1C
:108E100045F804BB19D00127B20028464FEA87085D
:108E2000002105EB020A00F0B7FC424600210AEBE4
:108E300008055046002F00F0C58000F0ADFC013E53
:108E400007F1010745F804BBE6D1019B002B00F0B8
:108E5000AF809D00CC469E46DDF80C900CEB0503E0
:108E60002F46002602932B1D0493029BB442DCED97
:108E7000006AA3EB070B00F09B80324663469FED30
:108E8000557A09E0F4EE477A01322B44F1EE10FAFC
:108E900037FE877AA24212D0D3ED007AF5EEC07A7F
:108EA000B1EE676AF1EE10FAECDCB4EE476A01321B
:108EB0002B44F1EE10FA36FE077AA242ECD1B5EE61
:108EC000407AF1EE10FA73D0F5EE406AF1EE10FA46
:108ED0006ED07246634693ED007A013AC7EE267A69
:108EE000E3EC017AF7D101994B4693ED007A013911
:108EF000C7EE267AE3EC017AF7D14FEA86080398A9
:108F0000B14238D0DBED006A5A467346E246BAEC0D
:108F1000017A013BD2ED007A26EE877A77EEC77AA6
:108F2000E2EC017AF3D1BB440246019BCA46BAEC9B
:108F3000017A013BD2ED007A26EE877A77EEC77A86
:108F4000E2EC017AF3D128440131C3448C42D7D1F9
:108F5000049BBEF1010E06F10106A7F104079C4433
:108F6000A94482D1F5EE406AF1EE10FA06D0002055
:108F700007B0BDE8F08FBB442844E5E7059B019AA4
:108F80005B6802FB04F2D3ED007A1446F5EE407AFA
:108F9000F1EE10FAEBD1043306E0F3EC017AF5EED2
:108FA000407AF1EE10FAE2D10EF1010E7445F4D1DF
:108FB0006FF0040007B0BDE8F08F6FF0020007B05B
:108FC000BDE8F08F5546013E45F804BB7FF423AF62
:108FD0003BE700BF00000000018042804360704713
:108FE000F0B40368D0F804C05668D1E90047A34242
:108FF0005DD1126893425AD10388448804FB03F47C
:10900000A50832D00CF1100107F1100206F110038F
:10901000284612ED047A013851ED047A02F110026B
:1090200001F1100103F1100377EE877A43ED087A1E
:1090300012ED077A51ED077A77EE877A43ED077ADA
:1090400012ED067A51ED067A77EE877A43ED067ACD
:1090500051ED057A12ED057A77EE877A43ED057AC0
:10906000D7D12B019C441F441E4414F003041BD091
:10907000D7ED007A013C9CED007A77EE877AC6ED59
:10908000007A11D0DCED017A012C97ED017A77EEB0
:10909000877AC6ED017A07D0DCED027A97ED027A85
:1090A00077EE877AC6ED027A0020F0BC70476FF049
:1090B0000200FAE7DFED1F7A20EE270AB5EEC00ABC
:1090C000FDEEC07AF1EE10FA04D517EE903A013BAE
:1090D00007EE903AF8EEE77ADFED176A70EE677AFE
:1090E00067EEA67ABCEEE77A17EE103A9BB2B3F5BC
:1090F000007F1AD207EE103A591CB8EE470A77EEF5
:10910000C07A0E4AB7EE000A02EB830302EB81023B
:1091100030EE670AD3ED006A92ED007A20EE260A5F
:1091200067EE877A30EE270A704777EEE67A0121FC
:109130000023E6E783F9223E0000004400170208FE
:10914000DFED217AB5EE007A20EE270A30EE070A2D
:10915000B5EEC00AFDEEC07AF1EE10FA04D517EEB6
:10916000903A013B07EE903AF8EEE77ADFED176AA6
:1091700070EE677A67EEA67ABCEEE77A17EE103AE1
:109180009BB2B3F5007F1AD207EE103A591CB8EE25
:10919000470A77EEC07A0E4AB7EE000A02EB830365
:1091A00002EB810230EE670AD3ED006A92ED007A9D
:1091B00020EE260A67EE877A30EE270A704777EEB0
:1091C000E67A01210023E6E783F9223E000000440D
:1091D00000170208014B1868704700BF7C05002487
:1091E00070B50D4E0D4D761BB61006D0002455F807
:1091F000043B01349847A642F9D1094E094D761B2C
:1092000007F0E6FCB61006D0002455F8043B013404
:109210009847A642F9D170BD1827020818270208FE
:109220002027020818270208024B0146186800F0A0
:1092300003B800BF7C0500242DE9F04F01F10B06B7
:10924000162E83B0044624D8102900F2BA8000F00C
:10925000F5FA102618220220B54F3A44A2F108016F
:1092600053688B4200F0BA805A68D96822F0030232
:109270001A449D68E9608D60516841F00101204603
:10928000516003F1080500F0DFFA284603B0BDE89D
:10929000F08F36F0070600F19480B14200F2918021
:1092A00000F0CCFAB6F5FC7FC0F09A81730A00F0AA
:1092B0008F80042B00F26F81B30903F1390003F1B1
:1092C000380CC3009A4F3B44A3F108055B689D42EC
:1092D00006D10CE0002980F22781DB689D4206D090
:1092E0005A6822F00302911B0F29F3DD60463D69A5
:1092F000DFF850C265457CD06A6822F00302931BF8
:109300000F2B00F37B81002BC7E904CC80F26C812A
:10931000B2F5007F80F01A81D308796801334FEAF3
:10932000521E012202FA0EF20A4357F833E0C5F842
:1093300008E007EBC3010839E9607A6047F8335069
:10934000CEF80C50831001219940914257D8114218
:1093500006D120F003004900114200F10400FAD0C8
:1093600007EBC0094D468646D5F80C80454508D127
:109370001DE1002B80F22481D8F80C80454500F0D7
:109380001681D8F8042022F00302931B0F2BF0DD86
:109390002046D8E9025408EB060146F00106C8F859
:1093A0000460EC60A56043F00104C7E90411C1E961
:1093B00002CC4C6048F8023000F046FA08F108058B
:1093C00002E00C2323600025284603B0BDE8F08F9F
:1093D0004FF4007340204FF03F0C73E7D3689A427C
:1093E00008BF02307FF440AF3D69DFF858C16545E2
:1093F00082D17A688310012199409142A7D9BD6832
:109400006B6823F003094E4503D8A9EB06030F2B25
:109410007ADCDFF834B1474BDBF800201B680132FF
:10942000334405EB090A00F0338103F580530F3311
:1094300023F47F6828F00F084146204600F076FAB2
:10944000411C024600F0F380824500F2EE803A4B68
:10945000196841441960084600F04E81DBF800109D
:10946000019301311BBFA2EB0A0A5044CBF8002044
:10947000186012F0070B00F01781CBF108010A44C5
:10948000CBF5805190440831A1EB0801C1F30B0AE0
:1094900051462046009200F049FA421CDDE90023C3
:1094A00000F04F81801A00EB0A081968BA6048F092
:1094B00001005144BD425060196000F02981B9F1AA
:1094C0000F0F40F227816868A9F10C0C2CF0070CF3
:1094D00000F0010040EA0C0068604FF0050E05EB5B
:1094E0000C00BCF10F0FC0E901EE00F232815068B0
:1094F0001546124B1A688A4238BF1960104B1A6819
:109500008A4238BF196094E0AA1943F0010346F07B
:1095100001066E602046BA60536000F095F9083588
:10952000284603B0BDE8F08FD9681A44A1E600BF11
:10953000A809002420700324F06F0324187003246A
:109540001C700324B0090024B00D0024B2F5206F74
:109550004FEA522363D3142B00F2B78003F15C016E
:10956000C9005B3307EB010E7958AEF1080E8E454A
:1095700000F091804B6823F00303934202D989687D
:109580008E45F7D1D1F80CE07A68C5E9021ECEF815
:109590000850CD60D6E6142B59D9542B00F29D808B
:1095A000330B03F16F0003F16E0CC3008AE60EF17A
:1095B000010E1EF0030F05F108057FF4D5AE51E052
:1095C000424445465368D8F80C1043F001035360F9
:1095D00055F8083F2046D9608B6000F035F9F3E676
:1095E000F00806F1080237E62A442046536843F0A3
:1095F00001035360083500F027F9E5E6A919204674
:1096000046F0010643F001046E60C7E90411C1E9A8
:1096100002CC4C60AB5000F017F90835D4E6930942
:1096200003F13901C90038339CE7BD425FD0BD6802
:10963000686820F003084645A8EB060302D80F2B04
:109640003FF762AF204600F0FFF80025BCE603F1CB
:109650005C0003F15B0CC30034E659F808394B4554
:1096600040F0968010F0030F00F1FF30F5D17B68D9
:1096700023EA01037B60490099423FF6C0AE19B965
:10968000BDE649000EF1040E1942FAD0704667E6B5
:1096900003F11008D0E69A104FF001087B6808FA31
:1096A00002F21A437A6070E702EB08014942C1F303
:1096B0000B0A51462046009200F038F9431CDDE9C0
:1096C00000237FF4EFAEDA46EFE6542B25D8130BD8
:1096D00003F16F01C9006E3344E7B3F5AA7F25D8C3
:1096E000F30B03F1780003F1770CC300EAE5294B93
:1096F000186840441860B1E6CAF30B0CBCF1000FC7
:109700007FF4ACAEBD68C84448F001006860F0E684
:109710001546EEE60123536094E7B3F5AA7F23D8FC
:10972000D30B03F17801C90077331BE740F25452A1
:10973000934223D8B30C03F17D0003F17C0CC300EA
:10974000C0E5ABF1080BD844A8EB02084FF0000AC3
:10975000ABE605F108012046009302F029FFBD6841
:10976000009B68681968C4E640F254518B420BD8DC
:10977000930C03F17D01C9007C33F3E64FF47E7353
:109780007F204FF07E0C9DE54FF47E717E23E9E64D
:109790007B6870E7F06F0324830730B548D0541E10
:1097A000002A3FD0CAB2034601E0013C3AD303F895
:1097B000012B9D07F9D1032C2DD9CDB245EA052502
:1097C0000F2C45EA054536D9A4F1100222F00F0C02
:1097D00003F1200EE6444FEA121C03F1100242E9A5
:1097E000045542E9025510327245F8D10CF10102DC
:1097F00014F00C0F03EB021204F00F0C13D0ACF1B9
:10980000040323F003030433134442F8045B93423C
:10981000FBD10CF003042CB1CAB21C4403F8012B99
:109820009C42FBD130BD64461346002CF4D1F9E7CD
:1098300003461446BFE71A46A446E0E7014802F093
:10984000C5BF00BF2C700324014802F0C1BF00BF98
:109850002C7003242DE9F0410E680C460546BEB17C
:1098600037688FB1D7F80080B8F1000F08D0D8F86A
:10987000001009B1FFF7EEFF4146284602F098FEBE
:109880003946284602F094FE3146284602F090FE02
:1098900021462846BDE8F04102F08ABE224B1B68F3
:1098A000834240D0C16C70B5054681B100268C5909
:1098B0003CB121462468284602F07AFE002CF8D1FB
:1098C000E96C0436802EF2D1284602F071FE296C34
:1098D00011B1284602F06CFED5F8484154B105F5A7
:1098E000A676B44206D021462468284602F060FEDF
:1098F000A642F8D1696D11B1284602F059FEAB6B52
:1099000083B1EB6B28469847D5F8E04254B1216803
:1099100011B12846FFF79EFF21462846BDE870405A
:1099200002F046BE70BD70477C05002438B5074D77
:109930000022044608462A60E8F7AAFC431C00D02F
:1099400038BD2B68002BFBD0236038BD2470032466
:109950000EB410B59DB06FF000411FABCDE906010C
:109960000491094953F8042B0290084C08680193AC
:1099700002A9059400F00CF8029B00221A701DB099
:10998000BDE8104003B070477C0500240802FFFFCB
:109990002DE9F04F2DED0A8BCFB00C4691460AEE23
:1099A000101A09930AEE900A02F008FF0368139355
:1099B0001846E7F7A5FCA38912901A0603D5236978
:1099C000002B00F0A0874D469FEDA57B2B7800244F
:1099D00025AACDE92344CDE91544CDE917448DED01
:1099E000107B1AEE909A0E9422929046149405944D
:1099F000002B00F0EC81AB4604E01BF8013F002B8C
:109A000000F01A81252BF8D1BBEB050640F0188138
:109A10009BF80030002B00F0DA8100234FF0FF327A
:109A20009BF801708DF86B3006930BF1010B0492DB
:109A30009A462B2420210BF1010BA7F120035A2B6E
:109A400000F23C81DFE813F0D5023A013A01D0027E
:109A50003A013A013A016A003A013A016502FE020E
:109A60003A017002E4023A01DF025B005B005B0036
:109A70005B005B005B005B005B005B003A013A014E
:109A80003A013A013A013A013A01D2013A01360269
:109A90008500D201D201D2013A013A013A013A01DC
:109AA000CB023A013A01C6003A013A013A014002BA
:109AB0003A0175023A013A014F073A013A013A0177
:109AC0003A013A013A013A013A01D2013A01360229
:109AD0008700D201D201D201BE02870080003A0184
:109AE000B1023A019902C800870280003A0140029F
:109AF0007D002A073A013A012E073A017D00A7F1BD
:109B0000300300221BF8017B02EB820203EB4202CE
:109B1000A7F13003092BF5D906928EE7484602F0EB
:109B20004DFE436817931846E7F7EAFB1890064680
:109B3000484602F043FE836815932021002E40F032
:109B4000C2859BF8007076E79BF800704AF0200A07
:109B500071E74AF0100A1AF0200F099B00F09A8171
:109B6000073323F007031A465B6852F8084B099243
:109B70001E46002BC0F26B85049B013301F03A8036
:109B80002AF08003039354EA060300F0E7840A2CCA
:109B900076F1000380F0908730340123DDF80CA0CB
:109BA0008DF8374107930DF23715049907989DF802
:109BB0006B3081424FF00002B8BF0146089203911A
:109BC0000C920F920D92002B00F08980039A0132C3
:109BD000039284E04AF0100A1AF0200600F04B814C
:109BE000099B073323F007035E6853F8084B09937A
:109BF0002AF480630393002300228DF86B20049ADB
:109C0000551C00F02682039921F0800A54EA0601CF
:109C100040F01D82002A41F02980002B40F0A484EE
:109C2000039B13F00103079300F0428530238DF866
:109C300037310DF23715B8E7BBEB050600F0C780EA
:109C4000249B33442493239B0133072BC8E90056FC
:109C5000239309DC08F10808059B33440593D7E6F4
:109C600000000000000000001AEE101A22AA484668
:109C700003F0D0F990B90DF19408EDE71AEE101A3F
:109C800022AA484603F0C6F9002800F09180089BFC
:109C900023B108991AEE900A02F08AFC1AEE103AE3
:109CA0009B8913F0400F059B18BF4FF0FF330593BE
:109CB00005984FB0BDEC0A8BBDE8F08F002F00F087
:109CC000868000238DF8D4708DF86B300122CDE9A9
:109CD0000723039204930C930F930D9335AD1AF061
:109CE00002020A9202D0039A023203921AF084020C
:109CF0000B9205D1069A0399561A002E00F30D8394
:109D0000249C8BB1239B0DF16B0201330134C8F805
:109D10000020072B4FF0010224942393C8F804205D
:109D200000F3338308F108080A9B83B1239B1BAA25
:109D300001330234C8F80020072B4FF002022494AC
:109D40002393C8F8042000F32D8308F108080B9B27
:109D5000802B00F00F82049B079A9E1A002E00F3BE
:109D600050821AF4807F40F0AB81079BC8F8043022
:109D70001C44239BC8F800500133072B24942393E1
:109D800000F3BE8208F108081AF0040F05D0069B04
:109D9000039A9D1A002D00F31283DDE90532039921
:109DA0008A42ACBF9B185B180593002C7FF466AF0A
:109DB00000232393089B1BB10899484602F0F8FB47
:109DC0000DF194085D462B78002B7FF414AE249B94
:109DD000002B3FF463AF1AEE104A1AEE101A1AEE77
:109DE000900A22AA03F016F9A3895AE7099B0733C0
:109DF00023F00703B3EC027B8DED107BDDE910123D
:109E0000099322F000430BEE101A0BEE903A4FF03C
:109E1000FF32B0EE4B9AF0EE6B9AA54B51EC190B5A
:109E2000E7F72EFB002840F06784A14B51EC190B9B
:109E30004FF0FF32E6F7BCFE002840F05D84DDE91C
:109E4000100100220023E6F7A9FE002840F0A587B4
:109E50009DF86B30974D984A2AF0800A0321472FCE
:109E6000C8BF1546002208920391079104920C92F4
:109E70000F920D92A7E61AF0100340F033841AF007
:109E8000400200F05B87099A52F8044B09921E4683
:109E9000A4B2ADE653F8044B09931AF0100F40F04A
:109EA0000E841AF0400F00F0068444F3C0363346A7
:109EB00024B25EE6099A002352F8041B8DF86B3039
:109EC0008DF8D410099201E7099C54F8045B002630
:109ED0008DF86B60002D00F0D986049B5A1C00F0B1
:109EE00046851A4631462846E7F77AFA0890002850
:109EF00001F07A80089B0496591B079121EAE171D1
:109F00009DF86B300994039108960C960F960D9668
:109F100059E6099B53F8042B0692002A80F2C3836A
:109F2000069A0993524206929BF800704AF0040A7E
:109F300081E54AF010030393039B13F0200600F021
:109F40007383099B073323F007035E6853F8084BBC
:109F50000993012350E6099B53F8044B09933023DE
:109F60004AF0020278278DF86C30544B1493039218
:109F70008DF86D70002602233EE61AF0200F40F0A7
:109F800082841AF0100F40F078861AF0400F40F0EB
:109F90004C871AF4007F00F07086099B059953F8EE
:109FA000042B099311705D460DE79BF800706C2F30
:109FB00003BF9BF801704AF0200A0BF1010B4AF035
:109FC000100A38E59BF80070682F03BF9BF80170FA
:109FD0004AF4007A0BF1010B4AF0400A2BE59BF89A
:109FE00000704AF0080A26E59BF800704AF0010A62
:109FF00021E59DF86B30002B7FF4A3AD9BF800703A
:10A000008DF86B1017E59BF800704AF0800A12E596
:10A010005A4612F8017B2A2F01F0F381A7F1300391
:10A02000092B934698BF002200F2F4871BF8017BAE
:10A0300002EB820203EB4202A7F13003092BF5D9B0
:10A040000492FAE49BF800708DF86B40F3E4CDF8CD
:10A050000CA0012B3FF49BAD022B4EAD12D1149AF4
:10A0600004F00F032409D35C05F8013D44EA0674AB
:10A07000360954EA0603F3D14EAB5B1BDDF80CA0A6
:10A08000079392E504F00703E40844EA4674F608EF
:10A09000303354EA06012A4605F8013DF2D103990E
:10A0A000C80700F14C824EAB5B1B8A4607937CE5E8
:10A0B000FFFFEF7F081F02080C1F0208181F02088D
:10A0C000652F40F3D780DDE9100100220023E6F779
:10A0D0005BFD002800F0B481239BBC4AC8F8002037
:10A0E000013301340122072B24942393C8F8042060
:10A0F00000F3848508F108081C9B0E9A934280F2B5
:10A10000CD82129B139A1C44C8E90023239B2494FC
:10A110000133072B239300F3E98308F108080E9B12
:10A120005D1E002D7FF730AE102D239B41F347813C
:10A13000A74F0A97224610261AEE104A05E008F1AA
:10A140000808103D102D40F3678501331032072BAE
:10A15000C8E90076CDE92332F1DD22AA214648463E
:10A1600002F058FF00287FF492ADDDE923320DF1B3
:10A170009408E6E7069B039A9E1A002E7FF7EBAD44
:10A18000102E239B41F34F8091490B9522461AEEE6
:10A19000105A0A910C4604E0103E102E08F10808EF
:10A1A00019DD013310321021072BCDE92332C8F815
:10A1B0000040C8F80410EFDD22AA294648460DF1F8
:10A1C000940802F027FF00287FF461AD103E102EA6
:10A1D000DDE92332E5DC0B9D144601330A9AC8F809
:10A1E00000203444072BCDE92334C8F8046000F381
:10A1F0002F85049B079A9E1A002E08F108087FF706
:10A20000B0AD102E239B40F3C48571480A9042469E
:10A2100021461AEE108A044604E0103E102E02F188
:10A22000080216DD013310311020072BCDE9233150
:10A2300014605060F1DD22AA4146484602F0EAFE71
:10A2400000287FF424AD103E102EDDE9233125AA2D
:10A25000E8DC90460C4601330A9AC8F800203444E2
:10A26000072BCDE92334C8F8046000F3CF8108F14F
:10A27000080876E50E9B012B40F37C81239EC8F8ED
:10A280000050013601340123072E24942396C8F888
:10A29000043000F3E78108F10808129B139A013695
:10A2A0001C44072EC8E90023CDE9236400F3E881AC
:10A2B00008F10808DDE9100100220023E6F764FC3C
:10A2C000002840F076810E9B0136013B01351C448D
:10A2D000072EC8F800502396C8F80430249400F3E1
:10A2E0005A8108F10808169BC8F8043001361C444E
:10A2F000072E1EABCDE92364C8F800307FF742ADCE
:10A300001AEE101A22AA484602F084FE00287FF4B2
:10A31000BEAC249C0DF1940836E5102EDDE9233205
:10A3200022DD199510241AEE105A04E0103E102E6A
:10A3300008F1080817DD013326491032072BC8E958
:10A340000014CDE92332F1DD22AA294648460DF159
:10A35000940802F05FFE00287FF499AC103E102EA6
:10A36000DDE92332E7DC199DC8F804600133B41835
:10A37000072B184AC8F80020CDE9233400F3E18305
:10A380009DF86B3008F10808BBE41AEE101A22AAF7
:10A39000484602F03FFE00287FF479AC249C0DF182
:10A3A0009408C1E41AEE101A22AA484602F032FEBE
:10A3B00000287FF46CAC249C0DF19408C7E4102DA8
:10A3C000239B26DD1AEE107A10260AE0481F0208A9
:10A3D0005C1F02084C1F0208103D102D08F10808F0
:10A3E00017DD0133C24A1034072BC8E90026CDE936
:10A3F0002334F1DD22AA394648460DF1940802F0D3
:10A4000009FE00287FF443AC103D102DDDE9233414
:10A41000E7DC0133B64AC8F804502C44072BCDE9D9
:10A420002334C8F800207FF7B8AC1AEE101A22AA1D
:10A43000484602F0EFFD00287FF429AC249CACE4F0
:10A440001C9A002A40F39683DDE90D739F42A8BF52
:10A450001F46002F0BDD239B01333C44072BC8E92B
:10A4600000572494239300F35C8508F108080D9E9F
:10A47000002FA8BFF61B002E00F353820D9B1AF489
:10A48000806F2B44079340F083821C9B0E9A93426B
:10A4900003DB1AF0010F00F0B884129A13991444E8
:10A4A000C8E90012239A24940132072A239200F368
:10A4B000768508F108080E9A0799AE18761AD51A0B
:10A4C000AE42A8BF2E46002E0DDD239BC8F800101B
:10A4D00001333444072BC8F804602494239300F319
:10A4E0009D8508F10808002EA8BFAD1B002D7FF741
:10A4F0004BAC102D239B40F362877E4F0A97224678
:10A5000010261AEE104A05E008F10808103D102D3B
:10A5100040F3828301331032072BC8E90076CDE97E
:10A520002332F1DD22AA2146484602F073FD0028BD
:10A530007FF4ADABDDE923320DF19408E6E7302B73
:10A540003FF49AAD3023023A05F8013C4EAB9B1A1A
:10A55000DDF80CA007931546FFF727BB049B002BE3
:10A560007FF41AABDDF80CA00023049307934EADE3
:10A57000FFF71BBB1AF0010F7FF480AE239EC8F8D3
:10A580000050013601340123072E24942396C8F885
:10A5900004307FF7A6AE1AEE101A22AA484602F03F
:10A5A00039FD00287FF473ABDDE923640DF19408D5
:10A5B00099E60E9B5D1E002D7FF795AE102D40F3A2
:10A5C00015874C4ACDF810A023461AEE10AA0A921D
:10A5D0001027144605E008F10808103D102D40F33F
:10A5E0009D8301361033072EC8E90047CDE9236368
:10A5F000F1DD22AA5146484602F00CFD00287FF406
:10A6000046ABDDE923630DF19408E6E71AEE101A74
:10A6100022AA484602F0FEFC00287FF438AB249CB6
:10A620000DF19408FFF79DBB039B13F0100340F05E
:10A630002381039A12F0400200F09B83099A52F89A
:10A64000044B09921E46A4B20123FFF7D5BA2D236D
:10A6500064428DF86B3066EB4606CDF80CA0012302
:10A66000FFF7CDBA1AEE101A22AA484602F0D2FC21
:10A6700000287FF40CABDDE923640DF194080CE6AF
:10A680001AEE101A22AA484602F0C4FC00287FF4F1
:10A69000FEAADDE923640DF194080BE61AF0010F20
:10A6A0003FF472AB2DE59BF800700993FFF7C3B937
:10A6B0004EADFFF77ABA1AF4007F40F0B083E61788
:10A6C0003346FFF756BA159B002B3FF43AAA159B69
:10A6D0001B78002B3FF435AA9BF800704AF4806A7F
:10A6E000FFF7A9B9099B53F8044B0993FFF780BA08
:10A6F0004C1F02085C1F0208DDE9100102460B46F0
:10A70000E6F7BEFE002840F0C385612F00F0868585
:10A71000412F00F09484049B013327F0200303931E
:10A7200000F0B083472B00F08285DDE910014AF488
:10A730008072002907924FF00003C0F2248541EC9B
:10A74000180B0A930893039B462B00F0F883452BC4
:10A7500000F04E85B0EE480AF0EE680A20AB019397
:10A760001DAB0093049A1CAB0221484600F01CFF6D
:10A77000039B472B054640F069861AF0010F5646A9
:10A78000DDF81CA040F00B85209B5B1B0E93039B08
:10A79000472B00F08B83039B462B00F00F841C9B00
:10A7A0000D930D9B039A013B412A1C9300F0D78522
:10A7B000FAB20021002BB8BF0D9B8DF87820BABFEC
:10A7C000C3F101032D222B22092B8DF8792040F3B0
:10A7D000B7850DF18704DFF898C3224610468CFB3D
:10A7E0000321DA17C2EBA10202EB8201A3EB4101C4
:10A7F000303100F8011C19466329134600F1FF327D
:10A80000ECDC3033D9B2831E9C4202F8011C40F2CA
:10A81000048613460DF17A0201E013F8011B02F8D9
:10A82000011B9C42F9D10DF189030DF17A021B1A2B
:10A8300013441EAA9B1A16930E9B169A012B1A44B8
:10A84000079240F3B785079B129A13440793079A20
:10A85000002326F4806622EAE27246F4807A0C93A2
:10A8600003920F930D930A9B002B40F045830493B2
:10A870009DF86B30FFF7A7B9099B53F8044B099378
:10A880000123FFF7B9B9099B059853F8041B0993F5
:10A89000C217C1E900025D46FFF795BACDF80CA0DA
:10A8A000FFF74ABBAF4B14931AF0200600F0EF807D
:10A8B000099B073323F007035E6853F8084B09939D
:10A8C0001AF0010F09D054EA060306D030238DF8A0
:10A8D0006D704AF0020A8DF86C302AF4806303939D
:10A8E0000223FFF789B9A04B1493DDE71AEE101A83
:10A8F00022AA484602F08EFB00287FF4C8A9249CB7
:10A900000DF194080BE41AEE900A4021FEF794FC36
:10A9100020602061002800F0848540236361FFF7F8
:10A9200052B8102E239B40F3698590480A90424606
:10A9300021461AEE108A1027044604E00832103E21
:10A94000102E40F32F8201331031072BC2E900474C
:10A95000CDE92331F2DD22AA4146484602F05AFBF6
:10A9600000287FF494A9DDE9233125AAE7E72846EA
:10A9700004960994E6F7C4FC20EAE0719DF86B3078
:10A980000790039108960C960F960D96FFF71BB94A
:10A990000E9BCDF828B0DDF83CB0079E159FCDF892
:10A9A0001CA0EB1804934246DDF860A00C9B0B95AD
:10A9B0001AEE108AA446BBF1000F30D093BB013FC2
:10A9C0000BF1FF3B179BC2E9003A239B0133D444B0
:10A9D000072BCDF890C0239362DC0832049B3878B3
:10A9E0009B1B8342A8BF0346002B1C460CDD23980B
:10A9F00001309C440728C2E90063CDF890C0239041
:10AA000000F3198138780832002CACBF051B0546CD
:10AA1000002D0BDC06440C9BBBF1000FCED1002BAC
:10AA200000F033820C9B013B0C93CBE7102D239855
:10AA30001FDD1024634604E0103D102D02F10802D2
:10AA400016DD0130494910330728C2E90014CDE969
:10AA50002303F1DD22AA4146484602F0DBFA002832
:10AA60007FF415A9103D102DDDE9230325AAE8DCAC
:10AA70009C4601303D4B5560AC440728CDE9230C82
:10AA8000136000F34082387808320644C3E71AF0B6
:10AA9000100300F0A480099B53F8044B09930FE7BF
:10AAA00022AA4146484602F0B5FA00287FF4EFA8F2
:10AAB000DDF890C025AA91E7039B079703F4806314
:10AAC000002209EE109ACDF82080DDF854900DF5A3
:10AAD0009C7A174698460CE00023204631460A220D
:10AAE000E6F7E2F90A2C76F100031CD304460E4681
:10AAF000AA4620460A2200233146E6F7D5F930322D
:10AB00000AF1FF3501370AF8012CB8F1000FE3D044
:10AB100099F800309F42DFD1FF2FDDD00A2C76F16B
:10AB2000000380F050814EAB5B1BCDF854900E9724
:10AB300019EE109ADDE90778DDF80CA00793FFF70E
:10AB400034B81AEE101A22AA484602F063FA002816
:10AB50007FF49DA89DF86B30249C0DF19408FFF7BD
:10AB6000D0B800BF181F02082C1F02085C1F020883
:10AB700067666666239BC049C8F80010013301343C
:10AB80000121072B24942393C8F8041000F32F818C
:10AB900008F10808002A40F08A800E9A0AF00103A2
:10ABA00013433FF4F1A8129B139A1C44C8E90023F5
:10ABB000239B24940133072B239300F33F8108F157
:10ABC00008080E9AC8F8005001331444072BCDE949
:10ABD0002334C8F804207FF7D5A8FFF791BB1AF0FB
:10ABE000400200F0B980099A52F8044B09921E46BF
:10ABF000A4B265E6CDF80CA0FEF7C9BF1AEE101A94
:10AC000022AA484602F006FA00287FF440A8249CB5
:10AC10000DF19408FFF770BA144601330A9AC8F888
:10AC200000202C44072BC8F80450CDE923347FF7CB
:10AC3000A9A8FFF765BB22AA4146484602F0EAF9F7
:10AC400000287FF424A83878DDF890C025AADBE638
:10AC50001AEE101A22AA484602F0DCF900287FF406
:10AC600016A8249C0DF19408FFF775B8012BCDF8B8
:10AC70000CA07FF4F1A9FEF78FBF099B059953F84B
:10AC8000042B5D4611600993FFF79DB8049A08955F
:10AC9000062A294628BF062204952B460392774DA3
:10ACA000099407920C910F910D91FEF78CBF129BA6
:10ACB00013991C44C8E90013239B24940133072BE8
:10ACC000239300F3BB8008F10808002ABFF679AF90
:10ACD0005642103280F2AE8369480A9021464246BD
:10ACE00010271AEE108A044604E00832103E102E97
:10ACF00040F3AF8201331031072BC2E90047CDE9A1
:10AD00002331F2DD22AA4146484602F083F90028A9
:10AD10007EF4BDAFDDE9233125AAE7E7DDF810A019
:10AD20001C4601360A9BC8F800302C44072ECDE99A
:10AD30002364C8F804507FF7D4AA2CE4099B1AF4C2
:10AD4000007614BF53F8044B53F8044B09931CBF0F
:10AD50001646E4B2FEF74CBF099B1AF4007614BF06
:10AD600053F8044B53F8044B09931CBF1646E4B246
:10AD7000A6E5039B13F40076099B14BF53F8044B1C
:10AD800053F8044B09931CBF1646E4B20123FEF7A7
:10AD900033BF3B4A0A92FFF75EBA2D238DF86B3022
:10ADA000FFF758B890460C4601330A9AC8F80020BD
:10ADB0003444072BCDE92334C8F804604DDC08F196
:10ADC0000808FFF75BBB189B1799ED1A1A4628462F
:10ADD00002F0EEF899F801300BB109F101092046B3
:10ADE00031460A2200230027E6F75EF87EE61AEED7
:10ADF000101A22AA484602F00DF900287EF447AF47
:10AE00001C9A249C0DF19408C4E60E9A0799AE187A
:10AE1000761AD51AAE42A8BF2E46FFF764BB44F39C
:10AE2000C016334664B2FEF7A4BE099B059953F8D9
:10AE3000042B099311805D46FEF7C5BF1AEE101A68
:10AE400022AA484602F0E6F800287EF420AFDDE9A9
:10AE500023341C9A0DF1940837E71AEE101A22AA2F
:10AE6000484602F0D7F800287EF411AF249C0DF17B
:10AE70009408FFF703BB00BF481F0208401F0208E9
:10AE80005C1F0208062304934FE40B9D0E9BDDF824
:10AE90001CA0DDF828B01597EB189E42904632466C
:10AEA00028BF1A4664460792FFF7EFBA1C9B0D9322
:10AEB000DA1C02DB049A934204DD023F27F02003F0
:10AEC00003936EE4DDE90D329342C0F29980F007FE
:10AED00040F1DB81129A13440793710503D50D9B52
:10AEE000002B00F3FF81079B23EAE373039367279B
:10AEF00000230C930F93B6E42D2300228DF86B30C2
:10AF00000492FEF763BE22AA4146484602F082F848
:10AF100000287EF4BCAE3878DDF890C025AA06443F
:10AF200079E51AEE101A22AA484602F073F80028B2
:10AF30007EF4ADAE249C0DF19408FFF798BA20ABD7
:10AF400001931DAB0093049AB0EE480AF0EE680A34
:10AF50001CAB0321484600F027FB0378302B054645
:10AF600000F003821C9B049A56461344DDF81CA093
:10AF7000EC1851EC180B00220023E5F705FE08B190
:10AF8000234602E4209BA342BFF4FFAB30215A1CAE
:10AF900020921970209B9C42F9D8FFF7F6BB1AEE5D
:10AFA000101A22AA484602F035F800287EF46FAE47
:10AFB0001C9B249C0DF19408FFF77DBA1C9A0D92FE
:10AFC000002A40F3FF81049906F001030B4340F08F
:10AFD000B1810D9B07936627730500F18481079B60
:10AFE00023EAE373039383E7049B03930793099492
:10AFF0009DF86B3004900C900F900D90FEF7E3BD20
:10B000000E9B129A9A180D9B0792002B40F3BB815E
:10B010006727E1E700230493FEF70FBD1AEE101A2D
:10B0200022AA484601F0F6FF00287EF430AE1C9DAF
:10B030000E9B249C5D1B0DF19408FFF754BA30233E
:10B040008DF86C3058238DF86D30049B632B4AF0DB
:10B05000020400F3A7800023089335ADDDE9101248
:10B060004AF481730793002A27F02003A246039332
:10B07000C0F28A80002342EC181B0A93612F00F073
:10B080001581412F7FF45FABB0EE480AF0EE680AFD
:10B090001CA801F057FF00224FF07F5351EC100B1A
:10B0A000E5F70AFB02460B4643EC192B002200236E
:10B0B000E5F76AFD08B101231C93B74B0B93049B82
:10B0C0001995CDE90CB7CDE90EA80CEE109ADDF874
:10B0D0002CB059EC198B5E1E2C4605E00022002393
:10B0E000013EE5F751FDE0B9AC4B00224046494630
:10B0F000E5F7E2FA89468046E6F7D8F90546E5F72E
:10B1000071FA0B46024649464046E5F71DF91BF821
:10B110000530A24604F8013B731C37468046894639
:10B12000DCD149EC198B9E4BDDF830B0DDF83C806A
:10B13000CDF830A051EC190B00223E46DDF838A0C6
:10B140000D9F0D951CEE109A199DE5F745FD98BBD6
:10B1500051EC190B924B0022E5F716FD10B10D9B37
:10B16000D90729D4002E334606DB0133234430228D
:10B1700004F8012BA342FBD1631B56460E93DDF866
:10B180001CA0FFF704BB0893DDE9103408EE103A69
:10B1900004F1004308EE903A2D230A936EE7049BD6
:10B1A000EC18E6E6591C4846FEF746F80546002826
:10B1B00000F04381089051E70C9B20930B9B14F8FF
:10B1C000012CD97B8A42234609D1302003F8010C97
:10B1D000209B5A1E209213F8012C9142F6D0392A56
:10B1E0000BBF0B9A0132927AD2B203F8012CC3E75B
:10B1F000049BB0EE480AF0EE680A5C1C20AB019399
:10B200001DAB009322461CAB0221484600F0CCF94E
:10B21000054656462C44DDF81CA0AAE630238DF8DE
:10B220006C3078230FE75F4A0A92FEF7D6BF049B83
:10B23000002B08BF01230493119B4AF48072002B5A
:10B240000792C0F2D9809DED108B08900A90FFF70D
:10B2500081BA0C46904601330A9AC8F8002034445B
:10B26000072BCDE92334C8F804607FF7A8AC1AEEA9
:10B27000101A22AA484601F0CDFE00287EF407AD40
:10B28000DDE923340DF194089BE40D9B079324E63C
:10B29000119B454D454A002BB6BF2D239DF86B30C1
:10B2A0008DF86B302AF0800AFEF7D8BD1CA8B0EEEE
:10B2B000480AF0EE680A01F045FE00224FF07F5385
:10B2C00051EC100BE5F7F8F902460B4643EC192B4D
:10B2D00000220023E5F758FC08B101231C93344BEE
:10B2E0000B93ECE6672715990B78FF2B00F0B080E5
:10B2F00000240D9A204603E001300131FF2B08D0D5
:10B30000934206DAD21A4B78002BF5D10B78013430
:10B31000F4E715910D920F900C940C9A0F9B1899CD
:10B320001344079A01FB0323079323EAE373039370
:10B33000FFF799BA129BD3181944079166274BE679
:10B34000002956D130228DF87A200DF17B0230335E
:10B3500002F8013B1EABD31A1693FFF76DBA07F143
:10B360000F02D2B20121FFF725BA51EC180B0022CF
:10B370000023E5F709FC00287FF4F4AD049BC3F13A
:10B3800001031C93EFE5C3F101031A4422EAE273BF
:10B39000079203936727ABE52C1F0208000030409B
:10B3A0000000E03F5C1F0208101F0208141F020883
:10B3B000181F0208F4077FF54AAAFFF744BA264A85
:10B3C0000A922AE4049A06F0010656EA020304D11E
:10B3D00001230393662707938AE5129B01331A44DE
:10B3E00022EAE27307920393662781E51A4B0A93D8
:10B3F00097E40DF17A02AAE70890C5E6164A0A9288
:10B40000D2E4099B9BF80170934653F8042B0993EF
:10B4100042EAE2720492FEF70EBB02231693FFF794
:10B420000BBA1AEE902A0C2313604FF0FF330593EA
:10B43000FEF73EBC084A0A920DE71AEE101A8B89F5
:10B4400043F0400213468A81FEF72BBC049CE0E6E1
:10B4500000230C930F9360E75C1F0208024B13B1AB
:10B46000024800F005B8704700000000E5C401087C
:10B47000002301461A46184601F048BE2DE9F04F58
:10B4800003690C69A34283B0C0F28780013C01F1DB
:10B490001405A30000F11408009355F8243058F85F
:10B4A0002420013381469A4208EB840005EB84078F
:10B4B0000190B2FBF3F63BD30023AE4640469B46D9
:10B4C0005EF804AB02681FFA8AFC06FB0C334FEAF5
:10B4D000134C4FEA1A4A06FB0ACA1FFA83FCABEB6D
:10B4E0000C0C1FFA8AF31CFA82FCC3EB124202EB2B
:10B4F0002C421FFA8CFC4CEA0243774540F8043B8F
:10B500004FEA224B4FEA1A43DAD2009B58F8033035
:10B5100073B9019B043B984504D307E0984504F1B7
:10B52000FF3403D253F80429002AF7D0C9F8104099
:10B53000484601F0D7FB00282BDB013640460023AC
:10B5400055F8041BD0F800C08AB29A1A0B0C12FAF4
:10B550008CF2C3EB1C4303EB224392B242EA034258
:10B56000AF4240F8042B4FEA2343E9D258F8242095
:10B5700008EB84036AB9043B984504D307E0984577
:10B5800004F1FF3403D253F80429002AF7D0C9F894
:10B590001040304603B0BDE8F08F002003B0BDE896
:10B5A000F08F00BF000000002DE9F04F2DED068B5D
:10B5B00095B08DED020B0191016C249D099259EC1F
:10B5C000108B0446069341B1426C4A6001239340BC
:10B5D0008B6001F025F900232364B9F1000AB4BFA0
:10B5E000012300232B607C4BBCBF2AF0004ACDF81E
:10B5F0000CA033EA0A0300F0B2809DED027B00222A
:10B6000051EC170BB0EE479AF0EE679A0023E5F77E
:10B61000BBFA074680B1069A01231360259B002BD5
:10B6200000F0DB826D481860431E0093009815B04F
:10B63000BDEC068BBDE8F08F12AA13A92046B0EE30
:10B64000490AF0EE690A01F015FCB0EE498AF0EE05
:10B65000698A5FEA1A56054640F09980DDE912765C
:10B660003E4406F23240202840F3AB83C0F1400054
:10B670000AFA00FA06F2124028FA00F04AEA00003C
:10B68000E4F7A0FF0123013E0D93A1F1F871544BA3
:10B690000022E4F759FE4AA3D3E90023E5F70CF8AA
:10B6A00049A3D3E90023E4F751FE8046304689469A
:10B6B000E4F798FF46A3D3E90023E4F7FDFF024631
:10B6C0000B4640464946E4F741FE80468946E5F789
:10B6D000EDFE00228346002340464946E5F75EFA28
:10B6E000002840F06D82BBF1160F00F25C823D4BEA
:10B6F00003EBCB03D3E9002351EC190BE5F74EFA2A
:10B70000002875D00023BE1B0C93731E0BF1FF3B6A
:10B71000049300F14F8200230893BBF1000F6EDA0F
:10B72000089BCDF814B0A3EB0B030893CBF10003F7
:10B730000B93019B092B4FF0000B69D8052B40F3AD
:10B740003E83043B01930026019B023B032B00F246
:10B750009986DFE813F04E044B0443042604069A4E
:10B7600042F20F73CAF3130A13605AEA08031DD199
:10B77000259B002B00F07D861B4B00930833259AF8
:10B780000098136015B0BDEC068BBDE8F08F18EE85
:10B79000903AC3F3130351EC190B43F07F510D970B
:10B7A000A6F2FF36129F41F4401170E7259B002B53
:10B7B00040F0DB830D4B009338E700BFAFF3008010
:10B7C00061436F63A787D23FB3C8608B288AC63FA7
:10B7D000FB799F501344D33F0000F07F491F0208BC
:10B7E0000000F83FB8200208701F02086C1F020812
:10B7F000BE1B731E049300F19A840C900890049B66
:10B800005B44CDE9043B00230B93019B092B95D9A5
:10B81000002301264FF0FF3201930A960792099305
:10B82000079B0F9300216164204600F0D3FF009036
:10B83000002800F02F86009B2364079B0E2B00F24C
:10B84000F980002E00F0F6800599002940F37184FC
:10B85000BD4B01F00F0203EBC2034FEA2118C905EB
:10B86000D3E9006740F10384B84B51EC190BD3E9DD
:10B870000823E5F74BF841EC180B08F00F084FF0E0
:10B88000030AB8F1000F13D0DFF8C09218F0010FCF
:10B8900009D030463946D9E90023E4F70DFF0AF113
:10B8A000010A06460F465FEA680809F10809EDD16A
:10B8B00051EC180B32463B46E5F728F841EC1A0BE1
:10B8C0000C9B5BB157EC1A6BA14B1AEE100A0022CD
:10B8D0003946E5F763F9002840F052855046E4F711
:10B8E00081FE53EC1A2BE4F7E7FE9A4B0022E4F7B3
:10B8F0002DFD079B8046A1F15079002B00F0F383CA
:10B90000059B1093079B0E930A9B002B00F0C084AD
:10B910000E9A8D4B9049DDF800A003EBC20353E96A
:10B9200002230020E4F7F2FF42464B46E4F70CFD09
:10B9300059EC1A8B41EC180B49461AEE100AE5F740
:10B94000B5FD0746E4F74EFE02460B461AEE100A16
:10B950004946E4F7F9FC30370AF8017B53EC182B21
:10B9600006460F46E5F71AF9002840F055854FF0D6
:10B9700000080AEE105ACDF844B055465BEC18ABFF
:10B9800008EE104A44462AE00E9B01349C424BDAF2
:10B99000724B504659460022E4F78EFE6F4B002250
:10B9A00082468B4630463946E4F786FE8946804615
:10B9B000E5F77CFD0746E4F715FE02460B464046D8
:10B9C0004946E4F7C1FC303705F8017B52465B4637
:10B9D00006460F46E5F7E2F8002840F018853246A3
:10B9E0003B465B490020E4F7AFFC52465B46E5F777
:10B9F000D5F80028C8D0109B009A0593AA4618EEE7
:10BA0000104A1AEE105A02E0924500F0EA84D1463C
:10BA10001AF8013D392BF7D00133DBB28AF8003038
:10BA2000059B01330593ABE1DDF844B01AEE105AE3
:10BA300018EE104A139B002BC0F29480059A0E2A30
:10BA400000F39080404B03EBC203D3E90089099BCC
:10BA5000002B1BDA079B002B18DC40F05D83404B6A
:10BA6000002240464946E4F727FE02460B4651ECC9
:10BA7000190BE5F79DF8DDF81CA05646002800F0EC
:10BA8000D082099BDDF80080DF43D2E242464B467C
:10BA900051EC190BE4F73AFFE5F708FD064683463B
:10BAA000E4F7A0FD42464B46E4F706FE0B4602468D
:10BAB00051EC190BE4F748FCDDF800A033463033B5
:10BAC0000AF8013B079B012B00F08E834FF0010B1E
:10BAD00008EE105A08EE904A1D465446DA461DE01C
:10BAE00042464B4630463946E4F710FFE5F7DEFCA8
:10BAF0008346E4F777FD42464B46E4F7DDFD0AF165
:10BB0000010A0B46024639463046E4F71DFC0BF1AC
:10BB10003003AA4504F8013B00F061830F4B00227B
:10BB2000E4F7CAFD0022002306460F46E5F72CF88D
:10BB30000028D5D0A24618EE105A18EE904A059B60
:10BB400001330593D1461BE1B8200208902002087A
:10BB50000000F03F00001C400000E03F00002440D7
:10BB6000000014400A9A002A3FD0019A012A40F3AB
:10BB70009C82079B03F1FF380B9B4345C0F26E820A
:10BB8000A3EB0808079B002BC0F26683049A1A44B3
:10BB90000492089A17461A4408920121204600F0A0
:10BBA000EDFE064625E00123BE1B0C93731E049395
:10BBB0007FF5B1ADC6F10103089300230493ACE512
:10BBC0005846E4F70FFD42464B46E4F7DDFF0028F8
:10BBD0007FF489AD0BF1FF3B85E5874B009300981F
:10BBE00015B0BDEC068BBDE8F08FDDF82C80089F0A
:10BBF0000A9E002F0CDD049A002A09DD0899BA423A
:10BC00001346A8BF3B46C91AFF1AD31A08910493DA
:10BC10000B9BDBB10A9B002B00F08282B8F1000F76
:10BC20000FDD31464246204600F084FF2A46014699
:10BC30000646204600F0D0FE29460546204600F084
:10BC4000EFFD0B9BB3EB080240F00083012120467F
:10BC500000F094FEBBF1000F824600F3B780019B19
:10BC6000012B40F386814FF000080120BBF1000F4B
:10BC700040F0B880049A104410F01F0000F0968045
:10BC8000C0F12003042B40F3F883089BC0F11C0093
:10BC900003440244089307440492089B002B05DDEB
:10BCA00029461A46204600F0A5FF0546049B002BB6
:10BCB00005DD51461A46204600F09CFF82460C9B4B
:10BCC000002B40F03781079B002B40F31E810A9B1D
:10BCD000002B40F0A180059B01330593DDF8008027
:10BCE000DDF81C90012707E0294600230A222046A0
:10BCF00000F0A0FD0137054651462846FFF7BEFB80
:10BD00004F4500F1300008F8010BEDDB079A002ADF
:10BD1000C8BF9346009AD8BF4FF0010B0346934427
:10BD20000027294601222046019300F063FF514677
:10BD3000054600F0D7FF002840F3A5811BF8013C21
:10BD4000009A0BF1FF3B04E05A4500F0A7811BF875
:10BD5000013D392B0BF10109F6D001338BF800308E
:10BD60005146204600F05CFD56B12FB1B74203D0DA
:10BD70003946204600F054FD3146204600F050FD83
:10BD80002946204600F04CFD002389F80030DDE90B
:10BD900005231A60259B002B3FF448AC0098C3F89C
:10BDA000009015B0BDEC068BBDE8F08F1C20089B01
:10BDB00003440893049B0344074404936DE701265E
:10BDC000C2E4C0F1200008FA00F059E401465A46E6
:10BDD000204600F0AFFE019B012B824640F3D58147
:10BDE0004FF00008DAF810300AEB8303186900F00E
:10BDF00075FDC0F120003DE7481F020831460023D1
:10BE00000A22204600F016FD0F9B002B064640F349
:10BE10002383CDF814900793002F00F31881B8F115
:10BE2000000F40F0FC81B046029B009F079903F091
:10BE300001027B1E1944019B0A9213430891099346
:10BE400051462846FFF71AFB31468346284600F044
:10BE500049FF424651468146204600F065FFC268D0
:10BE600001460BF13003002A42D104902846079383
:10BE700000F038FF04990290204600F0D1FC029AAD
:10BE8000079B1AB90999002900F0D682B9F1000F71
:10BE9000C0F28781019949EA01090A9951EA090129
:10BEA00000F07F81002A00F3E781089A3B7007F1D8
:10BEB00001099742CB4600F0E581294600230A227A
:10BEC000204600F0B7FC4645054631464FF00003DA
:10BED0004FF00A02204612D000F0ACFC4146064664
:10BEE00000230A22204600F0A5FC4F468046A7E723
:10BEF0002046029300F094FC029B0122C6E700F06A
:10BF000099FC4F46064680469AE7019B022B77DC58
:10BF10000A9B002B80D1059B51460133284605938F
:10BF2000FFF7ACFADDF800B000F130030BF8013B8D
:10BF30000027F6E65146284600F0D4FE0028BFF65A
:10BF4000C2AE294600230A22204600F073FC059B5E
:10BF500003F1FF390A9B0546002B7FF44FAF0F9B7F
:10BF6000002B40F370820793B8E6BD4B0093033378
:10BF700005E4DDE9021200297FF475AEC2F3130374
:10BF8000002B7FF470AEB74B1340002B00F03D82C6
:10BF9000089B01330893049B013304934FF001087D
:10BFA00063E601230A93099B059A13440F93013317
:10BFB000012B1F460793B8BF01270021172F61648B
:10BFC0007FF732AC012204235B0003F11400B84276
:10BFD000114602F10102F7D9616425E401230A93B5
:10BFE000099F002F4ADD0F970797E6E700230A9382
:10BFF000D9E700230A93F3E70F9BCDF8149007933A
:10C00000079B002B7FF43DAD51460522204600F0F2
:10C0100011FC01468246284600F064FE00287FF7A6
:10C0200030AD0098059F3123804600F8013B013771
:10C0300000905146204600F0F3FB7B1CDDF8009099
:10C040000593CDF80080002E7FF496AE98E6314639
:10C050003A46204600F0CEFD0646E0E60B9BCDF8C2
:10C060002C80A8EB03039B444FF000088AE54FF0B7
:10C07000020AB0EE498AF0EE698A02E401230993CC
:10C080000793FFF7CDBB03D1019BDB073FF556AE0E
:10C09000D9461BF8013D302BFAD061E6059B009A8A
:10C0A00001330593312313705AE60D9A002A00F0EC
:10C0B000638103F23343049ADDF82C801A4404921E
:10C0C000089A17461A44089267E55046E4F78AFA38
:10C0D00053EC1A2BE4F7F0FA634B0022E4F736F93D
:10C0E0008046A1F15079614B002251EC1A0BE4F724
:10C0F0002BF942464B4606460F46E4F76DFD0028F5
:10C1000040F07F8130463946424609F10043E4F76A
:10C1100045FD00283FF48EAC4FF0000A5646B0E4CF
:10C1200029460B9A204600F005FD05468EE50C9049
:10C1300040E500F04E81059A4D4B564206F00F0245
:10C1400003EBC203D3E9002351EC190BE4F7B4FA73
:10C15000361141EC1A0B00F08881464F00234FF056
:10C16000020AF20706D5D7E90023E4F7A5FA0AF197
:10C17000010A0123761007F10807F2D1002B3FF4E2
:10C180009FAB41EC1A0BFFF79BBB029B002B7FF48C
:10C1900027AEDDE90212C2F31303002B3FF4F3AE26
:10C1A0001EE6002A12DD294601222046019300F0F6
:10C1B00021FD5146054600F095FD0028019B40F306
:10C1C0003581392B00F013810BF13103B94609F8A1
:10C1D000013B059B0133374605934646C0E5A24621
:10C1E00018EE105A18EE904A02460B46E4F7AEF8E5
:10C1F00042464B4606460F46E4F7EEFC60B942461F
:10C200004B4630463946E4F7BFFC00283FF497AC74
:10C210005FEACB717FF593AC009AFFF7F8BB7168CA
:10C22000204600F0D7FA0746002800F03A8133692B
:10C2300002339A0006F10C010C30E4F7B7FF3946DF
:10C240000122204600F0D6FC8046EDE52946204636
:10C2500000F070FC0546F9E4DDE907239F1A9CE431
:10C260006C1F02080000F07F00001C40000014401A
:10C27000B820020890200208392B00F0B880B94697
:10C280000133A4E7059A013237460592464648E550
:10C290000E988D4901EBC00142464B4651E902011F
:10C2A000E4F70AFA5AEC1A9B41EC180B51461AEEC5
:10C2B000100AE5F7FBF80746E4F794F902460B4647
:10C2C0001AEE100A5146E4F73FF806460E98DDF8DC
:10C2D00000803037012808F8017B0F4600F0BA8053
:10C2E0000E9B009ACDF838B013449B46C246774B5C
:10C2F000002230463946E4F7DFF989468046E5F703
:10C30000D5F80746E4F76EF9303702460B4640464B
:10C310004946E4F719F80AF8017BDA4506460F4664
:10C32000E5D1DA46DDF838B0694B59EC188B0022BC
:10C3300018EE100A4946E4F709F832463B46E4F79E
:10C340002DFC00286DD118EE102A4B4660490020C4
:10C35000E3F7FAFF32463B46E4F73EFC00283FF4A1
:10C3600069ABD1460AF1FF3A19F8013C302BF8D0FD
:10C37000109B0133059303E5129BC3F136039AE644
:10C38000079B002B3FF4A1AE0F9B002B7FF752AB16
:10C39000059A0E93013A4D4B10921AEE100A394647
:10C3A0000022E4F789F9024616460F460AF1010019
:10C3B000E4F718F932463B46E4F77EF9454B002294
:10C3C000E3F7C4FF47EC1A6B8046A1F15079FFF701
:10C3D0009BBA4FF0020AB0EE49AAF0EE69AAFFF745
:10C3E0006FBA059B013305933123FFF717BB059BFC
:10C3F000BB4601330593392337460BF8013B4646CC
:10C400009EE44FF0000A56460BE698462DE4AA46F5
:10C4100018EE104A1AEE105A109B01330593D146BC
:10C42000AEE4109B009A0593FFF7F1BA7FF4CEAE0D
:10C43000DA077FF5CBAEC4E6392BD8D0B9F1000FBF
:10C440003FF7C2AEC2E6019B022B3FF7D5ADCDF858
:10C45000149060E5C24667E7019B022B3FF7CCAD25
:10C460000F9BCDF814900793D6E44FF0020AFFF724
:10C4700027BA194B0093FFF7D9B83FF40EACC0F1BF
:10C480003C0094E4002666643146204600F0A2F9A0
:10C49000009068B9114B124800224FF4D57100F09A
:10C4A0007BFE0E4B0E483A4640F2EA2100F074FE45
:10C4B000009B236401224FF0FF3309960F930A92E9
:10C4C0000793FFF7B7BA00BFB82002080000244066
:10C4D0000000E03F00001C40701F02087C1F0208A3
:10C4E000901F020838B5084B084D5B1B9C1007D005
:10C4F000043B1D44013C55F804399847002CF9D100
:10C50000BDE8384004F06ABB24270208202702084F
:10C51000F8B5244F0C460646FDF790F9BA68556801
:10C52000C4F57E630F3325F003052B4423F47F63AA
:10C5300023F00F03A3F58054B4F5805F07DB0021DF
:10C540003046FDF7F3F9BB682B44984204D03046DF
:10C55000FDF77AF90020F8BD61423046FDF7E6F9B3
:10C5600001300DD0104ABB682D1B45F001055D6000
:10C57000136830461B1B1360FDF766F90120F8BDF8
:10C5800000213046FDF7D2F9BA68831A0F2BDEDDA1
:10C5900043F001035360054B03491B68C01A086050
:10C5A000D5E700BFA8090024F06F0324B00D0024D4
:10C5B000002961D0F8B50C460646FDF73FF954F85E
:10C5C000042C7B4FA4F1080522F0010105EB010CBE
:10C5D000B868DCF80430604523F0030300F08B807A
:10C5E000D207CCF8043032D454F8082CAD1A1144D8
:10C5F000AA6807F1080082426AD00CEB0304D4F861
:10C6000004E0EC68D4601EF0010FA26000F0978097
:10C6100041F001036B60CCF80010B1F5007F35D21A
:10C620007A68CB08480901210133814011437960C0
:10C6300007EBC30257F83310083AC5E9021247F86E
:10C640003350CD603046BDE8F840FDF7FDB80CEB47
:10C6500003025268D00710D4194407F10800DCF82F
:10C660000830834273D0DCF80C20DA60936041F02C
:10C6700001036B606950D0E7704741F00103B1F5E9
:10C68000007F44F8043CCCF80010C9D3B1F5206F0A
:10C690004FEA512348D28B0903F1390003F13802E4
:10C6A000C300F818FB580838984259D05A6822F04D
:10C6B00003028A4202D99B689842F7D1D868C5E93B
:10C6C00002308560DD603046BDE8F840FDF7BCB85B
:10C6D0000CEB03025268D20763D40B44DCE902126C
:10C6E000CA60916043F001026A603046EB50BDE8D9
:10C6F000F840FDF7A9B80B44D10707D454F8082C2B
:10C70000AD1A1344D5E90212CA60916043F00102E8
:10C710006A60284ABD6012689A4293D8264B304618
:10C720001968FFF7F5FE8DE7142B0AD9542B1FD893
:10C730000B0B03F16F0003F16E02C300B1E7194464
:10C740008DE703F15C0003F15B02C300A9E741F050
:10C750000103C7E90455C5E902006B60695071E740
:10C7600079689210012404FA02F20A437A60A6E77B
:10C77000B3F5AA7F06D8CB0B03F1780003F177025B
:10C78000C3008EE740F25452934206D88B0C03F15B
:10C790007D0003F17C02C30083E74FF47E737E22A9
:10C7A0007FE741F001036B60CCF800104AE700BF5F
:10C7B000A8090024B40D0024207003240048704709
:10C7C000AC0E0024704700BF704700BF704700BF29
:10C7D000704700BFC36C70B505460C464BB153F8AB
:10C7E000240080B1026843F824200023C0E9033309
:10C7F00070BD2122042100F0EFFC0346E86400280C
:10C80000EDD1002070BD012101FA04F6721D9200E5
:10C81000284600F0E1FC0028F3D0C0E90146E4E737
:10C8200031B1C36C4A6853F82200086043F8221003
:10C83000704700BFF0B50C69064683B00D4601F1A4
:10C84000140E0020DEF800101FFA81FC02FB0C33EE
:10C850004FEA134C090C02FB01CC01309BB203EBF5
:10C860000C4384424EF8043B4FEA1C43EADC3BB1E4
:10C87000AA68A24207DD05EB8402013453612C61F2
:10C88000284603B0F0BD6968019301313046FFF7D7
:10C89000A1FF019B0746B8B12A690193023205F155
:10C8A0000C0192000C30E4F781FCF26C6968019B8A
:10C8B00052F82100286042F821503D4605EB8402E1
:10C8C000013453612C61DBE7024B03483A46B52142
:10C8D00000F062FC7C1F020810200208030C1B04FD
:10C8E000D3B90004102310F07F4F04BF00020833B7
:10C8F00010F0704F04BF0001043310F0404F04BF2C
:10C9000080000233002805DB10F0804F03F10103A3
:10C9100008BF2023184670470023E4E7036813F09C
:10C920000702014607D0DA071FD4980721D55B0814
:10C930000B600120704798B2A0B11046DAB20AB974
:10C9400008301B0A1A0704BF1B0904309A0704BFEA
:10C950009B080230DA0703D45B0800F1010006D01F
:10C960000B6070471B0C1020E8E700207047202068
:10C9700070479B080B600220704700BF38B5C36C3E
:10C9800004460D464BB15868B0B102685A600022A7
:10C990000123C0E90435C26038BD2122042100F022
:10C9A0001BFC0346E0640028EDD1094B0948002236
:10C9B0004FF4A07100F0F0FB1C220121204600F092
:10C9C0000BFC0028F1D001220223C0E90123DEE79D
:10C9D0007C1F0208102002082DE9F04F0E6915692E
:10C9E000AE4285B08846144605DB2A4623463546C6
:10C9F0000C4616469846A3686168AF19BB42B8BF9B
:10CA00000131FFF7E7FE0190002800F08780019BCD
:10CA100003F1140909EB870AD14505D24B460022E0
:10CA200043F8042B9A45FBD808F1140808EB860B51
:10CA300004F11403D8451A4603EB85055FD22B1B7E
:10CA4000153B23F0030304331534A54238BF0423F8
:10CA5000CDE902A7AC461F46924605E0000C29D15D
:10CA6000C34509F1040948D958F8040B85B2002DD3
:10CA7000F4D056464C46002356F8040B216882B287
:10CA80001FFA81FE05FB02EE000C0A0C734405FB45
:10CA9000002202EB13429BB243EA0243B44544F83E
:10CAA000043B4FEA1243E7D849F8073058F8040C22
:10CAB000000CD5D0D9F80030544619464D46002216
:10CAC0002688090C00FB06110A449BB243EA024384
:10CAD00045F8043B54F8046B2968360C8BB200FB14
:10CAE000063303EB1243A4454FEA1342E8D8C3458B
:10CAF00049F8073009F10409B6D8DDE902A7002F8B
:10CB000002DC05E0013F03D05AF8043D002BF9D0C8
:10CB1000019B18461F6105B0BDE8F08F034B044828
:10CB2000019A40F25D1100F037FB00BF7C1F020844
:10CB30001020020812F003032DE9F04114460646C6
:10CB400032D10D46A41020D0D6F84880B8F1000F9D
:10CB500033D0E3074FF0000707D4641015D0D8F89E
:10CB60000000A8B18046E307F7D542462946304683
:10CB7000FFF732FFB5B16968F36C641053F82120F8
:10CB80002A6043F821500546E9D12846BDE8F081E6
:10CB9000424641463046FFF71FFFC8F800000760D5
:10CBA0008046E0E70546D8E7013B0F4A52F82320CC
:10CBB0000023FFF73FFE0546C4E701213046FFF79B
:10CBC00009FE804640B1012340F27122C0E90432DF
:10CBD0000023B0640360BCE7044B054842464FF4B1
:10CBE000A07100F0D9FA00BF802102087C1F020862
:10CBF000102002082DE9F0470C4690462669A368EC
:10CC0000496806EB6216751C9D4207464FEA621999
:10CC100004DD5B009D4201F10101FADC3846FFF7BB
:10CC2000D9FD8446002851D0B9F1000F00F114005D
:10CC30000EDD09F105024FEA820E03460CEB82027B
:10CC4000002143F8041B9342FBD1AEF114031844B6
:10CC5000216904F1140318F01F0803EB81012DD0A2
:10CC6000C8F1200986464FF0000A1A6802FA08F255
:10CC700042EA0A024EF8042B53F8042B994222FA96
:10CC800009FAF2D80B1B153B23F00303043304F11C
:10CC90001502914238BF0423BAF1000F18BF2E4687
:10CCA00040F803A0FB6C6268CCF8106053F82210C7
:10CCB0002160604643F82240BDE8F087043853F80D
:10CCC000042B40F8042F9942F9D8EBE7034B0448B2
:10CCD000624640F2D91100F05FFA00BF7C1F0208E3
:10CCE000102002080B6984460069C01A16D10CF1A5
:10CCF000140C14310CEB830210B401EB830301E03C
:10CD0000944508D252F8044D53F8041D8C42F7D0D4
:10CD100005D24FF0FF305DF8044B7047704701209B
:10CD20005DF8044B704700BF2DE9F84F0F69136998
:10CD3000FF1A002F0E4690467AD101F114051432E5
:10CD400002EB830205EB830301E09D4273D253F8AB
:10CD5000041D52F8044DA142F7D064D37168FFF767
:10CD600039FD8146002872D03569D8F81020C76097
:10CD700008F1140E06F1140009F1140A06F1100C62
:10CD80000EEB820200EB8507564600215EF8044B4D
:10CD90005CF804BFA3B211FA8BF1CB1A210CC1EBE2
:10CDA0001B4101EB23419BB243EA0143724546F824
:10CDB000043B4FEA2141E9D8A2EB0804153C08F1F5
:10CDC0001508424524F0030606F1040638BF042680
:10CDD000304424F0030238BF002287425244B24458
:10CDE00016D95646044654F8043B11FA83F10A1446
:10CDF00002EB134289B241EA0243A74246F8043BE0
:10CE00004FEA2241EFD87A1E101A20F00302524452
:10CE100023B952F8043D013D002BFAD0C9F8105057
:10CE20004846BDE8F88F334601274646984695E7C1
:10CE3000F9DB002792E70021FFF7CCFC814668B1BF
:10CE400001220023C9E904234846BDE8F88F074BB7
:10CE500007484A464FF4107100F09EF9034B04480E
:10CE60004A4640F2322100F097F900BF7C1F0208C9
:10CE7000102002082DE9F043884683B0012157ECC9
:10CE8000106B1546FFF7A6FC044600284FD0C7F3E9
:10CE90000A59C7F31303B9F1000F01D043F480130B
:10CEA000002E019324D068460096FFF737FD002836
:10CEB00039D0DDE90013C0F1200203FA02F20A437F
:10CEC000C34062610193002B14BF02220122A361BF
:10CED0002261B9F1000F16D0A9F233430344C0F127
:10CEE0003500C8F800302860204603B0BDE8F08364
:10CEF00001A8FFF713FD019B63610122203022612D
:10CF0000B9F1000FE8D104EB8203A0F23240C8F877
:10CF100000001869FFF7E2FCC0EB421028602046D1
:10CF200003B0BDE8F083009B6361019BCBE7034B3B
:10CF30000348224640F20A3100F02EF97C1F020815
:10CF40001020020853EC102B70B5164E23F0004150
:10CF50000025B1420446056021DC10EE106A0E4344
:10CF60001DD0114E1E40184666B91946002210EE1B
:10CF7000100A0E4BE3F7A0FB6FF03505024608469A
:10CF800021F0004120F0FF40091520F4E000A1F25B
:10CF9000FE3140F07F53294443F40013216043ECF9
:10CFA000102B70BDFFFFEF7F0000F07F00005043AB
:10CFB00030B540EA0104A30701D1032A0FD8844603
:10CFC00001F1FF3E07E01EF8011F03F8011B541E8C
:10CFD000C1B19C4622466346002AF4D130BD0B46BF
:10CFE0008446194653F8045BA5F1013424EA05048C
:10CFF00014F0803FE4D1043A032A4CF8045B19464C
:10D00000EFD8DDE76244002CE8D003F8011B93421F
:10D01000FBD130BD2DE9F04F936883B09146002BD2
:10D020006ED017688D6880460C460868083744E063
:10D03000A38913F4906F2ED0D4E90415A0EB010A54
:10D0400005EB450505EBD5750AEB06006D100130C3
:10D05000A8422A4684BF05462A465B0537D51146B5
:10D060004046FCF7E9F800283BD052462169019080
:10D07000E4F79CF8A289019B22F4906242F08002BE
:10D08000A281A5EB0A0203EB0A006561A26023619D
:10D0900020603546B2465946524600F009F9A0686C
:10D0A000D9F808102368451B8E1B03EB0A00A56006
:10D0B0002060C9F808601EB3083757E902B6002E91
:10D0C000FAD0B542AA46B3D93546B246E3E7404660
:10D0D00000F06AF903460028D3D121694046FFF7E2
:10D0E00067FA0C23C8F80030A389002243F04003FC
:10D0F0004FF0FF30A381C9E9012203B0BDE8F08FF2
:10D100000020C9F8040003B0BDE8F08F2DE9F04716
:10D11000DFF880A00646DAF8000098460F469146F0
:10D12000FFF754FB1A4B1B68D3F8484124B36568DA
:10D130001F2D26DC5EB96B1C0235DAF80000636037
:10D1400044F82570FFF744FB0020BDE8F08704EBAE
:10D1500085010123C1F88890D4F88821AB401A4397
:10D16000022EC4F88821C1F80881E4D1D4F88C21BA
:10D170001343C4F88C31DEE703F5A674C3F84841C5
:10D18000D5E7DAF80000FFF723FB4FF0FF30DCE7CC
:10D19000041F0208B80D002400B50B4C2568144686
:10D1A000EE681A4685B003460D464CB10749009516
:10D1B000CDE901143046064900F04AF801F0D2FAF0
:10D1C00004490C46F3E700BF7C0500248C210208CB
:10D1D0009C2102089821020838B5A1FB02148CBBDF
:10D1E000FCF72AF80546E0B150F8042C22F00302BF
:10D1F000043A242A17D8132A1AD91B2AC0E9004452
:10D200001DD9242A14BF00F1100200F118024FF0BA
:10D210000003C0E9024404BF04614461C2E9003371
:10D220009360284638BD2146FCF7B6FA284638BD3B
:10D2300002460023C2E900339360284638BD00F15E
:10D240000802F6E7FBF7C6FF0C2300250360E8E7BA
:10D250000EB410B583B005AB064C53F8042B019304
:10D260000146206800F0C8FA03B0BDE8104003B0E2
:10D27000704700BF7C050024014B93F828017047DC
:10D28000BC0D002482B049B15AB16BB113780B6068
:10D290001278101E18BF012002B0704701A9002AA1
:10D2A000F3D1104602B070476FF00100F4E700BF01
:10D2B00088420DD98B1883420AD900EB020CBAB10F
:10D2C000624613F801CD02F801CD9942F9D17047B9
:10D2D0000F2A0ED8034602F1FF3C4AB10CF1010CB3
:10D2E000013B8C4411F8012B03F8012F6145F9D162
:10D2F000704740EA01039B0750D1A2F1100370B5BB
:10D3000001F1200C23F00F0501F1100E00F11004C3
:10D31000AC441B095EF8105C44F8105C5EF80C5CD1
:10D3200044F80C5C5EF8085C44F8085C5EF8045C49
:10D3300044F8045C0EF1100EE64504F11004E9D146
:10D34000013312F00C0F01EB031102F00F0400EB9C
:10D35000031327D0043C24F003064FEA940C1E4428
:10D360001C1F8E465EF8045B44F8045FB442F9D19A
:10D370000CF1010402F0030203EB840301EB8401CE
:10D3800002F1FF3C4AB10CF1010C013B8C4411F855
:10D39000012B03F8012F6145F9D170BD02F1FF3C6B
:10D3A00003469BE72246EBE72DE9F84F1746002995
:10D3B00000F0988007F10B0580460C46FCF73EFA1A
:10D3C000162D5DD810252A46AF425ED854F8041CAD
:10D3D00021F003069642A4F1080962DABC4BD3F8A7
:10D3E00008C009EB0600844500F09780D0F804C01F
:10D3F0002CF0010303445B68DB0768D42CF0030CBA
:10D4000006EB0C03934247DACB0710D454F8083CE0
:10D41000A9EB030ADAF8043023F003018C44B44486
:10D42000944580F211817318934280F2E880394666
:10D430004046FBF701FF0746E0B154F8043C23F0F7
:10D4400001034B44A0F10802934200F0D280321F46
:10D45000242A00F2F580132A00F2AC80034622460B
:10D46000116819605168596092689A602146404677
:10D47000FFF79EF84046FCF7E7F93846BDE8F88F1D
:10D4800025F00705002D2A469EDA0C23C8F8003047
:10D4900000273846BDE8F88F1E46D0E90223D36046
:10D4A0009A60731B0F2B22D8D9F8043003F00103C4
:10D4B00033434E44C9F80430736843F0010373608A
:10D4C00040462746FCF7C0F93846BDE8F88FC90743
:10D4D000ADD454F8083CA9EB030ADAF8041021F0A3
:10D4E0000301A0E7BDE8F84F1146FBF7A5BED9F848
:10D4F000041001F001012943C9F8041009EB0501EA
:10D500004E4443F001034B60736843F0010308315C
:10D5100073604046FFF74CF8D2E7DCF8040020F0D7
:10D52000030B06EB0B0C05F1100084454DDAC9071F
:10D530003FF57DAF54F8081CA9EB010ADAF8041096
:10D5400021F003018B44B34458453FF76CAF574675
:10D55000DAF80C1057F8080F321F242AC1608860CF
:10D5600000F2DB80132A40F2D6802168CAF8081046
:10D570006168CAF80C101B2A00F2DF8008340AF137
:10D5800010022168116061685160A16891600AEB26
:10D590000501ABEB050242F0010299604A60DAF83E
:10D5A000043003F001031D434046CAF80450FCF761
:10D5B0004BF96EE723680360636843601B2A68D8F1
:10D5C00004F1080200F108034AE709EB05029A603A
:10D5D000ACEB050343F00103536054F8043C03F043
:10D5E00001031D43404644F8045CFCF72DF927462F
:10D5F0004FE750F8043C23F003031E4451E757461D
:10D60000DAF80C1057F8080F321F242AC16088601E
:10D610004CD8132A48D92168CAF808106168CAF89A
:10D620000C101B2A56D808340AF110021E46236833
:10D63000136063685360A3689360D1463C4630E74B
:10D640002146FFF735FE11E7D0E902135746CB60BC
:10D65000996057F8081FDAF80C30CB60321F242A83
:10D6600099602DD8132A29D92368CAF8083063682D
:10D67000CAF80C301B2A42D808340AF11003226879
:10D680001A6062685A60A2689A606646D1463C4653
:10D6900007E7A3688360E368C360242A26D004F107
:10D6A000100200F11003DBE63A46BFE72146384698
:10D6B0001E46D146FFF7FCFD3C46F2E63B46DEE760
:10D6C000214638466646D146FFF7F2FD3C46E8E67D
:10D6D000A8090024A168CAF81010E168CAF814105B
:10D6E000242A20D010340AF118029FE7236903612D
:10D6F0006169416104F1180200F11803B0E6A36802
:10D70000CAF81030E368CAF81430242A21D0103443
:10D710000AF11803B3E73A4633E721463846FFF7E4
:10D72000C7FD164B33E72269CAF818206269CAF8A8
:10D730001C2018340AF1200278E7A168CAF81010FA
:10D74000E168CAF81410242A0DD010340AF1180226
:10D7500017E72369CAF818306369CAF81C3018340F
:10D760000AF120038BE72269CAF818206269CAF817
:10D770001C2018340AF1200203E700BFA809002486
:10D780002DE9F84F4B6E9C0490462DD59368126896
:10D7900043B38B46064602F1080959E9025A5FEA8B
:10D7A0009A0715D0043D002401E0A7420ED055F899
:10D7B000041F5A46304601F08FF9431C04F101045E
:10D7C000F3D10023C8E90133BDE8F88FD8F8083059
:10D7D0002AF0030AA3EB0A03C8F8083009F1080984
:10D7E000002BDAD10020ECE701F0AAF90023C8E908
:10D7F0000133BDE8F88F00BF2DE9F04F2DED028B0E
:10D80000BBB008EE101A08EE900A1C4617460393A8
:10D8100018B1836B002B00F09C8218EE102A536E17
:10D82000DE0740F19E81B2F90C108AB2900409D44F
:10D8300041F4005218EE101A4B6E8A8123F4005303
:10D8400092B24B66110740F1F88018EE103A1B694E
:10D85000002B00F0F28002F01A030A2B00F0FE8089
:10D8600011AB0E930023CDE90F33CDE908330693B6
:10D870000DF14409079302933B78002B00F05B8184
:10D880003C4604E014F8013F002B00F03481252BC6
:10D89000F8D1E51B40F031812378002B00F04B815B
:10D8A0004FF0000300258DF83330671C6378019535
:10D8B0004FF0FF3B2B240137A3F120025A2A00F23C
:10D8C0006181DFE812F0AB025F015F01A7025F0137
:10D8D0005F015F016A005F015F0149027E025F0133
:10D8E0005402B9025F01B5025B005B005B005B00A4
:10D8F0005B005B005B005B005B005F015F015F0141
:10D900005F015F015F015F015F015F01360284001B
:10D910005F015F015F015F015F015F015F015F0107
:10D920005F015F01E5005F015F015F011A025F01B6
:10D930006C025F015F014C055F015F015F015F01E8
:10D940005F015F015F015F015F015F0136028600D9
:10D950005F015F015F016202860080005F01580283
:10D960005F019402E700820280005F011A027E00DC
:10D970006C055F015F016E055F017E00A3F130025F
:10D98000002117F8013B01EB810102EB4101A3F1FA
:10D990003002092AF5D901918EE718EE900AFEF7B8
:10D9A0000DFF436808931846E3F7AAFC0990064662
:10D9B00018EE900AFEF702FF83680793002E40F0EE
:10D9C000A9843B7877E73B7845F0200573E745F07D
:10D9D0001005AC06039E40F18281073626F007064B
:10D9E0003246736852F8086B03929846002BC0F2D7
:10D9F0005984BBF1FF3F00F03E8556EA080325F04D
:10DA0000800A00F034840A2E78F1000380F0EB8461
:10DA1000303601238DF8E760554600930DF1E70499
:10DA2000009A9DF833305A45B8BF5A469046002BAD
:10DA300000F0B78002F10108B3E018EE101A18EEFA
:10DA4000900A18EE105A00F023FE002840F0AC8532
:10DA5000AA8902F01A030A2B7FF402AF18EE101AFB
:10DA6000B1F90E30002BFFF6FBAE4B6EDE0702D491
:10DA7000950540F1778518EE101A18EE900A2346A6
:10DA80003A463BB0BDEC028BBDE8F04F00F0B2BDB2
:10DA900045F0100515F0200800F01281039E0736AE
:10DAA00026F007063346D6F8048053F8086B039334
:10DAB00025F4806A00234FF000028DF83320BBF17B
:10DAC000FF3F00F0D38156EA08022AF0800540F0BB
:10DAD000CC81BBF1000F40F0D184002B40F0CC830F
:10DAE0001AF00103009300F0FC8330238DF8E73037
:10DAF0000DF1E70494E7E51B1DD00F9B109A01334D
:10DB00002A44072BC9E9007510920F9305DC09F12F
:10DB10000809029B2B440293BEE6002A00F0A3836F
:10DB200018EE101A18EE900A0EAAFFF729FE40B957
:10DB30000DF14409EDE7109B002B40F024850023F4
:10DB40000F9318EE102A536ED90740F1AE809389D7
:10DB50005B0600F1328502983BB0BDEC028BBDE85C
:10DB6000F08FB2F90C108D0518EE103A8AB23FF51D
:10DB70005DAE18EE105A986DFEF728FEB5F90C1040
:10DB80008AB253E6002BD6D08DF884304FF00108CE
:10DB90004FF000038DF83330CDF8008021AC4FF00A
:10DBA000000B15F00203049318BF08F1020815F0EA
:10DBB0008403059305D1019BA3EB0806002E00F317
:10DBC0007F82DDE90F21501C9DF833608EB10DF18D
:10DBD00033020131C9F8002007284FF00102CDE9D6
:10DBE0000F01C9F8042000F34C82024609F108092C
:10DBF0000130049BEBB10DAB0231C9F800300728AE
:10DC00004FF00203CDE90F01C9F8043040F353820D
:10DC1000002900F0238318EE101A18EE900A0EAABD
:10DC2000FFF7AEFD00288CD1DDE90F210DF144098D
:10DC3000501C059B802B00F05A81009BABEB030628
:10DC4000002E00F3BD81009BC9F80040194407284D
:10DC5000CDE90F01C9F8043040F34681002900F0F6
:10DC6000898218EE101A18EE900A0EAAFFF788FDA6
:10DC700000287FF466AF10990DF14409680705D5B7
:10DC8000019BA3EB0804002C00F37E82DDE9012355
:10DC90004245ACBF9B1843440293002940F0E08109
:10DCA00000230F930DF14409E6E593899A053FF5AA
:10DCB0004FAF18EE104AA06DFEF78AFDA38947E723
:10DCC00015F0100340F03E8315F0400200F0FD8394
:10DCD000039A52F8046B03929846B6B2E8E656F8F7
:10DCE000043B0396E80600F10883690640F10283CD
:10DCF00043F3C0381EB2434678E6039E56F8044B01
:10DD00004FF000038DF83330002C00F0C583BBF1D9
:10DD1000FF3F00F049835A4600212046E3F760FBAD
:10DD2000002800F02484031B009303964FF0000B9F
:10DD300076E6039E4FF000038DF833304FF0010874
:10DD400056F8043B8DF884300396CDF8008021AC62
:10DD500025E700F0DBFD60E5039B53F8042B0192FF
:10DD6000002A80F2BA82019A0393524201923B78D0
:10DD700045F004059FE53B786C2B03BF7B7845F0AD
:10DD80002005013745F0100595E53B78682B03BF6A
:10DD90007B7845F40075013745F040058BE545F08B
:10DDA000100A1AF0200800F06E82039E073626F053
:10DDB00007063346D6F8048053F8086B0393012313
:10DDC00079E63B788DF8334075E5039B53F8046B97
:10DDD000039330238DF8343078238DF83530C24BDF
:10DDE000069345F0020A4FF00008022363E6AE06F0
:10DDF00000F19E82EC0600F14783680600F1A483DF
:10DE0000A90540F14183039E029A56F8043B03960C
:10DE10001A7031E53B7845F001054CE59DF833304B
:10DE2000002B7FF4CEAD20238DF833303B7842E5D4
:10DE30003B7845F080053EE5394611F8013B2A2B39
:10DE400000F0C483A3F13002092A0F464FF0000B03
:10DE50003FF632AD17F8013B0BEB8B0B02EB4B0B94
:10DE6000A3F13002092AF5D926E5AA46012B3FF491
:10DE7000CAAD022B3AAC12D1069A06F00F0336094E
:10DE8000D35C04F8013D46EA08764FEA181856EAD2
:10DE90000803F2D13AAB1B1B55460093C0E506F0D0
:10DEA0000703F60846EA48764FEAD808303356EAC0
:10DEB0000801224604F8013DF1D11AF0010FE9D022
:10DEC000302BE7D03023023A04F8013C3AAB9B1ADE
:10DED000554600931446A3E500991194012312912D
:10DEE00010910F930DF1440909F10809C6E6019B51
:10DEF000A3EB0806002E7FF7A0AE102E40F362833E
:10DF0000DFF8E8A15346CDE90445BA4618EE904A39
:10DF100018EE105A084696461F4607E00EF1020C0E
:10DF200009F108099646103E102E1FDD0EF1010280
:10DF300010301023072ACDE90F20C9F80070C9F866
:10DF40000430EBDD0EAA002800F09580294620461B
:10DF50000DF14409FFF714FC00287FF4F2ADDDE970
:10DF60000FE0103E102E0EF1010CDFDCDDE9044560
:10DF70003B46014657469A463144BCF1070FCDE96E
:10DF80000FC1C9F800A0C9F8046040F3AD810029B1
:10DF900000F0CA8218EE101A18EE900A0EAAFFF7C7
:10DFA000EFFB00287FF4CDAD009BDDE90F21ABEB4B
:10DFB0000306002E02F101000DF144097FF743AE84
:10DFC000102EDFF828A137DD5346CDE90445BA46C7
:10DFD00018EE904A18EE105A4FF0100B084694466F
:10DFE0001F4607E00CF1020E09F108099446103EA5
:10DFF000102E1ADD0CF101021030072AC9E9007B4E
:10E00000CDE90F20EEDD0EAA20B3294620460DF102
:10E010004409FFF7B5FB00287FF493ADDDE90FC09D
:10E02000103E102E0CF1010EE4DCDDE904453B4608
:10E030000146574670469A4631440728CDE90F01FC
:10E04000C9F800A0C9F8046000F3F28009F10809DA
:10E050000130F8E54FF0010E84460DF14409C6E7A2
:10E0600018EE101A18EE900A0EAAFFF789FB002886
:10E070003FF416AE65E54FF0010C86460DF14409FC
:10E0800051E7002900F0E78018EE101A18EE900A08
:10E090000EAAFFF775FB00287FF453ADDDE90F21D1
:10E0A0000DF14409501CA4E502210DAB129111930E
:10E0B00001200DF14409024609F10809501CB8E598
:10E0C000102E40F35A82DDE90FC1DFF824A0CDF80D
:10E0D00028B00B95A34618EE105A5446102318EE9C
:10E0E00090AA08460EE000BF181F0208EC210208A3
:10E0F000DC2102080CF1020E09F108099446103ED9
:10E10000102E1CDD0CF101021030072AC9E9004372
:10E11000CDE90F20EEDD0EAA30B3294650460DF1B1
:10E120004409FFF72DFB00287FF40BADDDE90FC09C
:10E13000103E102E0CF1010E4FF01003E2DCA2464F
:10E140000B9D5C46DDF828B0014672463144072A33
:10E15000CDE90F21C9F800A0C9F8046000F3AB8035
:10E1600009F10809501C2FE584464FF0010E0DF10E
:10E170004409C4E76C070F9152D5019BA3EB080437
:10E18000002C4DDD0DF14409102C40F30882DFF81E
:10E190005CA40F9A0B46BB464946574618EE109AA8
:10E1A00018EE90AA102505E0901C08313246103C6C
:10E1B000102C18DD561C1033072EC1E90075CDE96F
:10E1C0000F63F1DD0EAA3BB349465046FFF7D8FA7C
:10E1D00000287FF4B6ACDDE90F23103C102C02F1CF
:10E1E000010011A9E6DC8946BA4619465F4621447A
:10E1F0000728C9E900A4CDE90F017FF747AD79B140
:10E2000018EE101A18EE900A0EAAFFF7B9FA0028B5
:10E210007FF497AC109939E501201A4611A9C6E799
:10E22000DDE901234245ACBF9B184344029337E527
:10E2300000293FF451AE18EE101A18EE900A0EAAFB
:10E24000FFF79EFA00287FF47CAC0F9810990130FC
:10E250000DF14409F7E4049B002B79D101200A4613
:10E260000DF14409E5E40F920DF1440951E4BBF1CD
:10E27000000F7FF4CDAB55464FF0000BCDF800B04A
:10E280003AACFFF7CDBB1AF010033CD11AF04002B4
:10E2900000F00C81039A52F8046B03929846B6B2D0
:10E2A000012308E42D2376428DF8333068EB4808CB
:10E2B000AA46012303E400297FD018EE101A18EEB5
:10E2C000900A0EAAFFF75CFA00287FF43AACDDE969
:10E2D0000F210DF14409501C76E403933B78FFF7BE
:10E2E000EABA3AACFFF79CBB09F108090CF101004E
:10E2F0006246A2E4AA0500F12F814FEAE3781E46A8
:10E300004346FFF773BB039B53F8046B039301234E
:10E31000FFF7D1BB079B002B3FF453AB079B1B7848
:10E32000002B3FF44EAB3B7845F48065FFF7C3BA52
:10E33000DDE9021656F8042B0396CB17C2E9001349
:10E34000FFF79ABA039B53F8046B0393FFF7B0BB34
:10E3500002210DAB129111930DF14409ACE6A04AD4
:10E36000069215F0200836D0039E073626F00706E1
:10E370003246D6F8048052F8086B0392EA0709D5B2
:10E3800056EA080206D08DF83530302345F00205F4
:10E390008DF8343025F4806A0223FFF78CBBAA463F
:10E3A000FFE4904A0692DCE720460396E2F7A8FFD6
:10E3B0004FF0000B0090FFF733BB9DF83320002A8D
:10E3C00000F0B88001200DF13302129011920DF18E
:10E3D0004409014609E415F0100242D0039A52F8AC
:10E3E000046B0392CAE70AF48063CDF800B0CDF85D
:10E3F0001090BB46DDF81C9000253AAC1F4609E0A2
:10E4000030464146E2F750FD0A2E78F100031BD357
:10E4100006468846304641460A220023E2F744FD7C
:10E420001146303104F8011C0A220023013C013559
:10E43000002FE5D099F80010A942E1D1FF2DDFD0DF
:10E440000A2E78F100035BD23AAB1B1BCDF81C906F
:10E450005F46DDF81090DDF800B000935546FFF7F9
:10E46000DFBA15F040013ED0039951F8046B0391D7
:10E470009046B6B282E7AA46FFF7C5BA012BAA4674
:10E480007FF4F7ACFFF7C4BA039E029A56F8043B38
:10E490001A600396FFF7F0B95B46062B28BF0623E8
:10E4A000514C009303969846FFF779BB039B1AF4EF
:10E4B000007814BF53F8046B53F8046B03931CBF2C
:10E4C0009046F6B20123FFF7F6BA039B15F40078E5
:10E4D00014BF53F8046B53F8046B03931CBF9046AE
:10E4E000F6B2FFF7E5BA039A15F4007814BF52F8B4
:10E4F000046B52F8046B03921CBF8846F6B23DE7EA
:10E50000099B0899E41A1A462046FEF751FD99F82E
:10E5100001300BB109F10109304641460A220023BE
:10E520000025E2F7C1FC73E701200A460DF144091A
:10E53000FFF783BB049B002B7FF4B6AD0A46012096
:10E540000DF14409FFF779BB039E029A56F8043B8C
:10E5500003961A80FFF790B943F3C0185EB24346A2
:10E56000FFF744BA886DFEF733F9FFF784BACDF8A8
:10E5700000B003968346FFF753BA0F9A1099DFF85D
:10E580006CA00132E2E518EE101A18EE900A0EAAFD
:10E59000FFF7F6F800283FF4D2AAFFF7D2BA0F9897
:10E5A000DFF848A0013022E66B6EDB0705D4AB89AB
:10E5B0009F0502D4A86DFEF70BF94FF0FF330293CD
:10E5C000FFF7C9BADFF828A08446D5E4039A7B7820
:10E5D0000F4652F8041B039241EAE17BFFF76BB947
:10E5E0002C1F0208181F0208401F0208DC21020825
:10E5F000EC21020870B50C468989ADF58E6D21F0CD
:10E600000201ADF81410616E1B91E189ADF816108E
:10E61000E1690991616A0B911CA9029106914FF47D
:10E62000806106460491079118A80021CDE90032C7
:10E630000891FEF7C7F8DDE9003202A93046FFF77E
:10E64000DBF8051E07DB02A9304600F02BF9002895
:10E6500018BF4FF0FF35BDF814305B0603D5A38912
:10E6600043F04003A3811898FEF7AEF828460DF555
:10E670008E6D70BD49B1FF2A02D80A700120704723
:10E680008A2303604FF0FF3070470846704700BF91
:10E6900038B5334B1B6805460C460BB19A6B12B369
:10E6A000B4F90C3018079AB225D5216900292DD06C
:10E6B00012F0010007D00020A06060694042A06114
:10E6C00039B1002038BD950758BF6069A0600029A6
:10E6D000F7D1120658BF0846F4D543F04003A38192
:10E6E0004FF0FF3038BD184600F010F9B4F90C3087
:10E6F00018079AB2D9D4D1062AD5520714D4216961
:10E7000043F00803A3819AB20029D1D102F420700A
:10E71000B0F5007FCCD02146284600F0ADFBB4F91F
:10E720000C3021699AB2C3E7216B51B104F1400268
:10E73000914204D02846FDF73BFFB4F90C3000228B
:10E74000226321690022C4E9001223F02403D7E7E1
:10E75000092243F040032A604FF0FF30A38138BD07
:10E760007C05002408B5062000F0F6FB0120E3F745
:10E770005FFD00BFB1F90C202DE9F0410C461107F7
:10E78000804647D4636842F40062002BA2815EDDBC
:10E79000A56A002D58D00023D8F80060C8F80030D2
:10E7A00093B212F4805256D10123E1694046A84742
:10E7B000431C67D0A389A56A5F0705D56368C01AA3
:10E7C000236B0BB1E36BC01AE1690246002340469C
:10E7D000A847411C41D1D8F80030002B3DD01D2B5B
:10E7E00001D0162B56D1A3892269226023F400633D
:10E7F00000216160A381216BC8F8006021B304F19E
:10E800004003994202D04046FDF7D2FE002020632B
:10E81000BDE8F0812669BEB193B2256826609A07EB
:10E820000CBF63690023AD1BA3600BE02B4632468F
:10E83000E169676A4046B847B0F1000CA5EB0C05EA
:10E84000664417DD002DF1DC0020BDE8F081E36BAC
:10E85000002B9DDCF8E7206DAEE7B4F90C3022699F
:10E86000226023F40063A3810022DB046260C2D52E
:10E870002065C0E7A38943F040034FF0FF30A38138
:10E88000BDE8F081D8F80030002B93D01D2B06D0C6
:10E89000162B04D0A38943F04003A381D5E7C8F821
:10E8A0000060D1E738B50C46054608B1836BA3B1CB
:10E8B000B4F90C00B8B1636EDB0701D4810515D53E
:10E8C00028462146FFF756FF636EDA07054602D455
:10E8D000A3899B050ED5284638BD00F017F8B4F97A
:10E8E0000C000028E7D10546284638BDA06DFDF78D
:10E8F0006DFFE5E7A06DFDF76BFF284638BD00BF53
:10E90000014900F095BA00BFADF101082DE9F047CB
:10E9100082463948FDF75AFFDAF83840002C66D1B4
:10E92000DAF80450354ACAF83C200323CAE9B84350
:10E93000DFF8DC90DFF8DC80314F324E04230AF53B
:10E940003B72CAF8E8222146C5E90243C5E9004402
:10E95000C5E904446C660822AC6105F15C00FAF775
:10E960001BFFC5E90759C5E90987EE6205F15800A3
:10E97000FDF728FFDAF80850234BEB602146C5E984
:10E980000044C5E904446C66AC60AC61082205F142
:10E990005C00FAF701FFC5E90759C5E90987EE628E
:10E9A00005F15800FDF70EFFDAF80C50174BEB603D
:10E9B0002146C5E90044C5E904446C66AC60AC611D
:10E9C000082205F15C00FAF7E7FE05F15800C5E9F9
:10E9D0000759C5E90A76C5F82480FDF7F3FE01233F
:10E9E000CAF838300448BDE8F047FDF7F1BEBDE88D
:10E9F000F0470148FDF7ECBE3470032401E901083B
:10EA000049F0010869F00108090001001200020044
:10EA1000E5EF010809F001080148FDF7D7BE00BF86
:10EA2000307003240148FDF7D3BE00BF30700324CB
:10EA30002DE9F04782B0824688461446FEF71CFC5A
:10EA4000012803D108F1FF33FE2B36D9424604F1E9
:10EA50005C0301A9504600F063FB421C064632D01D
:10EA600030B39DF804C00DF10509002509E02368C5
:10EA70005A1C226083F800C00135B54218D219F83B
:10EA800001CBA368013B002BA360F0DAA769BB426E
:10EA900061462246504602DBBCF10A0FE7D100F086
:10EAA000E7FA431CE8D10646304602B0BDE8F087DD
:10EAB0004646304602B0BDE8F0875FFA88FC8DF824
:10EAC00004C00646CFE7A389304643F04003A38144
:10EAD00002B0BDE8F08700BF30B5536E13F0010FF0
:10EAE000B2F90C30144683B005469AB201D19805AC
:10EAF0001CD5900406D4626E43F4005342F40052D5
:10EB0000A381626622462846FFF792FF636EDA070A
:10EB1000054602D4A3899B0502D5284603B030BD23
:10EB2000A06DFDF755FE284603B030BDA06D0191E4
:10EB3000FDF74CFEB4F90C3001999AB2D9E700BF49
:10EB40009368002B00F085802DE9F04FB1F90C306F
:10EB50000C461907804683B0174698B225D523691D
:10EB60001BB310F002033D682DD04FF0000ADFF810
:10EB7000BCB25646B9465E453346524628BF5B4650
:10EB80004046002E52D0E169676AB847002856DD3A
:10EB9000D9F808301B1A8244361AC9F80830002BFD
:10EBA000E9D1002003B0BDE8F08F21464046FFF7D1
:10EBB0006FFD002840F03681B4F90C303D6898B202
:10EBC00010F00203D1D110F0010944D14E46009754
:10EBD00046B38205D4F808B040F18380B3455A4665
:10EBE00000F2B28010F4906F40F0BF802068019274
:10EBF0004946FEF75DFBA368019AA3EB0B0123686E
:10EC0000A1601344B24623600026009B9868A0EBE5
:10EC10000A00D14498600028C3D0B4F90C0080B237
:10EC2000002ED6D1D5E900960835D1E7D5E900A662
:10EC30000835A0E721464046FFF734FE80B3B4F91B
:10EC40000C3043F040034FF0FF30A38103B0BDE828
:10EC5000F08F002070471E46AA46994618461D466A
:10EC6000009756B388B34A46D4E904132068B242E9
:10EC700028BF3246884205D9A16803EB010B5A45EB
:10EC800000F3A680934263DCE169676A2A46404646
:10EC9000B847B0F1000BD2DDB9EB0B09CAD00120A7
:10ECA000009A9368A3EB0B035D44A6EB0B069360FD
:10ECB000002B3FF476AF002ED4D10AF1080353E9BC
:10ECC00002569A460833002EF9D032460A212846C9
:10ECD000E2F786FB002800F09C800130A0EB0509DC
:10ECE000C1E720682369984216D86369B34213D8F4
:10ECF0006FF00042B24228BF3246E16992FBF3F264
:10ED0000676A02FB03F340464A46B847B0F1000A7F
:10ED100095DDA6EB0A0678E7B345DA4628BFB2468A
:10ED200052464946FEF7C4FAA3682268A3EB0A03D9
:10ED30005244A3602260002BEBD121464046FFF7EE
:10ED4000B1FD0028E5D07AE72068B34632464EE7A9
:10ED500029460192FEF7ACFA019AA3689B1AA360B8
:10ED6000236813442360934696E723682169A3EB45
:10ED7000010B636903EB430A0AEBDA7A0BF1010337
:10ED80004FEA6A0A33445345524684BF9A46524674
:10ED900043052CD511464046FAF74EFA00283BD0E1
:10EDA0005A4621690190E2F701FAA289019B22F4F7
:10EDB000906242F08002A28103EB0B002361AAEB78
:10EDC0000B03C4F814A0A3602060B34632460EE7DC
:10EDD00029465A46FEF76CFA23685B4423602146B5
:10EDE0004046FFF75FFD00283FF456AF27E7404657
:10EDF000FEF7DAFA03460028DED121694046FDF726
:10EE0000D7FBB4F90C300C2223F08003C8F80020A3
:10EE100017E7721C914627E70C22B4F90C30C8F8AA
:10EE200000200EE74FF0FF30BCE600BF00FCFF7F84
:10EE30002DE9F8430746884600F538764FF000097B
:10EE4000D6E90154013D11D4A389012B05F1FF3509
:10EE500008D9B4F90E300133214603D03846C047F3
:10EE600049EA00096B1C04F16804EDD13668002EF4
:10EE7000E6D14846BDE8F8832DE9F0418B890C4680
:10EE8000990796B008D504F143030122C4E904327E
:10EE9000236016B0BDE8F081B4F90E1000290646D3
:10EEA00027DB6A4600F0E8F9002821DB019D05F424
:10EEB0007045A5F50055B5FA85F54FF480686D09E4
:10EEC0004FF4006741463046FAF7B6F9B4F90C3012
:10EED000F0B1204AF26343F08003C4F81480A381A8
:10EEE0002060206135BB3B43A38116B0BDE8F081B3
:10EEF000A38913F0800519D04FF0400841463046F1
:10EF0000FAF79AF90025B4F90C302F460028E0D121
:10EF10009A05BED423F0030304F1430243F0020335
:10EF20000121C4E90421A3812260B2E74FF4806883
:10EF30002F46C7E7B4F90E10304600F0B3F910B908
:10EF4000B4F90C30CFE7A38923F0030343F00103A6
:10EF50001BB2C8E701E9010838B5154B1F281D6829
:10EF600020D8D5F8DC22044662B152F820304BB1EB
:10EF7000012B15D0591C0FD0002542F8205098477E
:10EF8000284638BD284600F02BF822460146284680
:10EF9000BDE8384000F00EB816232B60012038BDC4
:10EFA000002038BD16232B604FF0FF3038BD00BF66
:10EFB0007C05002470B50C46084D0346002620460B
:10EFC00011461C462E60E3F72BF9431C00D070BDA0
:10EFD0002B68002BFBD0236070BD00BF247003247E
:10EFE000E3F71CB910B50C46B1F90E1000F082F928
:10EFF000002803DB236D0344236510BDA38923F49C
:10F000008053A38110BD00BF2DE9F0410C46B1F93A
:10F010000C101F46CB05054616460BD421F4805133
:10F02000A1813B46B4F90E1032462846BDE8F041B6
:10F0300000F094B8B4F90E100223002200F044F955
:10F04000B4F90C10EAE700BF10B50C46B1F90E1088
:10F0500000F03AF9A389421C0EBF23F4805343F415
:10F0600080532065A38110BDB1F90E1000F08CB85B
:10F07000F8B50D461446064610B1836B002B43D0FD
:10F08000B4F90C20A369A360170790B21BD52369BC
:10F09000CBB1EDB281042F4622D522686169D31A23
:10F0A000994229DD0133A1680139A160511C216019
:10F0B000157062699A422AD0A389DB0701D50A2D0F
:10F0C00025D03846F8BD21463046FFF7E1FA20BB8F
:10F0D000B4F90C20236990B2EDB281042F46DCD440
:10F0E00042F40052A281626E616922F400526266AB
:10F0F0002268D31A9942D5DC21463046FFF7D2FB6D
:10F1000058B922680123CEE7FFF700FCB8E7214693
:10F110003046FFF7C7FB0028D3D04FF0FF37D0E7CA
:10F1200070B5054684B01C4639B10B4ED6F8E06088
:10F13000B047431C09D004B070BD0A460649D1F857
:10F14000E06001A9B047431CF5D100228A23226068
:10F150002B6004B070BD00BFBC0D002438B50C4658
:10F16000084D8446114620461A4600232B6064460B
:10F17000E3F774F8431C00D038BD2B68002BFBD09C
:10F18000236038BD2470032438B5074D002204469F
:10F1900008462A60E3F770F8431C00D038BD2B689E
:10F1A000002BFBD0236038BD2470032470B50029E8
:10F1B0004BD006460C4610B1836B002B48D0636ED3
:10F1C000D80734D5B4F90C30002B3ED02146304658
:10F1D000FFF7D0FAE36A054633B1E1693046984754
:10F1E0000028B8BF4FF0FF35A3891A063BD4216B26
:10F1F00041B104F14003994202D03046FDF7D8F9FD
:10F2000000232363616C21B13046FDF7D1F900235F
:10F210006364FFF701FC636E0022DB07A28127D540
:10F22000A06DFDF7D1FAFFF7FDFB284670BDA3895D
:10F230009905CBD4A06DFDF7C9FAB4F90C30002BB9
:10F24000C4D1656E15F0010508D00025284670BDB3
:10F25000FFF75CFB636ED807B4D4E8E7A06DFDF759
:10F26000B7FA284670BD21693046FDF7A1F9BEE71F
:10F27000A06DFDF7ADFAD3E770B50C46084D034617
:10F280000026204611461C462E60E2F7F8FF431C7C
:10F2900000D070BD2B68002BFBD0236070BD00BF79
:10F2A0002470032438B5074D0022044608462A601E
:10F2B000E2F7EAFF431C00D038BD2B68002BFBD0DF
:10F2C000236038BD2470032438B50C46084D8446AD
:10F2D000114620461A4600232B606446E2F7D6FF0B
:10F2E000431C00D038BD2B68002BFBD0236038BDF9
:10F2F0002470032438B50C46084D84461146204638
:10F300001A4600232B606446E2F798FF431C00D0A6
:10F3100038BD2B68002BFBD0236038BD247003243C
:10F3200038B510EE105A25F00044B4F1A14FF0EEBC
:10F33000407A0BDBB4F1FF4F5BDCDFED537A9FEDDE
:10F34000530A002DC8BFB0EE670A38BD504B9C422F
:10F350005EDCB4F1445F4FDB4FF0FF3367EEA76A2A
:10F36000DFED4C4ADFED4C5A9FED4C5A9FED4C4A75
:10F3700026EEA67AB0EE666AE7EE245A5A1CDFED56
:10F38000494ADFED496AA5EE875AE7EE246ADFEDC8
:10F39000475ADFED474AE6EE875AA5EE074A9FED4A
:10F3A000455ADFED456AA5EE875AE4EE074ADFEDE0
:10F3B000435AE4EE876AE5EE075A66EE866A25EE62
:10F3C000877A3AD03E4A02EB830276EE876A92ED64
:10F3D000000A3C4A96EEA70A02EB8303002D93ED48
:10F3E000007A70EE677A37EE670AAEDAB1EE400A5D
:10F3F00038BD30EE000A38BD9FED337A30EE077A23
:10F40000F7EE006AB4EEE67AF1EE10FAA4DD38BD4C
:10F4100000F098F82D4B9C4216DCA3F5D0039C42DB
:10F4200027DCF0EE007ABFEE007AA0EE277A002308
:10F4300030EE270AC7EE007A90E776EE876AE6EEAE
:10F44000E77AB0EE670A38BD214B9C420BDCF7EE41
:10F45000087AB7EE007AA0EE277A022330EE670A28
:10F46000C0EE077A7AE7BFEE007AC7EE007A032390
:10F4700074E7F7EE007A30EE677A30EE270A012360
:10F48000C7EE007A6AE700BFDB0FC93FDB0FC9BFD9
:10F49000FFFFDF3ED769853C59DA4B3D356B883D30
:10F4A0006E2EBA3D21A215BD6BF16EBD95879DBD37
:10F4B0002549123E388EE3BDABAAAA3ECDCC4CBE48
:10F4C0001023020800230208CAF24971FFFF973F88
:10F4D000FFFF1B4010EE103A184A23F000439342FE
:10F4E0001BDDB3F1FF4F02DB30EE400A704700B581
:10F4F00083B0684600F094FC00F003000128DDEDC5
:10F50000010A9DED000A0CD0022812D070B1012032
:10F5100001F078F903B05DF804FBDFED090A00F0B3
:10F52000B5BD01F06FF9B1EE400AF3E700F0AEFDB2
:10F53000F0E700F0ABFDB1EE400AEBE7D80F493F32
:10F540000000000010EE103A23F0004300EE103AE5
:10F55000704700BF10EE103A194A23F0004393425F
:10F560001CDDB3F1FF4F02DB30EE400A704700B5FF
:10F5700083B0684600F054FC00F003000128DDED84
:10F58000010A9DED000A0ED0022813D070B100F0E0
:10F590007DFDB1EE400A03B05DF804FBDFED090A22
:10F5A000002001F02FB900F071FDF4E7012001F017
:10F5B00029F9F0E7012001F025F9B1EE400AEAE768
:10F5C000D80F493F0000000010EE103A114A23F016
:10F5D0000043934218DDB3F1FF4F02DB30EE400AE7
:10F5E000704700B583B0684600F01AFC400000F098
:10F5F0000200DDED010A9DED000AC0F1010001F0FD
:10F6000049F903B05DF804FBDFED030A012001F0C6
:10F6100041B900BFDA0F493F0000000008B52DEDE9
:10F62000028BB0EE408A00F099F8B4EE488AF1EE11
:10F6300010FAF0EE408A0AD6B0EE480AFFF782FFD1
:10F64000F7EE007AB4EEE70AF1EE10FA04DCB0EE61
:10F65000680ABDEC028B08BDF9F7BCFDBDEC028B5E
:10F66000034621221A600248BDE8084001F038BA7A
:10F670009821020808B52DED028BB0EE408A00F00B
:10F6800091F9B4EE488AF1EE10FAF0EE408A0AD60B
:10F69000B0EE480AFFF756FFF7EE007AB4EEE70A3D
:10F6A000F1EE10FA04DCB0EE680ABDEC028B08BD86
:10F6B000F9F790FDBDEC028B034621221A60024847
:10F6C000BDE8084001F00CBA9821020800F070BAB9
:10F6D00008B52DED028BF0EE408AB0EE608A00F0A6
:10F6E0000FFBF4EE488AF1EE10FA06D6DFED098A38
:10F6F000B4EE688AF1EE10FA02D0BDEC028B08BDC0
:10F70000F9F768FD88EEA80ABDEC028B212303609F
:10F7100008BD00BF0000000008B52DED028BB0EE63
:10F72000408A00F0AFFCB4EE488AF1EE10FA06D63B
:10F73000DFED098AB4EEE88AF1EE10FA02D4BDECEE
:10F74000028B08BDF9F746FD88EEA80ABDEC028BD6
:10F750002123036008BD00BF0000000008B510EEC3
:10F76000102A22F00043B3F17E5F2DED028B12D000
:10F770000ADCB3F17C5F19DAB3F10C5F6CDCBDEC31
:10F78000028B9FED770A08BD70EE407A87EEA70ADC
:10F79000BDEC028B08BDBDEC028B9FED720ADFED64
:10F7A000727A002AD8BFB0EE670A08BD002AC0F2FC
:10F7B0009080F7EE008A38EEC00AB6EE008A20EE9E
:10F7C000088AB0EE480A00F05DFCDFED687A9FED34
:10F7D000687A9FED686ADFED685ADFED686AA8EE27
:10F7E000277ADFED677AA7EE086AE8EE257AE6EE7B
:10F7F000086ADFED645A9FED647AE7EE885AA6EE58
:10F80000887ADFED627A10EE103AE5EE887A23F41A
:10F810007F6323F00F03B0EE476A9FED5D7AF0EE51
:10F82000676AA6EE087A07EE903AB0EE486AE6EE0E
:10F83000888AA7EEE76A70EE276A27EE088A86EEC6
:10F84000267AC8EE286ABDEC028BA0EE267A37EE47
:10F85000870A30EE000A08BD20EE007ADFED437A19
:10F860009FED436ADFED436A9FED435ADFED435A54
:10F87000A7EE276ABDEC028BE6EE076ADFED407A61
:10F880009FED406AE7EE057AE6EE875AA7EE876AB3
:10F890009FED3D5ADFED3D7ADFED3D6AA5EE875ADB
:10F8A000E6EE077AE5EE076AF7EE005AE7EE875ACA
:10F8B00026EE877A9FED376ADFED377AC7EE256A45
:10F8C000B0EE467AA0EE667A30EE470A37EEC00A0E
:10F8D00008BDB7EE007A30EE070AF6EE007A60EE69
:10F8E000277ADFED226A9FED226ADFED224ADFED03
:10F8F000225A9FED225A9FED268AA7EEA66ADFEDD7
:10F90000206AE6EE274AE7EEA56ADFED1E5A9FED74
:10F910001E6AA4EEA75AE6EEA75ADFED1C6AA5EE12
:10F92000276AE5EEA76AA6EE278AA6EEA77A28EE52
:10F93000278AF0EE478AB0EE670A00F0A3FB88EE54
:10F94000286ADFED167AB0EE407AE7EE067A9FED90
:10F95000140A77EE877AF0EE006AA7EEE60A17E758
:10F96000DB0FC93F00000000DB0F494008EF1138F2
:10F97000047F4F3A461124BD2EC69D3DA80A4E3E37
:10F98000613330BF2D57014090B0A6BE39D119C0A8
:10F99000ABAA2A3E6821A233DA0FC93F6821A2B37D
:10F9A000DA0F494038B510EE105A25F00044B4F192
:10F9B0007E5F2DED048B00F085807ADCB4F17C5FF6
:10F9C0000FDAB4F1485F80F29C80DFED697A70EE67
:10F9D000277AB7EE007AF4EEC77AF1EE10FA00F368
:10F9E0008D80FFF7AFFDF7EE007A37EEC00AB6EE76
:10F9F000008A20EE088A9FED5F7ADFED5F6A9FED57
:10FA00005F6A9FED5F5ADFED5F5ADFED5F8AE8EED8
:10FA1000076A9FED5E7AA8EE067A9FED5D6AA6EE14
:10FA2000885AA7EE086A9FED5B7ADFED5B6AE5EE28
:10FA3000085AA6EE087AE5EE886AE7EE087AE6EE5E
:10FA4000888AB0EE480AB0EE679A00F01BFB534B71
:10FA50009C4268EE888A42DC10EE103A23F47F6301
:10FA600023F00F0306EE903AA6EEE68A70EE267AB1
:10FA700088EE895AC8EE274A9FED497ADFED497A28
:10FA8000B0EE006AA4EEC67A30EE000AF0EE675AD5
:10FA9000E6EEC65A90EE057A37EE657A37EEC77A0B
:10FAA000002D0ADCBDEC048BB1EE477AB0EE470ABC
:10FAB00038BD70EE407A87EEA77ABDEC048BB0EECD
:10FAC000470A38BD9FED367ADFED377A20EE077AA8
:10FAD000BDEC048BA0EE277AB0EE470A38BD88EE65
:10FAE000896A9FED327ADFED307AA0EE060AF0EEF9
:10FAF000006AA0EE267A37EEC77AD1E7B0EE407AF8
:10FB0000DBE760EE007A9FED1B7ADFED1B6A9FED6D
:10FB10001C6ADFED1A5A9FED1B5AE7EE876ABDECAF
:10FB2000048BA6EEA76A9FED197ADFED196AA7EE9E
:10FB3000A57AA6EE275AE7EE276ADFED175A9FED62
:10FB4000156A9FED117AE5EE275AA6EEA76AA5EE93
:10FB5000A77AF7EE006AE6EE276A67EE277AB0EE3C
:10FB6000407A87EEA66AA0EE067AB0EE470A38BD64
:10FB7000CAF2497108EF1138047F4F3A2EC69D3DF5
:10FB8000461124BDA80A4E3EABAA2A3E613330BFBF
:10FB90002D57014039D119C090B0A6BE9999793F2F
:10FBA0002EBD3BB3DB0F493FDB0FC93F2EBD3B33BF
:10FBB00010B582B0CDED010A019B23F00042B2F1F5
:10FBC000FF4FF0EE407A30DC10EE100A20F00041DA
:10FBD000B1F1FF4F29DCB3F17E5F42D09C1704F0F6
:10FBE000020444EAD07431B37AB3B2F1FF4F40D08B
:10FBF000B1F1FF4F29D08A1AB2F1F45F4FEAE25116
:10FC000034DA002B42DA3C3140DA9FED340A012C21
:10FC10004ED0022C43D064B19FED317ADFED317AC2
:10FC200030EE070A30EE670A03E09DED017A37EE09
:10FC3000270A02B010BD022C10D09FED2B0A032C16
:10FC400018BFB0EE670A02B010BD9FED280ADFEDC5
:10FC5000287A0028B8BFB0EE670AEAE79FED210ACC
:10FC6000E7E702B0BDE81040FFF75ABB9FED1F0A5F
:10FC7000CDE7B1F1FF4F04F1FF3420D0022C26D89C
:10FC80001C4B03EB840494ED000AD2E79DED017A4E
:10FC900087EE870AFFF756FCFFF742FBB7E79FEDB9
:10FCA000107ADFED107A30EE070A37EEC00AC0E7AF
:10FCB00010EE103A03F1004300EE103AB9E7022CBF
:10FCC00008D80D4B03EB840494ED000AB1E79FEDD7
:10FCD000030AAEE79FED090AABE700BF0000000092
:10FCE0002EBDBB33DB0F4940DB0F49C0DB0FC93FE3
:10FCF000DB0FC9BF2C23020820230208DB0F493F7A
:10FD000030B583B0CDED010A019D35F0004041D002
:10FD100010EE10EA2EF00043B3F1FF4F3ADAB0F1E3
:10FD2000FF4F37DC83423BDB0EF000443AD01EF03D
:10FD3000FF4F56D1190200296FF07D0204DD490002
:10FD4000002902F1FF32FADC15F0FF4F57D1010212
:10FD50006FF07D0C03D449000CF1FF3CFBD512F190
:10FD60007E0F47DBCEF3160343F400031CF17E0F36
:10FD70003ADBC5F3160040F40000B2EB0C0204D1EC
:10FD800017E00FD04B00013A13D0191A0029F8DA06
:10FD90005B00F8E7DDED017A60EE277A87EEA70ACF
:10FDA00003B030BD1D4B03EB547393ED000A03B059
:10FDB00030BD181A58BF03461BB9F3E75B000CF1BE
:10FDC000FF3CB3F5000FF9DB1CF17E0F1CDBA3F544
:10FDD00000030CF17F0C234343EACC5300EE103AAE
:10FDE000DEE7DA157F3AAFE76FF07D01A1EB0C019A
:10FDF0008840C2E76FF07D01891A8B40B6E74FEA71
:10FE0000E05CACF17F0CAAE76FF07D02A2EB0C0C7A
:10FE100043FA0CF3234300EE103AC1E738230208FB
:10FE200070B510EE103A894A23F00044944286B02F
:10FE3000054670DD864A944210EE106A22DC002BE3
:10FE4000DFED847A844A24F00F04B0EE407A40F368
:10FE5000E480944270EE677A09BFDFED806A9FED1F
:10FE6000807A9FED807A77EEE67A012077EEC76A96
:10FE700077EEE67AC5ED006A77EEC77AC5ED017ACE
:10FE800006B070BD784A944254DDB4F1FF4F49DAB0
:10FE9000E215863AA4EBC25307EE903ABDEEE77A3C
:10FEA000DFED726AB8EEC77A77EEC77A8DED037A26
:10FEB00067EEA67ABDEEE77AB8EEC77A77EEC77A34
:10FEC0008DED047A67EEA67AF5EE407AF1EE10FA3F
:10FED000CDED057A40F09080B5EE407AF1EE10FA63
:10FEE00014BF02230123624901910221009103A85A
:10FEF000294600F04DF9002EC2DA95ED007AD5EDD5
:10FF0000017AB1EE477AF1EE677A85ED007AC5EDB8
:10FF1000017A4042B4E7002285ED000A42600020E9
:10FF200006B070BD70EE407A0020C5ED017AC5EDD7
:10FF3000007AA5E7FFF706FB9FED4E7A9FED456A35
:10FF4000F6EE007AE0EE077A9FED457AFDEEE77A6D
:10FF500017EE900AF8EEE76A1F28A6EEC60A66EECC
:10FF6000877AB1EE666A1EDC434A411E24F0FF0325
:10FF700052F82120934216D030EE677A85ED007A50
:10FF800030EE470A002E30EE670A85ED010ABFF613
:10FF900077AFB1EE477AB1EE400A85ED007A85ED94
:10FFA000010A40426CE730EE677AE21517EE103A2C
:10FFB000C3F3C753C3EBD454082CDFDDDFED277A3E
:10FFC0009FED287AF0EE405AE6EE275A30EE650AA9
:10FFD000A6EE270AF0EE407AD6EE877A35EEE77A7B
:10FFE00017EE103AC3F3C753D21A192A06DCB0EE43
:10FFF000650A85ED007AC3E7032374E79FED1F7A56
:020000040802F0
:100000009FED1F5AB0EE650AA6EE070A75EEC07A9C
:10001000E6EE077AD6EE857AAEE7944270EE277A5E
:1000200009BFDFED0E6A9FED0E7A9FED0E7A77EE37
:10003000A67A4FF0FF3077EE876A77EEE67AC5ED65
:10004000006A77EE877AC5ED017A19E7D80F493F44
:10005000E3CB1640800FC93FD00FC93F004435376E
:100060004344353708A3852E800F49430000804361
:10007000C023020884F9223F4023020800A3852EF2
:1000800032318D24B1EEC00A704700BF10EE103A35
:1000900023F00043B3F1485F2CDAFDEEC07A17EE8F
:1000A000903A002B60D020EE007ADFED317A9FEDA0
:1000B000315ADFED315A9FED316ADFED316AA7EE3B
:1000C000275ADFED307AE7EE055AA7EE256AE7EE0C
:1000D000067AE7EE276A67EE266A60EEC00AF6EE59
:1000E000007AE7EE260AB7EE000AD7EE270A30EECE
:1000F000600A704720EE007ADFED1D7A9FED1D5AF1
:10010000DFED1D5A9FED1D6ADFED1D6A1E4AA7EE49
:10011000275A9342DFED1B7AE5EE075AA5EE876A70
:10012000E6EE077AE7EE876A66EE876AD5DD174A5C
:10013000934214DC03F17F4307EE903AB7EE006A76
:1001400036EE676A60EEC00AF6EE005AD7EE257A00
:10015000E7EE260A77EEE00A36EE600A7047B6EE62
:10016000076AF5EE027AEDE7B7EE000A704700BFC6
:100170004ED747ADF6740F317CF293B4010DD037F2
:10018000ABAA2A3D610BB6BA9999993E0000483F47
:100190002DE9F04F2DED048BDBB01C460393069147
:1001A000A24B6899089253F82150111D824604F120
:1001B000FF38C0F2A382D31E48BF131DDB10029389
:1001C0000133DB000793DDE907239B1A0593029BAC
:1001D00015EB0801A3EB080316D401319FED947AC7
:1001E000699819441EAA002BA4BF50F8234007EEBB
:1001F000904A03F10103ACBFF8EEE77AF0EE477ADC
:100200008B42E2EC017AEED1002DC0F2E782039B33
:100210001EAA02EB830446AE4FEA830C4046EF1859
:100220000AEB8301B8F1000FDFED817A09DB22468A
:100230005346F3EC016A32ED017A8B42E6EE877A9F
:10024000F7D10130B842E6EC017A04F10404E9D1B7
:1002500009AB0AAF03EB850907EB8503083B9FED6C
:10026000769ADFED748A059804930AEB0C0446AE87
:1002700000955AAB03EB8503002D13ED140A4FEAEA
:10028000850B16DD06EB85033A4660EE097AB0EE83
:10029000407AFDEEE77A73ED016AF8EEE77AB34251
:1002A000A7EEE87A37EEA60ABDEEC77AA2EC017A8D
:1002B000EBD1019000F01AFCB0EE408AB4EE000AD7
:1002C00028EE000A00F0C6FBF2EE007AA0EE678A84
:1002D00001980028FDEEC89AF8EEE97A38EE678AB0
:1002E00079DD05F1FF3EC0F1080357F82E1041FA01
:1002F00003FC0CFA03F3CB1AC0F1070219EE901AB3
:1003000043FA02F26144002A47F82E3009EE901AAF
:1003100069DCB5EE408AF1EE10FA40F0C080009B37
:1003200005F1FF3B5B4510DC05F18043013B07EB2A
:1003300083030021944653F804294B4541EA020106
:10034000F9D16246002940F0F280009B013B57F84A
:100350002330002B40F0E780049B4FF0010C53F852
:1003600004290CF1010C002AF9D06B1CAC449E4608
:10037000039A5119029A02EB030B0BF1804B699A15
:100380000BF1FF3B06EB83051EAB02EB8B0B03EB84
:100390008101DBED017A9FED267AF8EEE77AB8F17C
:1003A000000F0BF1040BC1ED007A0A4601F10401C4
:1003B00009DB534601E072ED017AF3EC016AA342D6
:1003C000A6EEA77AF7D10EF1010EE645A5EC017A6B
:1003D000DFDD65464DE740F09C806B1E57F823201B
:1003E000D211002A95DD19EE903A002D03F1010398
:1003F00009EE903A40F39881396800297FD1012DA8
:1004000026D03B464FF0010C53F8041F00297AD048
:100410000CF10103C1F580719D4247F82C1016DDE7
:1004200057F82310BB4407EB83030AE004270208B4
:1004300000000000000080430000803B0000C93F36
:100440001968C1F1FF0143F8041B5B45F8D1012194
:1004500000280CDD012800F04881022807D105F1B1
:10046000FF3C57F82C3003F03F0347F82C30022AAA
:100470007FF44FAFB7EE000A30EE488A00293FF410
:1004800048AF0992019000F031FB38EE408A099A9A
:100490000198B5EE408AF1EE10FA3FF440AF0292B7
:1004A000DDE90732B0EE480A981A0195009D00F088
:1004B0001DFB1FED207AB4EEC70AF1EE10FADDE95C
:1004C0000132C0F259815FED247A059960EE277AF6
:1004D0000831FDEEE77A0591F8EEE77A03F1010BBA
:1004E000A7EEC70AFDEEE77ABDEEC00A10EE101ABD
:1004F00047F8231017EE903A47F82B302EE00123EF
:100500004FF0000C86E70CF1010CAC457FF47CAF9A
:100510009EE7F6EE007AB4EEE78AF1EE10FA80F28A
:10052000F2800022F5E66B1C9E469C4620E705996A
:10053000A1F1080057F82B1005902B46009D69B9D2
:1005400003F18043023B07EB8303014653F80409A0
:100550000BF1FF3B08390028F8D00591059800926F
:10056000B7EE000A00F0C2FABBF1000F009AC0F229
:1005700028814FEA8B0E46AB03EB0E060EF1040CFE
:100580001FED537A07EB0C03311D73ED017AF8EE82
:10059000E77ABB4267EE807A20EE070A61ED017AC6
:1005A000F3D1002D1FED5B6A4FF0000420DB934870
:1005B000DFED937AB0EE467A3146002303E09C42A9
:1005C00008DBB0EC017AF1EC016A01339D42E6EE02
:1005D000877AF4DA5AAB03EB8403A34543ED287A18
:1005E000A6F1040604F1010305D0002D1C46DEDA55
:1005F000DFED837AEEE7689902291CDC002900F31D
:1006000095800FD132ABDFED7E7A9C443CED017AD0
:10061000634577EE877AF9D10AB1F1EE677A069BE6
:10062000C3ED007A19EE903A03F007005BB0BDEC21
:10063000048BBDE8F08F689B032BF3D1BBF1000F57
:1006400000F0D4800EF5B4736B4432A913ED287A10
:1006500001EB8B0373ED017AF0EE476A37EE277AF0
:10066000994277EEC77A83ED007A77EEA67AC3EDEA
:10067000017AEFD1BBF1010F40F3B8800BF1804B51
:100680000EF5B4730BF1FF3B0DEB030E4FEA8B0B32
:100690000BF104031EED287A0B4433A873ED017AA5
:1006A000F0EE476A37EE277A984277EEC77A83ED05
:1006B000007A77EEA67AC3ED017AEFD10BF1080B41
:1006C000DFED4F7A01EB0B03083133ED017A9942EC
:1006D00077EE877AF9D1002A56D10699329A339B60
:1006E0000A604B60C1ED027A9CE705F1FF3C57F8C8
:1006F0002C3003F07F0347F82C30B8E6082307932B
:10070000002302935FE519EE903A002D03F10103F7
:1007100009EE903AC8BF02223FF76EAEF7EE007ABC
:1007200037EEC88A0222F4E5002191E632A9DFED16
:10073000347A01EB830333ED017A994277EE877ABD
:10074000F9D19DED327A8ABB069BBBF1000FC3ED58
:10075000007A77EE677A0BDD33A90123B1EC017AD9
:1007600001339B4577EE877AF8DA0AB1F1EE677AC2
:10077000069BC3ED017A55E7BDEEC00A9B4610EE1D
:10078000101A47F82310E9E6DDED326A9DED337A61
:10079000069BF1EE666AB1EE477AF1EE677AC3ED39
:1007A000006A83ED017AC3ED027A3BE7069BF1EE26
:1007B000676ABBF1000F77EE677AC3ED006ACBDCA6
:1007C000D4E7689B022B0DDC002B14DC7FF42AAFEE
:1007D000DFED0B7A002A3FF422AF1EE7039B4FEABE
:1007E000830C35E5689B032B7FF41CAFDFED047AA7
:1007F000002AC9D171E7DFED027AA2E7DC26020800
:100800000000000010EE103A23F00043B3F1485FFF
:1008100004DAFDEEC07A17EE903A5BB360EE007A30
:100820009FED157ADFED155A9FED156ADFED156A1C
:10083000E7EE875A9FED147AA5EEA76A20EE275AB5
:10084000E6EE276AA6EEA77A30B9DFED106AE7EE8A
:10085000876AA6EE850A704727EE457AF6EE006AAB
:10086000A0EEA67ADFED0A6AD7EE270AE5EE260AA1
:1008700030EE600A704700BFD3C92E2F342FD7B295
:100880001BEF3836010D50B98988083CABAA2ABE47
:10089000ABAA2A3E08B510EE103A23F00042B2F19E
:1008A000465FF0EE407A0FDABDEEC07A17EE101A0E
:1008B00001BB431C134300F0A080012803D0BFEE0E
:1008C000007A87EE270A08BD50498A4212DB002BC6
:1008D000B8BFF1EE407A9FED4E7A9FED4E0AB8BF59
:1008E000F1EE600A70EE677A37EE600ADFED4A0AD1
:1008F00070EE277A67EEA76ADFED484ADFED485AC7
:100900009FED485A9FED486A404926EEA67A8A42F2
:10091000E7EE245AA7EE056ADFED444A9FED445AFC
:10092000E5EE874AA6EE075ADFED425A9FED426A8E
:10093000E4EE875AA5EE076ADFED404A9FED405A84
:10094000E5EE874AA6EE075A9FED3E6ADFED3E5A76
:10095000A4EE876AE5EE075AB0EE467AA5EEA67ACF
:1009600027EEA65AB0EE606AA7EE056ADFED374AB9
:10097000E6EE260AE5EE240A37EEA00A1FDA012881
:10098000A1D0BFEE007AC7EE006A314B10EE102AFC
:100990001A4006EE102A16EE902A76EE677A134079
:1009A00000EE103AB7EE007A70EEE70AF0EE477A02
:1009B000E6EE007AE0EE807AA7EEA60A08BD07EE22
:1009C000100AB8EEC77A60EE005A30EE070A9B179D
:1009D000C5EE806A03F00203C3F10103B0EE006AC2
:1009E00076EEE00A00EE103A77EEE07AB8EEC00A52
:1009F000A7EEC67A20EE070A08BDFEF7A3FDB7EE04
:100A0000007AF0EE407A87EE270A08BD40A12C3F1D
:100A100068212233DA0F493F000000005FAE9BB728
:100A200045F4A3388453D9377AC09538C8261A3A82
:100A3000B937813916696B3B48DEBE3AA427B33C0F
:100A40001F37113C8988083ED10D5D3DABAAAA3EF7
:100A500000F0FFFF10EE102AC2F3C7537F3B162BA6
:100A600022F0004128DC002B18DB1A4919410A4208
:100A700021D0DFED197A70EE277AF5EEC07AF1EE2B
:100A800010FA18DD002A04DA4FF4000040FA03F3EC
:100A90001A4422EA010300EE103A7047DFED0E7AA5
:100AA00070EE277AF5EEC07AF1EE10FA03DD002A37
:100AB00008DB9FED0A0A7047B1F1FF4FFBD330EE20
:100AC000000A7047FFEE007A002918BFB0EE670AEF
:100AD000704700BFFFFF7F00CAF2497100000000AD
:100AE0009FED010A704700BF0000C07F82B08DED0E
:100AF000010A019B33F000422AD0B2F1FF4F23D20A
:100B000013F0FF4F28D19DED017ADFED2A7A2A4BB1
:100B100067EE277A9842CDED017A37DB019BC3F36C
:100B2000C752193A0244FE2A1ADD9FED240A9FEDAE
:100B3000247A019B002BF0EE407AB8BFB0EE470A52
:100B400020EE270A02B0704730EE000A02B070476C
:100B50009DED010A02B07047D20D0244FE2AE4DC8A
:100B6000002A0BDC12F1160F17DA4CF250339842C0
:100B7000DBDC9FED140A9FED147ADAE723F0FF43E4
:100B800043EAC25300EE103A02B070479FED0D0ADF
:100B9000DDED017A27EE800AD8E7193223F0FF4312
:100BA00043EAC253DFED097A07EE103A27EE270A2F
:100BB000CCE700BF0000004CB03CFFFFCAF2497117
:100BC000CAF249F16042A20D6042A28D00000033DA
:100BD000F8B500BFF8BC08BC9E467047F8B500BF2A
:080BE000F8BC08BC9E467047FA
:100BE800380D0208E11800080200000000000000AB
:100BF800800000000000000000000000000000006D
:100C080000000000000000000000000000000000DC
:100C180001000000020000000300000004000000C2
:100C280000000000050000000000000000000000B7
:100C380000000000060000000000000000000000A6
:100C48000000000007000000000000000000000095
:100C5800EC1102080D44010800000000000000002B
:100C6800000400000000000000000000F411020869
:100C78007D4001080000000000000000000800009E
:100C880000000000000000000012020815410108E1
:100C98000000000000000000000800000000000044
:100CA800000000000C120208AD410108000000001D
:100CB8000000000000040000000000000000000028
:100CC80014120208DD4201080000000000000000C4
:100CD80000040000000000000000000020120208CC
:100CE8004542010800000000000000000004000068
:100CF80000000000000000002C12020875430108E3
:100D080000000000000000000004000000000000D7
:100D1800000000003D0A573E0000803E0000000031
:100D2800000096435F074E3DAEF04E3EF75B5B3EDC
:100D380064656661756C745461736B000000000033
:100D4800010203040102030406070809000610163D
:100D5800000610160001020304050607080C10140B
:100D680018203040010002000400060008000A00B4
:100D78000C0010002000400080000001080402045C
:100D880008010101010101030701000049444C4524
:100D980000000000546D725100000000546D722074
:100DA800537663005465726D696E616C00000000D3
:100DB8000000000000005454522052454747455354
:100DC800000000003031323334353637383941428B
:100DD8004344454653544D33322056697274756105
:100DE8006C20436F6D506F727400000053544D694E
:100DF80063726F656C656374726F6E69637300000C
:100E080043444320436F6E666967000043444320B0
:100E1800496E746572666163650000000000803F7A
:100E280000000000000000000000000000000000BA
:100E380000000000000000000000803F00000000EB
:100E4800000000000000000000000000000000009A
:100E5800000000000000803F0000000000000000CB
:100E6800000000000000000000000000000000007A
:100E78000000803F000000000000000000000000AB
:100E88000000000000000000000000000000803F9B
:100E9800000000000000000000000000000000004A
:100EA80000000000000000000000803F005EBCE27F
:100EB800613FDD83C29C7E20A3FD1F419DC3217F2E
:100EC800FCA2401E5F01E3BD3E6082DC237D9FC122
:100ED800421CFEA0E1BF5D0380DE3C62BEE0025C16
:100EE800DF81633D7C22C09E1D43A1FF4618FAA402
:100EF80027799BC584DA3866E5BB5907DB856739EE
:100F0800BAE406581947A5FB7826C49A653BD987E1
:100F1800045AB8E6A7F91B45C6987A24F8A6441AD5
:100F280099C7257B3A6486D85B05E7B98CD2306EC1
:100F3800EDB3510F4E10F2AC2F7193CD114FADF3AD
:100F4800702ECC92D38D6F31B2EC0E50AFF1134DA1
:100F5800CE90722C6D33D18F0C52B0EE326C8ED095
:100F6800530DEFB1F0AE4C1291CF2D73CA94762881
:100F7800ABF517490856B4EA6937D58B5709EBB56D
:100F880036688AD495CB2977F4AA4816E9B7550B61
:100F980088D6346A2B7597C94A14F6A8742AC89655
:100FA800154BA9F7B6E80A54D7896B3500008911A3
:100FB80012239B322446AD573665BF74488CC19DB9
:100FC8005AAF53BE6CCAE5DB7EE9F7F88110080119
:100FD80093331A22A5562C47B7753E64C99C408D99
:100FE800DBBF52AEEDDA64CBFFF976E802218B3035
:100FF800100299132667AF763444BD554AADC3BC79
:10100800588ED19F6EEBE7FA7CC8F5D983310A2058
:1010180091121803A7772E66B5543C45CBBD42AC58
:10102800D99E508FEFFB66EAFDD874C904428D53F0
:1010380016619F702004A9153227BB364CCEC5DF38
:101048005EEDD7FC6888E1997AABF3BA85520C4318
:1010580097711E60A1142805B3373A26CDDE44CF18
:10106800DFFD56ECE9986089FBBB72AA06638F72B4
:1010780014409D512225AB343006B9174EEFC7FEF8
:101088005CCCD5DD6AA9E3B8788AF19B87730E62D8
:1010980095501C41A3352A24B1163807CFFF46EED8
:1010A800DDDC54CDEBB962A8F99A708B0884819580
:1010B8001AA793B62CC2A5D33EE1B7F04008C919C8
:1010C800522BDB3A644EED5F766DFF7C8994008588
:1010D8009BB712A6ADD224C3BFF136E0C1184809A8
:1010E800D33B5A2AE55E6C4FF77D7E6C0AA583B424
:1010F800188691972EE3A7F23CC0B5D14229CB3888
:10110800500AD91B666FEF7E744CFD5D8BB502A447
:1011180099961087AFF326E2BDD034C1C3394A2867
:10112800D11A580BE77F6E6EF55C7C4D0CC685D7DF
:101138001EE597F42880A1913AA3B3B2444ACD5B47
:101148005669DF78600CE91D722FFB3E8DD604C707
:101158009FF516E4A9902081BBB332A2C55A4C4B27
:10116800D7795E68E11C680DF33F7A2E0EE787F6A3
:101178001CC495D52AA1A3B03882B193466BCF7A07
:101188005448DD59622DEB3C700EF91F8FF706E6C7
:101198009DD414C5ABB122A0B9923083C77B4E6AE7
:1011A800D5585C49E33D6A2CF11E780F7D04017C1B
:1011B800000240AB0341010553080658040700002C
:1011C8000F000810810911000A15800B16000C1871
:1011D800010D00002D25642E2564000025642E25B0
:1011E80064000000696E737461736B006D6F746FD7
:1011F800727461736B000000636861737369737460
:1012080061736B00636D647461736B0067696D6211
:10121800616C7461736B00007472616E73746173D6
:101228006B00000073686F6F747461736B0000006B
:101238007472616E736D697373696F6E5F666462F1
:101248000000000073686F6F745F666462000000DE
:1012580067696D62616C5F666462000073686F6FD6
:10126800745F636D6400000067696D62616C5F6341
:101278006D6400007472616E735F666462000000E2
:1012880067696D62616C5F696E735F746F706963C3
:1012980000000000696E735F746F7069630000007E
:1012A800636861737369735F66646200636861731E
:1012B8007369735F636D6400493A00001B5B313BDF
:1012C80033326D002020257325735B667265655285
:1012D800544F535D204D6F746F72205461736B20AF
:1012E80053746172740D0A0D0A2573001B5B306D0F
:1012F80000000000453A00001B5B313B33316D00B4
:101308002020257325735B6672656552544F535DC3
:10131800204D6F746F72205461736B206973206263
:1013280065696E672044454C415921206474203D0D
:101338002025730D0A0D0A2573000000202025734F
:1013480025735B6672656552544F535D204368612F
:1013580073736973205461736B2053746172740DD5
:101368000A0D0A25730000002020257325735B668B
:1013780072656552544F535D204368617373697396
:10138800205461736B206973206265696E6720441D
:10139800454C415921206474203D2025730D0A0DC8
:1013A8000A2573002020257325735B6672656552D4
:1013B800544F535D20436D64205461736B20537404
:1013C8006172740D0A0D0A25730000002020257330
:1013D80025735B6672656552544F535D20436D6497
:1013E800205461736B206973206265696E672044BD
:1013F800454C415921206474203D2025730D0A0D68
:101408000A2573002020257325735B667265655273
:10141800544F535D205472616E73205461736B2076
:1014280053746172740D0A0D0A2573002020257308
:1014380025735B6672656552544F535D2054726123
:101448006E73205461736B206973206265696E67DF
:101458002044454C415921206474203D2025730DBA
:101468000A0D0A25730000002020257325735B668A
:1014780072656552544F535D2067696D62616C20D7
:101488005461736B2053746172740D0A0D0A2573CD
:10149800000000002020257325735B667265655285
:1014A800544F535D2047696D62616C205461736BC2
:1014B800206973206265696E672044454C41592153
:1014C800206474203D2025730D0A0D0A2573000041
:1014D8002020257325735B6672656552544F535DF2
:1014E8002073686F6F74205461736B20537461723A
:1014F800740D0A0D0A2573002020257325735B6679
:1015080072656552544F535D2073686F6F74205431
:1015180061736B206973206265696E672044454C6E
:10152800415921206474203D2025730D0A0D0A2598
:10153800730000002020257325735B667265655271
:10154800544F535D20696E73205461736B2053743C
:101558006172740D0A0D0A2573000000202025739E
:1015680025735B6672656552544F535D20696E73CF
:10157800205461736B206973206265696E6720442B
:10158800454C415921206474203D2025730D0A0DD6
:101598000A2573002020257325734552524F523A6D
:1015A8005B6672656552544F535D2047696D626191
:1015B8006C205461736B2044656C61790D0A0D0AC7
:1015C800257300002020257325735B6672656552BC
:1015D800544F535D20496E73205461736B205374CC
:1015E8006172740D0A0D0A2573000000202025730E
:1015F80025734552524F523A5B6672656552544F95
:10160800535D20496E73205461736B2044656C618F
:10161800790D0A0D0A257300000000000000000083
:10162800C3F51C410000803F0000000000000000DE
:10163800000000000000803F0000000000000000E3
:10164800000000000000803F2020257325734D6FA7
:10165800746F72205461736B2053746172740D0A35
:101668000D0A2573000000002020257325734552BC
:10167800524F523A5B6672656552544F535D204D26
:101688006F746F72205461736B2044656C61790DBF
:101698000A0D0A2573000000202025732573455282
:1016A800524F523A5B6672656552544F535D2053F0
:1016B800686F6F74205461736B2044656C61790D99
:1016C8000A0D0A2573000000202025732573455252
:1016D800524F523A5B6672656552544F535D2054BF
:1016E80072616E73205461736B2044656C61790D6F
:1016F8000A0D0A257300000000000000920E493C04
:10170800B10AC93C2BC3163D2EFB483D752B7B3DCA
:1017180004A9963D80B6AF3D36BDC83D2FBCE13D1E
:1017280073B2FA3D87CF093E8340163EB5AB223EE1
:10173800A2102F3ECF6E3B3EC2C5473E0115543E18
:10174800135C603E7F9A6C3ECCCF783EC07D823E73
:10175800938E883E229A8E3E32A0943E86A09A3E70
:10176800E59AA03E128FA63ED47CAC3EEF63B23E13
:101778002A44B83E491DBE3E15EFC33E53B9C93E83
:10178800CA7BCF3E4136D53E80E8DA3E4F92E03EF6
:101798007533E63EBBCBEB3EEA5AF13ECBE0F63E74
:1017A800275DFC3EE4E7003F3D9C033F824B063F3C
:1017B8009BF5083F6B9A0B3FDA390E3FCDD3103FAC
:1017C8002A68133FD9F6153FC07F183FC6021B3F52
:1017D800D17F1D3FCBF61F3F9967223F25D2243F7B
:1017E8005636273F1594293F4AEB2B3FDE3B2E3FC9
:1017F800BB85303FC9C8323FF304353F233A373FF2
:101808004268393F3B8F3B3FF9AE3D3F67C73F3F9B
:1018180070D8413F01E2433F03E4453F65DE473F5F
:1018280012D1493FF8BB4B3F029F4D3F207A4F3FB3
:101838003D4D513F4918533F31DB543FE595563FE5
:101848005348583F6AF2593F1A945B3F532D5D3F06
:1018580005BE5E3F2146603F97C5613F5A3C633FE6
:1018680059AA643F880F663FD86B673F3CBF683F03
:10187800A7096A3F0C4B6B3F5E836C3F93B26D3F89
:101888009ED86E3F73F56F3F0809713F5213723F40
:101898004714733FDD0B743F0BFA743FC6DE753F88
:1018A80007BA763FC58B773FF853783F9812793F50
:1018B8009DC7793F02737A3FBE147B3FCDAC7B3F17
:1018C800283B7C3FC9BF7C3FAC3A7D3FCCAB7D3FDA
:1018D80023137E3FB0707E3F6DC47E3F580E7F3F1E
:1018E8006D4E7F3FAB847F3F0FB17F3F97D37F3FE4
:1018F80043EC7F3F11FB7F3F0000803F11FB7F3FA0
:1019080043EC7F3F97D37F3F0FB17F3FAB847F3F4F
:101918006D4E7F3F580E7F3F6DC47E3FB0707E3F57
:1019280023137E3FCCAB7D3FAC3A7D3FC9BF7C3FA4
:10193800283B7C3FCDAC7B3FBE147B3F02737A3F94
:101948009DC7793F9812793FF853783FC58B773F09
:1019580007BA763FC6DE753F0BFA743FDD0B743F5E
:101968004714733F5213723F0809713F73F56F3F75
:101978009ED86E3F93B26D3F5E836C3F0C4B6B3FBE
:10198800A7096A3F3CBF683FD86B673F880F663F2F
:1019980059AA643F5A3C633F97C5613F2146603F5F
:1019A80005BE5E3F532D5D3F1A945B3F6AF2593F77
:1019B8005348583FE595563F31DB543F4918533F4C
:1019C8003D4D513F207A4F3F029F4D3FF8BB4B3F63
:1019D80012D1493F65DE473F03E4453F01E2433FFB
:1019E80070D8413F67C73F3FF9AE3D3F3B8F3B3F14
:1019F8004268393F233A373FF304353FC9C8323F7D
:101A0800BB85303FDE3B2E3F4AEB2B3F1594293FE9
:101A18005636273F25D2243F9967223FCBF61F3FF2
:101A2800D17F1D3FC6021B3FC07F183FD9F6153F27
:101A38002A68133FCDD3103FDA390E3F6B9A0B3F1C
:101A48009BF5083F824B063F3D9C033FE4E7003F80
:101A5800275DFC3ECBE0F63EEA5AF13EBBCBEB3EBF
:101A68007533E63E4F92E03E80E8DA3E4136D53E99
:101A7800CA7BCF3E53B9C93E15EFC33E491DBE3E92
:101A88002A44B83EEF63B23ED47CAC3E128FA63EE9
:101A9800E59AA03E86A09A3E32A0943E229A8E3EB7
:101AA800938E883EC07D823ECCCF783E7F9A6C3E36
:101AB800135C603E0115543EC2C5473ECF6E3B3EA7
:101AC800A2102F3EB5AB223E8340163E87CF093E7B
:101AD80073B2FA3D2FBCE13D36BDC83D80B6AF3D7F
:101AE80004A9963D752B7B3D2EFB483D2BC3163D27
:101AF800B10AC93C920E493C00000000920E49BC54
:101B0800B10AC9BC2BC316BD2EFB48BD752B7BBDC6
:101B180004A996BD80B6AFBD36BDC8BD2FBCE1BD1A
:101B280073B2FABD87CF09BE834016BEB5AB22BEDD
:101B3800A2102FBECF6E3BBEC2C547BE011554BE14
:101B4800135C60BE7F9A6CBECCCF78BEC07D82BE6F
:101B5800938E88BE229A8EBE32A094BE86A09ABE6C
:101B6800E59AA0BE128FA6BED47CACBEEF63B2BE0F
:101B78002A44B8BE491DBEBE15EFC3BE53B9C9BE7F
:101B8800CA7BCFBE4136D5BE80E8DABE4F92E0BEF2
:101B98007533E6BEBBCBEBBEEA5AF1BECBE0F6BE70
:101BA800275DFCBEE4E700BF3D9C03BF824B06BF38
:101BB8009BF508BF6B9A0BBFDA390EBFCDD310BFA8
:101BC8002A6813BFD9F615BFC07F18BFC6021BBF4E
:101BD800D17F1DBFCBF61FBF996722BF25D224BF77
:101BE800563627BF159429BF4AEB2BBFDE3B2EBFC5
:101BF800BB8530BFC9C832BFF30435BF233A37BFEE
:101C0800426839BF3B8F3BBFF9AE3DBF67C73FBF97
:101C180070D841BF01E243BF03E445BF65DE47BF5B
:101C280012D149BFF8BB4BBF029F4DBF207A4FBFAF
:101C38003D4D51BF491853BF31DB54BFE59556BFE1
:101C4800534858BF6AF259BF1A945BBF532D5DBF02
:101C580005BE5EBF214660BF97C561BF5A3C63BFE2
:101C680059AA64BF880F66BFD86B67BF3CBF68BFFF
:101C7800A7096ABF0C4B6BBF5E836CBF93B26DBF85
:101C88009ED86EBF73F56FBF080971BF521372BF3C
:101C9800471473BFDD0B74BF0BFA74BFC6DE75BF84
:101CA80007BA76BFC58B77BFF85378BF981279BF4C
:101CB8009DC779BF02737ABFBE147BBFCDAC7BBF13
:101CC800283B7CBFC9BF7CBFAC3A7DBFCCAB7DBFD6
:101CD80023137EBFB0707EBF6DC47EBF580E7FBF1A
:101CE8006D4E7FBFAB847FBF0FB17FBF97D37FBFE0
:101CF80043EC7FBF11FB7FBF000080BF11FB7FBF9C
:101D080043EC7FBF97D37FBF0FB17FBFAB847FBF4B
:101D18006D4E7FBF580E7FBF6DC47EBFB0707EBF53
:101D280023137EBFCCAB7DBFAC3A7DBFC9BF7CBFA0
:101D3800283B7CBFCDAC7BBFBE147BBF02737ABF90
:101D48009DC779BF981279BFF85378BFC58B77BF05
:101D580007BA76BFC6DE75BF0BFA74BFDD0B74BF5A
:101D6800471473BF521372BF080971BF73F56FBF71
:101D78009ED86EBF93B26DBF5E836CBF0C4B6BBFBA
:101D8800A7096ABF3CBF68BFD86B67BF880F66BF2B
:101D980059AA64BF5A3C63BF97C561BF214660BF5B
:101DA80005BE5EBF532D5DBF1A945BBF6AF259BF73
:101DB800534858BFE59556BF31DB54BF491853BF48
:101DC8003D4D51BF207A4FBF029F4DBFF8BB4BBF5F
:101DD80012D149BF65DE47BF03E445BF01E243BFF7
:101DE80070D841BF67C73FBFF9AE3DBF3B8F3BBF10
:101DF800426839BF233A37BFF30435BFC9C832BF79
:101E0800BB8530BFDE3B2EBF4AEB2BBF159429BFE5
:101E1800563627BF25D224BF996722BFCBF61FBFEE
:101E2800D17F1DBFC6021BBFC07F18BFD9F615BF23
:101E38002A6813BFCDD310BFDA390EBF6B9A0BBF18
:101E48009BF508BF824B06BF3D9C03BFE4E700BF7C
:101E5800275DFCBECBE0F6BEEA5AF1BEBBCBEBBEBB
:101E68007533E6BE4F92E0BE80E8DABE4136D5BE95
:101E7800CA7BCFBE53B9C9BE15EFC3BE491DBEBE8E
:101E88002A44B8BEEF63B2BED47CACBE128FA6BEE5
:101E9800E59AA0BE86A09ABE32A094BE229A8EBEB3
:101EA800938E88BEC07D82BECCCF78BE7F9A6CBE32
:101EB800135C60BE011554BEC2C547BECF6E3BBEA3
:101EC800A2102FBEB5AB22BE834016BE87CF09BE77
:101ED80073B2FABD2FBCE1BD36BDC8BD80B6AFBD7B
:101EE80004A996BD752B7BBD2EFB48BD2BC316BD23
:101EF800B10AC9BC920E49BC0000008080050024CC
:101F0800494E4600696E66004E414E006E616E0095
:101F18003031323334353637383961626364656657
:101F28000000000030313233343536373839414219
:101F38004344454600000000286E756C6C2900007B
:101F480030000000202020202020202020202020D9
:101F580020202020303030303030303030303030B9
:101F6800303030304E614E00496E66696E69747962
:101F78000000000042616C6C6F63207375636365D9
:101F880065646564000000002F6D6E742F776F72B2
:101F98006B73706163652F776F726B7370616365C4
:101FA8002F4743432D31302D706970656C696E651C
:101FB8002F6A656E6B696E732D4743432D31302D43
:101FC800706970656C696E652D3333385F323032F5
:101FD80031313031385F31363334353136323033A0
:101FE8002F7372632F6E65776C69622F6E65776CDD
:101FF80069622F6C6962632F7374646C69622F6401
:10200800746F612E630000002F6D6E742F776F72EE
:102018006B73706163652F776F726B737061636543
:102028002F4743432D31302D706970656C696E659B
:102038002F6A656E6B696E732D4743432D31302DC2
:10204800706970656C696E652D3333385F32303274
:1020580031313031385F313633343531363230331F
:102068002F7372632F6E65776C69622F6E65776C5C
:1020780069622F6C6962632F7374646C69622F6D77
:10208800707265632E6300000080E03779C34143B6
:10209800176E05B5B5B89346F5F93FE9034F384DC6
:1020A800321D30F94877825A3CBF737FDD4F157572
:1020B800000000000000F03F000000000000244085
:1020C80000000000000059400000000000408F4060
:1020D800000000000088C34000000000006AF840CB
:1020E8000000000080842E4100000000D0126341EF
:1020F8000000000084D797410000000065CDCD4165
:10210800000000205FA00242000000E87648374245
:10211800000000A2941A6D42000040E59C30A242E3
:102128000000901EC4BCD64200003426F56B0C4358
:102138000080E03779C3414300A0D88557347643FF
:1021480000C84E676DC1AB43003D9160E458E14360
:10215800408CB5781DAF154450EFE2D6E41A4B44D5
:1021680092D54D06CFF08044F64AE1C7022DB5441A
:10217800B49DD9794378EA440500000019000000AD
:102188007D0000002C2066756E6374696F6E3A20BE
:1021980000000000617373657274696F6E202225F8
:1021A8007322206661696C65643A2066696C6520F3
:1021B800222573222C206C696E65202564257325E1
:1021C800730A000043000000504F534958000000B4
:1021D8002E00000020202020202020202020202049
:1021E8002020202030303030303030303030303027
:1021F80030303030002020202020202020202828A7
:1022080028282820202020202020202020202020AE
:1022180020202020208810101010101010101010EE
:10222800101010101004040404040404040404101E
:1022380010101010101041414141414101010101AC
:102248000101010101010101010101010101010176
:102258001010101010104242424242420202020282
:102268000202020202020202020202020202020246
:1022780010101010200000000000000000000000F6
:102288000000000000000000000000000000000046
:102298000000000000000000000000000000000036
:1022A8000000000000000000000000000000000026
:1022B8000000000000000000000000000000000016
:1022C8000000000000000000000000000000000006
:1022D80000000000000000000000000000000000F6
:1022E80000000000000000000000000000000000E6
:1022F80000000000000000003863ED3EDA0F493F9F
:102308005E987B3FDA0FC93F6937AC3168212233C9
:10231800B40F14336821A233DB0F49BFE4CB164056
:10232800E4CB16C000000080DB0F4940DB0F49C03A
:102338000000000000000080000FC93F000F494066
:1023480000CB9640000FC9400053FB4000CB16411C
:1023580000ED2F41000F49410031624100537B419C
:10236800003A8A4100CB9641005CA34100EDAF41A1
:10237800007EBC41000FC94100A0D5410031E241B7
:1023880000C2EE410053FB4100F20342003A0A4208
:102398000083104200CB164200141D42005C234209
:1023A80000A5294200ED2F4200363642007E3C420D
:1023B80000C74242000F4942A2000000F900000095
:1023C800830000006E0000004E0000004400000082
:1023D8001500000029000000FC0000002700000094
:1023E80057000000D1000000F50000003400000094
:1023F800DD000000C0000000DB00000062000000FB
:1024080095000000990000003C0000004300000017
:102418009000000041000000FE0000005100000094
:1024280063000000AB000000DE000000BB000000FD
:10243800C500000061000000B70000002400000093
:102448006E0000003A000000420000004D0000004D
:10245800D2000000E0000000060000004900000073
:102468002E000000EA00000009000000D100000072
:10247800920000001C000000FE0000001D0000008B
:10248800EB0000001C000000B10000002900000063
:10249800A70000003E000000E800000082000000E5
:1024A80035000000F50000002E000000BB00000011
:1024B8004400000084000000E90000009C000000C7
:1024C8007000000026000000B40000005F0000005B
:1024D8007E0000004100000039000000910000006B
:1024E800D6000000390000008300000053000000FF
:1024F80039000000F40000009C0000008400000087
:102508005F0000008B000000BD000000F900000023
:10251800280000003B0000001F000000F800000039
:1025280097000000FF000000DE000000050000002A
:10253800980000000F000000EF0000002F000000CE
:10254800110000008B0000005A0000000A00000083
:102558006D0000001F0000006D0000003600000044
:102568007E000000CF00000027000000CB00000024
:1025780009000000B70000004F00000046000000FE
:102588003F000000660000009E0000005F000000A1
:10259800EA0000002D000000750000002700000080
:1025A800BA000000C7000000EB000000E5000000D2
:1025B800F10000007B0000003D0000000700000063
:1025C80039000000F70000008A00000052000000F7
:1025D80092000000EA0000006B000000FB00000011
:1025E8005F000000B10000001F0000008D00000027
:1025F8005D00000008000000560000000300000015
:102608003000000046000000FC0000007B000000D5
:102618006B000000AB000000F0000000CF000000DD
:10262800BC000000200000009A000000F400000038
:10263800360000001D000000A9000000E3000000B3
:1026480091000000610000005E000000E60000004C
:102658001B00000008000000650000009900000051
:10266800850000005F00000014000000A0000000CA
:1026780068000000400000008D000000FF0000001E
:10268800D8000000800000004D000000730000002A
:1026980027000000310000000600000006000000CE
:1026A8001500000056000000CA000000730000007A
:1026B800A8000000C900000060000000E20000005F
:1026C8007B000000C00000008C0000006B000000D0
:1026D8000000C93F0000F0390000DA370000A233DB
:1026E8000000842E0000502B0000C2270000D022DA
:1026F8000000C41F0000C61B0000441704000000AF
:082708000700000009000000B9
:08271000C8E7FD7F0100000095
:082718005DB40108250300086F
:0427200001030008A9
:102724000090D0030090D0030100000010000000CE
:1027340093AD00082FAD000815AC000800000000A0
:102744003DAA000899AB000861AB00080000000036
:10275400000000000000000019AB0008D1AA000826
:1027640089AA00087DAA000809024300020100C0EA
:1027740032090400000102020100052400100105D1
:102784002401000104240202052406000107058235
:102794000308001009040100020A000000070501F3
:1027A4000240000007058102400000000A06000202
:1027B4000000004001000000AAAAAAAAF9E6000845
:1027C400CDE60008D1E60008D9E60008D5E6000801
:1027D4004DE7000859E700081DE80008F9E700087C
:1027E400E5E7000839E800085DE80008000000009B
:1027F4001201000202020040830440570002010259
:1028040003010000040309041A030000000000008F
:1028140000000000000000000000000000000000B4
:10282400000000000050C347CDCCCC3DCDCCCC3D06
:10283400CDCCCC3DCDCCCC3DCDCCCC3DCDCCCC3D0C
:102844000050C347CDCCCC3DCDCCCC3DCDCCCC3D44
:10285400CDCCCC3DCDCCCC3DCDCCCC3D0050C34734
:10286400CDCCCC3DCDCCCC3DCDCCCC3DCDCCCC3DDC
:10287400CDCCCC3DCDCCCC3D0050C347CDCCCC3D14
:10288400CDCCCC3DCDCCCC3DCDCCCC3DCDCCCC3DBC
:10289400CDCCCC3D0000C842CDCCCC3DCDCCCC3D44
:1028A400CDCCCC3DCDCCCC3DCDCCCC3DCDCCCC3D9C
:1028B4000000C842FFFF00003333EB3A58A08B3AC4
:1028C40001000000FF010000000000000000000003
:1028D400000200000000000000000000FF020000F1
:1028E4000000000000000000FF01000000000000E4
:1028F40000000000000200000000000000000000D2
:10290400FF020000000000000000000001000000C1
:1029140000000000000000000000000000000000B3
:1029240000000000000001FAB412020824000000B4
:102934000000000000000000000000000000000093
:102944000000000000000000000000000000000083
:102954000000000000000000A81202084800000067
:102964000000000000000000000000000000000063
:102974000000000000000000000000000000000053
:102984000000000000000000701202080C000000AB
:102994000000000000000000000000000000000033
:1029A4000000000000000000000000000000000023
:1029B4000000000000000000581202081800000087
:1029C4000000000000000000000000000000000003
:1029D40000000000000000000000000000000000F3
:1029E4000000000000000000881202084C000000F3
:1029F40000000000000000000000000000000000D3
:102A040000000000000000000000000000000000C2
:102A140000000000000000009C12020834000000C6
:102A240000000000000000000000000000000000A2
:102A34000000000000000000000000000000000092
:102A44000000000000000000641202080A000000F8
:102A54000000000000000000000000000000000072
:102A64000000000000000000000000000000000062
:102A740000000000000000004C12020808000000E2
:102A84000000000000000000000000000000000042
:102A94000000000000000000000000000000000032
:102AA40000000000000000007C120208100000007A
:102AB4000000000000000000000000000000000012
:102AC4000000000000000000000000000000000002
:102AD400000000000000000038120208100000008E
:102AE40000000000000000000000000000000000E2
:102AF40000000000000000000000000000000000D2
:102B040000000000000000000000803FA69B443B42
:102B1400000000000000803F060001002865032437
:102B24000600010040650324020006005C650324DE
:102B340006000100C864032406000100E0640324C5
:102B440002000100B864032402000100C0640324ED
:102B540006000100F8640324060001001065032444
:102B640020525A427CF2B03B7CF2B03B924B8641FD
:102B74000000484200000000000000000000704116
:102B84000000A04000000040000000000000803F62
:102B94000000803F0AD7A33BCDCCCC3D060000000B
:102BA400010000000600000010000000000000000A
:102BB4000000000000000000000000000000000011
:102BC40001000000020000000000000006020000F6
:102BD40000000000000000000000000000000000F1
:102BE40000000000000020430000204217B7D13845
:102BF4000000FA4300000000010000000000C84289
:102C040000000000000000000000000000000000C0
:102C140002000000020000000000000003020000A7
:102C2400F06E03240000000000000000000000001B
:102C3400000000000200000002000000000000008C
:102C440004020000F86E03240000000000000000ED
:102C5400000000000000000003000000030000006A
:102C64000000000005020000006F032400000000C3
:102C7400000000000000000000000000FF01201917
:102C84000000000000000000000000000000000040
:102C94000000000000000000000000008005002487
:102CA400000000006C080024D40800243C0900241F
:102CB4000000000000000000000000000000000010
:102CC4000000000000000000000000000000000000
:102CD40000000000000000000000000000000000F0
:102CE40000000000000000000000000000000000E0
:102CF40000000000000000000000000000000000D0
:102D040000000000000000000000000000000000BF
:102D140000000000000000000000000000000000AF
:102D2400000000000000000000000000000000009F
:102D3400000000000000000000000000000000008F
:102D4400000000000000000001000000000000007E
:102D54000E33CDAB34126DE6ECDE05000B00000043
:102D6400000000000000000000000000000000005F
:102D7400000000000000000000000000000000004F
:102D8400000000000000000000000000000000003F
:102D9400000000000000000000000000000000002F
:102DA400000000000000000000000000000000001F
:102DB400000000000000000000000000000000000F
:102DC40000000000000000000000000000000000FF
:102DD40000000000000000000000000000000000EF
:102DE40000000000000000000000000000000000DF
:102DF40000000000000000000000000000000000CF
:102E040000000000000000000000000000000000BE
:102E140000000000000000000000000000000000AE
:102E2400000000000000000000000000000000009E
:102E3400000000000000000000000000000000008E
:102E4400000000000000000000000000000000007E
:102E5400000000000000000000000000000000006E
:102E6400000000000000000000000000000000005E
:102E7400000000000000000000000000000000004E
:102E8400000000000000000000000000000000003E
:102E9400000000000000000000000000000000002E
:102EA400000000000000000000000000000000001E
:102EB400000000000000000000000000000000000E
:102EC40000000000000000000000000000000000FE
:102ED40000000000000000000000000000000000EE
:102EE40000000000000000000000000000000000DE
:102EF40000000000000000000000000000000000CE
:102F040000000000000000000000000000000000BD
:102F140000000000000000000000000000000000AD
:102F2400000000000000000000000000000000009D
:102F3400000000000000000000000000000000008D
:102F4400000000000000000000000000000000007D
:102F5400000000000000000000000000000000006D
:102F6400000000000000000000000000000000005D
:102F7400000000000000000000000000000000004D
:102F8400000000000000000000000000000000003D
:102F9400000000000000000000000000000000002D
:102FA400000000000000000000000000000000001D
:102FB400000000000000000000000000000000000D
:102FC40000000000000000000000000000000000FD
:102FD40000000000000000000000000000000000ED
:102FE40000000000000000000000000000000000DD
:102FF40000000000000000000000000000000000CD
:1030040000000000000000000000000000000000BC
:1030140000000000000000000000000000000000AC
:10302400000000000000000000000000000000009C
:10303400000000000000000000000000000000008C
:10304400000000000000000000000000000000007C
:10305400000000000000000000000000000000006C
:10306400000000000000000000000000000000005C
:10307400000000000000000000000000000000004C
:10308400000000000000000000000000000000003C
:10309400000000000000000000000000000000002C
:1030A400000000000000000000000000000000001C
:1030B400000000000000000000000000000000000C
:1030C40000000000000000000000000000000000FC
:1030D400A8090024A8090024B0090024B009002488
:1030E400B8090024B8090024C0090024C009002438
:1030F400C8090024C8090024D0090024D0090024E8
:10310400D8090024D8090024E0090024E009002497
:10311400E8090024E8090024F0090024F009002447
:10312400F8090024F8090024000A0024000A0024F5
:10313400080A0024080A0024100A0024100A0024A3
:10314400180A0024180A0024200A0024200A002453
:10315400280A0024280A0024300A0024300A002403
:10316400380A0024380A0024400A0024400A0024B3
:10317400480A0024480A0024500A0024500A002463
:10318400580A0024580A0024600A0024600A002413
:10319400680A0024680A0024700A0024700A0024C3
:1031A400780A0024780A0024800A0024800A002473
:1031B400880A0024880A0024900A0024900A002423
:1031C400980A0024980A0024A00A0024A00A0024D3
:1031D400A80A0024A80A0024B00A0024B00A002483
:1031E400B80A0024B80A0024C00A0024C00A002433
:1031F400C80A0024C80A0024D00A0024D00A0024E3
:10320400D80A0024D80A0024E00A0024E00A002492
:10321400E80A0024E80A0024F00A0024F00A002442
:10322400F80A0024F80A0024000B0024000B0024F0
:10323400080B0024080B0024100B0024100B00249E
:10324400180B0024180B0024200B0024200B00244E
:10325400280B0024280B0024300B0024300B0024FE
:10326400380B0024380B0024400B0024400B0024AE
:10327400480B0024480B0024500B0024500B00245E
:10328400580B0024580B0024600B0024600B00240E
:10329400680B0024680B0024700B0024700B0024BE
:1032A400780B0024780B0024800B0024800B00246E
:1032B400880B0024880B0024900B0024900B00241E
:1032C400980B0024980B0024A00B0024A00B0024CE
:1032D400A80B0024A80B0024B00B0024B00B00247E
:1032E400B80B0024B80B0024C00B0024C00B00242E
:1032F400C80B0024C80B0024D00B0024D00B0024DE
:10330400D80B0024D80B0024E00B0024E00B00248D
:10331400E80B0024E80B0024F00B0024F00B00243D
:10332400F80B0024F80B0024000C0024000C0024EB
:10333400080C0024080C0024100C0024100C002499
:10334400180C0024180C0024200C0024200C002449
:10335400280C0024280C0024300C0024300C0024F9
:10336400380C0024380C0024400C0024400C0024A9
:10337400480C0024480C0024500C0024500C002459
:10338400580C0024580C0024600C0024600C002409
:10339400680C0024680C0024700C0024700C0024B9
:1033A400780C0024780C0024800C0024800C002469
:1033B400880C0024880C0024900C0024900C002419
:1033C400980C0024980C0024A00C0024A00C0024C9
:1033D400A80C0024A80C0024B00C0024B00C002479
:1033E400B80C0024B80C0024C00C0024C00C002429
:1033F400C80C0024C80C0024D00C0024D00C0024D9
:10340400D80C0024D80C0024E00C0024E00C002488
:10341400E80C0024E80C0024F00C0024F00C002438
:10342400F80C0024F80C0024000D0024000D0024E6
:10343400080D0024080D0024100D0024100D002494
:10344400180D0024180D0024200D0024200D002444
:10345400280D0024280D0024300D0024300D0024F4
:10346400380D0024380D0024400D0024400D0024A4
:10347400480D0024480D0024500D0024500D002454
:10348400580D0024580D0024600D0024600D002404
:10349400680D0024680D0024700D0024700D0024B4
:1034A400780D0024780D0024800D0024800D002464
:1034B400880D0024880D0024900D0024900D002414
:1034C400980D0024980D0024A00D0024A00D0024C4
:1034D400FFFFFFFF000002002870032443000000E8
:1034E40000000000000000000000000000000000D8
:1034F4000000000000000000000000004300000085
:1035040000000000000000000000000000000000B7
:103514000000000000000000000000004300000064
:103524000000000000000000000000000000000097
:103534000000000000000000000000004300000044
:103544000000000000000000000000000000000077
:103554000000000000000000000000004300000024
:103564000000000000000000000000000000000057
:103574000000000000000000000000004300000004
:103584000000000000000000000000000000000037
:1035940000000000000000000000000043000000E4
:1035A4000000000000000000000000000000000017
:1035B40000000000000000000000000075E60108A3
:1035C40085D2010800000000FC210208D82102086D
:1035D40098210208982102089821020898210208DB
:1035E40098210208982102089821020898210208CB
:1035F40098210208FFFFFFFFFFFFFFFFFFFFFFFF10
:10360400FFFF00000100415343494900000000004E
:1036140000000000000000000000000000000000A6
:10362400000000000000415343494900000000002D
:103634000000000000000000000000000000000086
:0836440000000000000000007E
:0400000508002B05BF
:00000001FF
