Timestamp,Wecd_R,Timestamp,Wecd_L
10649,0,10649,0
33483,0,33483,0
47431,0,47431,0
64669,0,64669,0
80000,0,80000,0
96575,0,96575,0
110609,0,110609,0
127129,0,127129,0
142480,0,142480,0
158256,0,158256,-0.267035
175172,0,175172,-6.11E-12
191694,0,191694,-4.01E-25
206589,0,206589,-1.76E-37
223291,0,223291,0
238059,0,238059,0
253977,0,253977,0
267628,0,267628,0
285776,0,285776,0
300287,0,300287,0
316617,0,316617,0
332613,0,332613,0
349101,0,349101,0
364261,0,364261,0
380760,0,380760,0
395428,0,395428,0
411751,0,411751,0
425186,0,425186,0
443347,0,443347,0
457734,0,457734,0
474366,0,474366,0
489875,0,489875,0
506535,0,506535,0
522105,0,522105,0
530084,0,530084,0
553175,0,553175,0
569796,0,569796,0
584879,0,584879,0
598716,0,598716,0
614685,0,614685,0
631881,0,631881,0
645244,0,645244,0
660740,0,660740,0
677740,0,677740,0
693747,0,693747,0
708805,0,708805,0
725722,0,725722,0
741777,0,741777,0
757869,0,757869,0
771908,0,771908,0
786939,0,786939,0
802774,0,802774,0
818891,0,818891,0
834886,0,834886,0
849743,0,849743,0
866769,0,866769,0
882754,0,882754,0
899775,0,899775,0
913814,0,913814,0
929838,0,929838,0
946675,0,946675,0
960716,0,960716,0
978831,0,978831,0
994779,0,994779,0
1008924,0,1008924,0
1024902,0,1024902,0
1041819,0,1041819,0
1056024,0,1056024,0
1072499,0,1072499,0
1087364,0,1087364,0
1105340,0,1105340,0
1119902,0,1119902,0
1135999,0,1135999,0
1150867,0,1150867,0
1166441,0,1166441,0
1182366,0,1182366,0
1199383,0,1199383,0
1213615,0,1213615,0
1228573,0,1228573,0
1245585,0,1245585,0
1260092,0,1260092,0
1270476,0,1270476,0
1292404,0,1292404,0
1307542,0,1307542,0
1322654,0,1322654,0
1337533,0,1337533,0
1354612,0,1354612,0
1369781,0,1369781,0
1384822,0,1384822,0
1400693,0,1400693,-0.307091
1415696,0,1415696,-9.17E-13
1432905,0,1432905,-9.03E-27
1449993,0,1449993,-3.95E-39
1463254,0,1463254,0
1480251,0,1480251,0
1495328,0,1495328,0
1510757,0,1510757,0
1526413,0,1526413,0
1532486,0,1532486,0
1556897,0,1556897,0
1574926,0,1574926,0
1588911,0,1588911,0
1605482,0,1605482,0
1621773,0,1621773,0
1638706,0,1638706,0
1654024,0,1654024,0
1668301,0,1668301,0
1686148,0,1686148,0
1701128,0,1701128,0
1715694,0,1715694,0
1733589,0,1733589,0
1748780,0,1748780,0
1763952,0,1763952,0
1779885,0,1779885,0
1795953,0,1795953,0
1811286,0,1811286,0
1827402,0,1827402,0
1841334,0,1841334,0
1857752,0,1857752,0
1873565,0,1873565,0
1890537,0,1890537,0
1919655,0,1919655,0
1935548,0,1935548,0
1952557,0,1952557,0
1968724,0,1968724,0
1983172,0,1983172,0
2000395,0,2000395,0
2015239,0,2015239,0
2029244,0,2029244,0
2047981,0,2047981,0
2062504,0,2062504,0
2077514,0,2077514,0
2095272,0,2095272,0
2110518,0,2110518,0
2126867,0,2126867,0
2144194,0,2144194,0
2174361,0,2174361,0
2190833,0,2190833,0
2204702,0,2204702,0
2221534,0,2221534,0
2237369,0,2237369,0
2253527,0,2253527,0
2269468,0,2269468,0
2285383,0,2285383,0
2301364,0,2301364,0
2315912,0,2315912,0
2331990,0,2331990,0
2348188,0,2348188,0
2364684,0,2364684,0
2379473,0,2379473,0
2394245,0,2394245,0
2420691,0,2420691,0
2444390,0,2444390,0
2458845,0,2458845,0
2474960,0,2474960,0
2490846,0,2490846,0
2506936,0,2506936,0
2522425,0,2522425,0
2538392,0,2538392,0
2554504,0,2554504,0
2570501,0,2570501,0
2586481,0,2586481,0
2602387,0,2602387,0
2619474,0,2619474,0
2635535,0,2635535,0
2649516,0,2649516,0
2666081,0,2666081,0
2683063,0,2683063,0
2697995,0,2697995,0
2713494,0,2713494,0
2730636,0,2730636,0
2745596,0,2745596,0
2761212,0,2761212,0
2777054,0,2777054,0
2794143,0,2794143,0
2808593,0,2808593,0
2824662,0,2824662,0
2840661,0,2840661,0
2856683,0,2856683,0
2871857,0,2871857,0
2887842,0,2887842,0
2903683,0,2903683,0
2918735,0,2918735,0
2934603,0,2934603,-8.05E-08
2951610,0,2951610,-5.29E-21
2966228,0,2966228,-3.47E-34
2981107,0,2981107,0
2998210,0,2998210,0
3014249,0,3014249,0
3031185,0,3031185,0
3045281,0,3045281,0
3060958,0,3060958,0
3076900,0,3076900,0
3092859,0,3092859,0
3109919,0,3109919,0
3124078,0,3124078,0
3141024,0,3141024,0
3156296,0,3156296,0
3170445,0,3170445,0
3187385,0,3187385,0
3203965,0,3203965,0
3216914,0,3216914,0
3235419,0,3235419,-0.0471203
3250934,0,3250934,-2.06E-14
3266033,0,3266033,-1.36E-27
3281726,0,3281726,-8.90E-41
3298650,0,3298650,0
3314624,0,3314624,0
3331130,0,3331130,0
3345473,0,3345473,0
3361190,0,3361190,0
3376153,0,3376153,0
3393320,0,3393320,0
3409391,0,3409391,0
3425795,0,3425795,0
3441261,0,3441261,0
3457054,0,3457054,0
3473037,0,3473037,0
3489387,0,3489387,0
3504021,0,3504021,0
3519034,0,3519034,0
3535638,0,3535638,0
3552563,0,3552563,0
3567109,0,3567109,0
3597919,0,3597919,0
3612750,0,3612750,0
3627641,0,3627641,0
3643903,0,3643903,0
3658164,0,3658164,0
3675838,0,3675838,0
3689750,0,3689750,0
3705717,0,3705717,0
3721138,0,3721138,0
3738472,0,3738472,0
3752129,0,3752129,0
3768883,0,3768883,0
3783656,0,3783656,0
3801215,0,3801215,0
3816901,0,3816901,0
3832308,0,3832308,0
3847830,0,3847830,0
3864071,0,3864071,0
3878404,0,3878404,0
3894809,0,3894809,0
3910063,0,3910063,-0.007065
3926554,0,3926554,-4.64E-16
3943152,0,3943152,-2.03E-28
3957172,0,3957172,-2.00E-42
3974405,0,3974405,0
3989268,0,3989268,0
4019600,0,4019600,0
4035499,0,4035499,0
4051400,0,4051400,0
4067505,0,4067505,0
4082531,0,4082531,0
4099522,0,4099522,0
4116049,0,4116049,0
4132080,0,4132080,0
4146021,0,4146021,0
4162722,0,4162722,0
4178623,0,4178623,0
4193528,0,4193528,0
4200076,0,4200076,0
4227157,0,4227157,0
4241080,0,4241080,0
4257743,0,4257743,0
4273669,0,4273669,0
4289769,0,4289769,0
4305655,0,4305655,0
4320177,0,4320177,0
4337312,0,4337312,0
4352177,0,4352177,0
4368343,0,4368343,0
4384438,0,4384438,0
4400377,0,4400377,0
4416372,0,4416372,0
4432429,0,4432429,0
4447339,0,4447339,0
4462984,0,4462984,0
4481850,0,4481850,0
4510064,0,4510064,0
4526011,0,4526011,0
4542136,0,4542136,-8.05E-08
4559133,0,4559133,-5.29E-21
4575105,0,4575105,-7.01E-45
4605224,0,4605224,0
4619648,0,4619648,0
4635747,0,4635747,0
4651717,0,4651717,0
4667188,0,4667188,0
4681182,0,4681182,0
4697170,0,4697170,0
4711721,0,4711721,0
4729726,0,4729726,0
4742767,0,4742767,0
4758267,0,4758267,0
4774278,0,4774278,0
4791361,0,4791361,0
4810205,0,4810205,0
4823410,0,4823410,0
4839441,0,4839441,0
4855312,0,4855312,0
4870971,0,4870971,0
4885851,0,4885851,0
4903713,0,4903713,0
4919027,0,4919027,0
4935020,0,4935020,0
4949970,0,4949970,0
4966171,0,4966171,0
4981031,0,4981031,0
4998164,0,4998164,0
5014188,0,5014188,0
5029144,0,5029144,0
5046113,0,5046113,0
5061298,0,5061298,0
5077331,0,5077331,0
5093830,0,5093830,0
5108510,0,5108510,0
5125011,0,5125011,0
5139434,0,5139434,0
5156892,0,5156892,0
5170552,0,5170552,0
5188803,0,5188803,0
5203560,0,5203560,0
5221540,0,5221540,0
5237682,0,5237682,0
5268122,0,5268122,0
5281242,0,5281242,0
5296940,0,5296940,0
5313695,0,5313695,0
5330085,0,5330085,0
5344288,0,5344288,0
5360753,0,5360753,0
5377586,0,5377586,0
5392149,0,5392149,0
5408976,0,5408976,0
5423836,0,5423836,0
5442289,0,5442289,0
5470835,0,5470835,0
5486333,0,5486333,0
5502757,0,5502757,0
5517743,0,5517743,0
5531905,0,5531905,0
5548855,0,5548855,0
5563742,0,5563742,0
5580396,0,5580396,0
5595055,0,5595055,0
5610613,0,5610613,0
5628250,0,5628250,0
5643578,0,5643578,0
5658172,0,5658172,0
5675294,0,5675294,0
5691196,0,5691196,0
5707787,0,5707787,0
5722783,0,5722783,0
5740376,0,5740376,0
5754700,0,5754700,0
5770240,0,5770240,0
5785288,0,5785288,0
5802252,0,5802252,0
5818410,0,5818410,0
5834454,0,5834454,0
5850316,0,5850316,0
5866469,0,5866469,0
5883480,0,5883480,0
5898368,0,5898368,0
5913395,0,5913395,0
5929429,0,5929429,0
5943987,0,5943987,0
5961070,0,5961070,0
5976991,0,5976991,0
5995006,0,5995006,0
6024200,0,6024200,0
6040204,0,6040204,0
6057030,0,6057030,0
6073233,0,6073233,0
6087265,0,6087265,0
6103853,0,6103853,0
6121109,0,6121109,0
6134087,0,6134087,0
6142083,0,6142083,0
6165634,0,6165634,0
6183625,0,6183625,0
6198675,0,6198675,0
6214236,0,6214236,0
6230221,0,6230221,0
6247149,0,6247149,0
6276197,0,6276197,0
6293762,0,6293762,0
6307851,0,6307851,0
6324874,0,6324874,0
6341016,0,6341016,0
6355055,0,6355055,0
6372047,0,6372047,0
6388051,0,6388051,0
6404631,0,6404631,0
6419694,0,6419694,0
6434719,0,6434719,0
6450769,0,6450769,0
6465273,0,6465273,0
6471249,0,6471249,0
6500310,0,6500310,0
6533415,0,6533415,0
6561547,0,6561547,0
6577395,0,6577395,0
6593525,0,6593525,0
6608952,0,6608952,0
6615040,0,6615040,0
6645582,0,6645582,0
6673515,0,6673515,0
6688932,0,6688932,0
6705393,0,6705393,0
6722650,0,6722650,0
6735425,0,6735425,0
6754348,0,6754348,0
6766912,0,6766912,0
6785033,0,6785033,0
6798877,0,6798877,0
6815645,0,6815645,0
6830429,0,6830429,0
6846439,0,6846439,0
6863376,0,6863376,0
6877781,0,6877781,0
6894298,0,6894298,0
6911349,0,6911349,0
6924913,0,6924913,0
6942764,0,6942764,0
6957778,0,6957778,0
6972911,0,6972911,0
6988626,0,6988626,0
7004521,0,7004521,0
7019034,0,7019034,0
7037052,0,7037052,0
7053164,0.659751,7053164,1.46136
7068664,0.00400589,7068664,2.09427
7083774,-1.20E-08,7083774,-0.873039
7099650,-7.91E-22,7099650,0.359891
7115278,-2.33E-05,7115278,2.72E-11
7130295,-1.02E-17,7130295,1.19E-23
7146721,-6.71E-31,7146721,7.83E-37
7162775,-4.34E-44,7162775,0
7177788,0,7177788,0
7193775,0,7193775,0
7208884,0,7208884,0
7224960,0,7224960,0
7239839,0,7239839,0
7257841,0,7257841,0
7272498,0,7272498,0
7288471,-0.000155456,7288471,0
7303132,-1.02E-17,7303132,0
7320288,-6.71E-31,7320288,0
7336440,-4.34E-44,7336440,0
7352633,0,7352633,0
7367775,0,7367775,0
7383756,0,7383756,0
7399905,0,7399905,0
7416929,0,7416929,0
7430980,0,7430980,0
7451568,0,7451568,0
7479729,0,7479729,0
7494712,0,7494712,0
7509863,0,7509863,0
7542046,0,7542046,0
7557337,0,7557337,0
7573041,0,7573041,0
7588972,0,7588972,0
7604921,0,7604921,0
7620501,0,7620501,0
7636601,0,7636601,0
7652602,0,7652602,0
7666983,0,7666983,0
7685029,0,7685029,0
7701990,0,7701990,0
7731531,0,7731531,0
7747603,0,7747603,0
7761953,0,7761953,0
7778794,0,7778794,0
7795646,0,7795646,0
7810250,0,7810250,0
7826243,0,7826243,0
7842394,0.00471203,7842394,0
7857725,-7.79E-13,7857725,0
7871748,-7.68E-27,7871748,0
7888861,-7.56E-41,7888861,0
7906953,0,7906953,0
7935929,0,7935929,0
7956567,0,7956567,0
7981028,0,7981028,0
7998002,0,7998002,0
8013265,0,8013265,0
8029168,0,8029168,0
8045274,0,8045274,0
8060814,0,8060814,0
8075686,0,8075686,0
8092731,0,8092731,0
8108336,0,8108336,0
8123287,0,8123287,0
8140247,0,8140247,0
8158384,0,8158384,0
8188099,0,8188099,0
8205819,0,8205819,0
8235303,0,8235303,0
8250552,0.209333,8250552,0
8265874,1.01977,8265874,0
8283792,5.8547,8283792,0
8299835,6.74065,8299835,0
8314594,11.3032,8314594,0
8330336,10.2312,8330336,0
8345568,16.0263,8345568,0
8361897,16.2585,8361897,0
8376434,20.3837,8376434,0
8391998,21.7083,8391998,0
8409145,22.2303,8409145,0
8425658,21.8263,8425658,0
8439546,25.5292,8439546,0
8458531,28.31,8458531,0
8488853,29.9159,8488853,0
8504143,32.0132,8504143,0
8519641,33.9731,8519641,0
8535980,34.4541,8535980,0
8551565,37.2183,8551565,0
8566730,38.0913,8566730,0
8582504,38.0695,8582504,0
8598362,40.3326,8598362,0
8612834,36.7276,8612834,0
8630894,38.4753,8630894,0
8637847,37.4079,8637847,0
8663525,34.5783,8663525,0
8693432,38.1965,8693432,0
8710996,30.8177,8710996,0
8742620,29.0472,8742620,0
8756790,25.9953,8756790,0
8771058,24.3983,8771058,0
8788777,22.473,8788777,0
8803785,21.206,8803785,0
8830434,20.2893,8830434,0
8850222,20.6927,8850222,0
8865296,18.7552,8865296,0
8883294,21.0859,8883294,0
8896304,19.2676,8896304,0
8913835,18.7591,8913835,0
8927901,21.1292,8927901,0
8944899,17.0005,8944899,0
8962986,20.5486,8962986,0
8991258,17.909,8991258,0
9020457,20.3099,9020457,0
9037407,19.2378,9037407,0
9055566,18.6712,9055566,0
9069575,18.698,9069575,0
9085450,19.408,9085450,0
9101058,17.8969,9101058,0
9117217,19.6302,9117217,0
9132265,18.6091,9132265,0
9148342,18.5795,9148342,0
9162836,18.0602,9162836,0
9179141,19.1846,9179141,0
9194758,19.4397,9194758,0
9213496,19.5759,9213496,0
9245388,20.1458,9245388,0
9272938,15.7451,9272938,0
9288881,17.9135,9288881,0
9306024,19.0835,9306024,0
9321502,16.6818,9321502,0
9336527,16.436,9336527,0
9352464,16.3115,9352464,0
9367021,15.0389,9367021,0
9384467,18.3469,9384467,0
9400075,16.1219,9400075,0
9419157,14.6343,9419157,0
9450009,15.0654,9450009,0
9478034,12.7115,9478034,0
9495227,12.8806,9495227,0
9508253,15.3521,9508253,0
9526298,12.6391,9526298,0
9542260,11.3158,9542260,0
9561638,12.7462,9561638,0
9588984,13.7507,9588984,0
9605774,12.3953,9605774,0
9619703,12.8844,9619703,0
9637657,15.1473,9637657,0
9652682,11.7996,9652682,0
9670118,12.0389,9670118,0
9699323,16.2042,9699323,0
9720752,15.2889,9720752,0
9748947,16.1258,9748947,0
9778172,15.4286,9778172,0
9793356,15.1156,9793356,0
9814640,16.3831,9814640,0
9841687,14.5893,9841687,0
9857600,14.9795,9857600,0
9873669,14.6499,9873669,0
9888669,15.6571,9888669,0
9906154,16.0899,9906154,0
9923699,13.7687,9923699,0
9936820,14.9747,9936820,0
9953742,15.7459,9953742,0
9971992,16.2945,9971992,0
10001454,16.7548,10001454,0
10016623,16.6511,10016623,0
10033304,14.427,10033304,0
10048701,18.0368,10048701,0
10065558,15.5613,10065558,0
10083275,14.6969,10083275,0
10112404,18.3957,10112404,0
10127938,15.2953,10127938,0
10142020,15.3183,10142020,0
10158609,18.3611,10158609,0
10178137,16.9547,10178137,0
10206812,16.3097,10206812,0
10224630,17.8694,10224630,0
10252850,13.4736,10252850,0
10268934,19.2172,10268934,0
10286135,14.6543,10286135,0
10300004,17.3155,10300004,0
10316003,13.3316,10316003,0
10335640,13.0961,10335640,0
10362669,13.67,10362669,0
10377573,13.9795,10377573,0
10395147,13.9912,10395147,0
10411082,14.4555,10411082,0
10428635,13.2986,10428635,0
10457573,12.9548,10457573,0
10475547,14.5252,10475547,0
10504460,12.0789,10504460,0
10521633,15.7506,10521633,0
10537505,12.5346,10537505,0
10553159,14.0212,10553159,0
10568785,13.5088,10568785,0
10586776,14.7023,10586776,0
10614507,13.3764,10614507,0
10631353,14.6347,10631353,0
10647212,12.929,10647212,0
10663722,15.6431,10663722,0
10678726,11.8703,10678726,0
10694701,14.1691,10694701,0
10709918,13.2067,10709918,0
10728958,12.8827,10728958,0
10757651,15.1509,10757651,0
10773754,15.5349,10773754,0
10788784,17.1922,10788784,0
10804985,15.6615,10804985,0
10820244,15.3955,10820244,0
10840302,14.8734,10840302,0
10868752,17.8027,10868752,0
10884819,16.8541,10884819,0
10900677,19.5072,10900677,0
10917283,15.472,10917283,0
10933284,17.7668,10933284,0
10948037,19.697,10948037,0
10963937,17.6976,10963937,0
10981925,17.0454,10981925,0
10994007,19.8224,10994007,0
11011399,18.5659,11011399,0
11026082,16.3794,11026082,0
11043233,20.5556,11043233,0
11060170,18.3504,11060170,0
11075346,17.656,11075346,0
11095159,17.0701,11095159,0
11126353,18.9026,11126353,0
11153741,18.4982,11153741,0
11168880,17.1764,11168880,0
11185905,18.504,11185905,0
11199920,17.0683,11199920,0
11216689,18.4061,11216689,0
11232389,15.4681,11232389,0
11248469,16.3951,11248469,0
11264552,15.3213,11264552,0
11270456,16.6033,11270456,0
11295640,17.1642,11295640,0
11310119,15.2938,11310119,0
11326127,15.0484,11326127,0
11346208,15.3987,11346208,0
11376888,15.8757,11376888,0
11406632,15.0469,11406632,0
11421308,15.7116,11421308,0
11438032,14.2861,11438032,0
11455321,17.6246,11455321,0
11470758,14.8654,11470758,0
11486730,18.2818,11486730,0
11499746,14.9072,11499746,0
11517762,16.7547,11517762,0
11532371,15.7128,11532371,0
11548072,14.4591,11548072,0
11563126,15.2521,11563126,0
11570161,14.8331,11570161,0
11597743,18.3242,11597743,0
11613101,14.5251,11613101,0
11631244,14.4535,11631244,0
11660347,16.9336,11660347,0
11675424,17.558,11675424,0
11692327,16.6427,11692327,0
11707850,17.8098,11707850,0
11721896,17.734,11721896,0
11738852,16.7767,11738852,0
11753935,19.9319,11753935,-3.58E-06
11770786,19.0062,11770786,-1.57E-18
11785501,16.2736,11785501,-1.54E-32
11801539,21.7331,11801539,-7.01E-45
11819407,19.2244,11819407,0
11834995,21.621,11834995,-0.345469
11864591,18.4633,11864591,-0.523599
11882537,20.3878,11882537,-0.314175
11912182,20.0802,11912182,-0.72822
11928063,19.229,11928063,-1.1471
11944091,19.9758,11944091,-2.92671
11959169,19.9578,11959169,0.654164
11976321,18.1591,11976321,5.50E-11
11991015,19.9032,11991015,5.42E-25
12008130,21.1883,12008130,-0.00106028
12023568,20.0323,12023568,-6.96E-17
12041061,18.6611,12041061,0.209437
12069210,19.7908,12069210,0.20944
12087185,18.2842,12087185,0.20944
12103233,17.0125,12103233,0.624189
12117865,21.0054,12117865,0.423591
12136767,18.9276,12136767,0.83774
12163283,15.9495,12163283,1.88566
12180368,18.1584,12180368,-0.942565
12196363,19.1052,12196363,0.208944
12210973,17.518,12210973,-2.39E-05
12229438,16.458,12229438,0.116761
12243830,17.8758,12243830,0.209437
12259994,16.6025,12259994,-1.21E-08
12277043,17.5985,12277043,-7.93E-22
12294979,16.9031,12294979,-0.522886
12323568,19.278,12323568,1.05198
12339609,17.1322,12339609,-0.314024
12355636,16.7339,12355636,0.628226
12370046,18.6357,12370046,1.40314
12387063,19.0627,12387063,18.5102
12416681,18.1173,12416681,29.2165
12433006,16.7811,12433006,32.5413
12448581,19.9643,12448581,32.3955
12464728,18.1463,12464728,35.0707
12478716,16.6588,12478716,34.928
12495682,21.6226,12495682,38.7072
12509849,17.907,12509849,44.2305
12525869,19.9298,12525869,47.6717
12542001,19.4989,12542001,51.8595
12555947,19.2276,12555947,49.5713
12573022,17.2873,12573022,47.7022
12588932,20.6921,12588932,45.7799
12605018,18.562,12605018,45.9599
12620674,18.7397,12620674,43.1667
12638899,16.8928,12638899,39.8074
12668244,19.0653,12668244,39.7574
12685269,20.5486,12685269,34.6175
12700237,18.3267,12700237,34.3573
12715751,19.175,12715751,36.4653
12732851,19.5766,12732851,34.4292
12746839,18.746,12746839,29.4788
12764392,17.8655,12764392,28.9522
12778247,15.5438,12778247,32.2431
12797880,16.3003,12797880,30.5532
12828203,20.3044,12828203,28.8022
12842877,15.9534,12842877,29.2323
12858140,18.1802,12858140,28.3078
12873009,18.2109,12873009,27.9508
12892513,17.7282,12892513,26.7182
12922018,16.3306,12922018,24.932
12937537,14.0283,12937537,25.0183
12953884,14.8701,12953884,23.2279
12969699,12.9136,12969699,30.2037
12998668,14.3159,12998668,29.2364
13014729,13.0538,13014729,27.5168
13030902,14.5252,13030902,24.8373
13049976,13.0964,13049976,26.4459
13076656,14.332,13076656,27.2114
13092303,13.264,13092303,26.5238
13108315,13.5351,13108315,23.87
13124290,12.0105,13124290,25.3092
13142755,11.7873,13142755,24.2133
13173030,14.8599,13173030,29.0343
13187039,13.8379,13187039,27.6116
13197019,12.6138,13197019,28.3803
13220318,12.1595,13220318,26.9899
13235936,12.4569,13235936,23.9663
13249614,13.8965,13249614,26.885
13267036,11.3097,13267036,26.188
13282733,15.4967,13282733,28.0871
13302093,15.036,13302093,26.4803
13331233,12.6018,13331233,23.9071
13346644,15.2149,13346644,23.8363
13362775,12.6344,13362775,24.6201
13376694,15.2474,13376694,24.7547
13395184,16.0248,13395184,28.4337
13425624,13.6864,13425624,26.7282
13441736,16.4552,13441736,26.997
13459228,13.4769,13459228,24.275
13472168,14.1171,13472168,25.3239
13489755,14.839,13489755,26.4512
13505310,16.5239,13505310,22.1226
13520250,14.6552,13520250,22.3058
13536751,15.6375,13536751,24.029
13553921,15.5986,13553921,22.178
13582495,15.6811,13582495,23.3295
13598361,14.3262,13598361,25.6283
13613245,17.629,13613245,20.671
13628786,14.2286,13628786,21.8477
13648447,15.2568,13648447,21.8719
13677655,15.0749,13677655,22.8964
13705895,15.609,13705895,22.6376
13711962,14.8389,13711962,24.4839
13739566,14.2051,13739566,27.7468
13752072,17.4415,13752072,26.2408
13769639,15.2783,13769639,22.556
13784749,17.2772,13784749,24.8854
13800961,14.6285,13800961,23.6777
13814634,17.3149,13814634,24.3302
13832676,13.3421,13832676,21.7393
13848364,14.5253,13848364,22.9798
13865632,12.6452,13865632,28.3389
13879157,14.3478,13879157,26.7128
13898167,13.1052,13898167,23.5533
13927174,13.09,13927174,25.9529
13943265,13.8166,13943265,24.6568
13958417,13.5201,13958417,24.643
13974434,12.5402,13974434,21.7494
13990301,13.5079,13990301,23.4693
14006431,14.3736,14006431,27.3473
14021506,13.4452,14021506,24.6229
14037537,13.1185,14037537,23.6849
14053879,12.597,14053879,25.2873
14068685,16.925,14068685,26.0866
14084796,12.8757,14084796,22.9348
14100709,14.5967,14100709,25.5
14118679,16.3496,14118679,23.6838
14150707,14.5404,14150707,23.8833
14180862,15.4664,14180862,22.6456
14197788,16.1268,14197788,24.9379
14228237,14.4082,14228237,21.6268
14245332,18.5236,14245332,24.2508
14260112,15.9214,14260112,27.6589
14274775,18.5735,14274775,25.7219
14289741,15.845,14289741,24.1359
14311604,17.5978,14311604,23.4287
14345535,17.2593,14345535,25.3081
14370343,19.9949,14370343,22.298
14385360,19.3317,14385360,23.508
14403385,21.7437,14403385,29.3931
14433023,20.1052,14433023,28.4348
14447949,18.9777,14447949,24.4866
14462781,20.6924,14462781,24.2452
14481436,21.3066,14481436,24.493
14495400,19.7605,14495400,27.9703
14509987,19.4497,14509987,22.9403
14525936,22.5499,14525936,23.0349
14541968,21.8291,14541968,24.4972
14557576,20.9377,14557576,29.3495
14573474,20.7688,14573474,28.3297
14588436,23.1839,14588436,27.5212
14605501,23.6446,14605501,25.1185
14626654,20.0694,14626654,23.3078
14656258,19.4522,14656258,26.9912
14685513,19.2244,14685513,22.7868
14700252,18.0569,14700252,22.6842
14714763,20.274,14714763,24.4466
14732731,19.4355,14732731,27.7684
14762316,17.6835,14762316,25.5124
14778323,15.4727,14778323,24.8018
14794454,18.5702,14794454,25.5119
14812090,16.3937,14812090,27.2493
14823350,17.4097,14823350,25.8338
14840376,16.8286,14840376,24.3534
14859508,17.4527,14859508,25.2864
14888420,16.0853,14888420,27.6571
14904932,15.9862,14904932,26.5721
14931516,17.7393,14931516,26.4079
14948628,14.4474,14948628,24.6334
14964015,16.2164,14964015,24.861
14981011,17.1698,14981011,27.9461
14995010,15.7032,14995010,25.0519
15013164,16.2154,15013164,25.8122
15043308,14.7396,15043308,26.0796
15058795,16.5986,15058795,23.7501
15076148,15.0394,15076148,25.3411
15089699,18.5292,15089699,24.6489
15105719,15.8743,15105719,27.7268
15123717,16.2953,15123717,29.9771
15152879,16.2586,15152879,28.1111
15166927,15.2584,15166927,26.084
15182970,17.5518,15182970,25.094
15199001,18.7382,15199001,24.5952
15214930,16.8904,15214930,26.8857
15230987,16.0398,15230987,25.7529
15247019,18.2537,15247019,25.9303
15265638,19.4656,15265638,24.8449
15292469,15.988,15292469,23.3957
15308401,17.7669,15308401,25.6862
15324405,14.8656,15324405,24.8876
15340408,19.3904,15340408,26.4328
15346513,18.2424,15346513,27.1804
15369550,16.1261,15369550,24.7532
15386562,16.4352,15386562,24.1743
15402550,16.1402,15402550,24.4193
15418585,14.8438,15418585,25.0853
15434562,18.3463,15434562,25.4822
15451589,16.0899,15451589,27.7414
15467287,13.1492,15467287,25.5751
15489124,13.3676,15489124,26.107
15517114,12.6775,15517114,23.117
15545697,14.7139,15545697,26.6447
15560243,14.8805,15560243,29.7453
15575247,13.0852,15575247,29.3184
15591876,13.5143,15591876,25.7898
15620081,12.2257,15620081,27.0002
15641227,13.9288,15641227,25.173
15654983,11.3108,15654983,25.6902
15672086,13.472,15672086,24.98
15688000,13.1328,15688000,26.616
15703662,12.0129,15703662,25.7688
15719619,14.2844,15719619,27.7474
15734656,11.8701,15734656,27.9045
15750623,15.1795,15750623,25.2367
15769372,13.9912,15769372,29.2698
15798402,13.7183,15798402,27.4947
15814153,13.8408,15814153,28.5597
15829711,14.6991,15829711,27.2846
15845182,13.527,15845182,27.2691
15859745,15.2577,15859745,27.4903
15877155,13.509,15877155,27.915
15894071,17.478,15894071,25.1971
15907241,13.0259,15907241,25.8227
15924668,18.7374,15924668,24.3443
15940297,14.4188,15940297,25.276
15956511,16.3003,15956511,23.873
15972331,13.9003,15972331,26.2799
15988678,16.6567,15988678,24.5098
16004388,14.1947,16004388,26.3045
16022335,13.1718,16022335,26.6995
16034997,15.8806,16034997,26.8519
16052375,14.6254,16052375,25.46
16067406,16.9948,16067406,28.3337
16083494,15.0427,16083494,25.7341
16098798,17.9752,16098798,26.657
16115138,14.7032,16115138,25.4651
16131947,15.0437,16131947,30.0576
16159894,17.1117,16159894,27.0727
16174811,18.9324,16174811,29.2382
16191062,16.8552,16191062,26.1904
16206788,16.2582,16206788,27.5965
16223933,17.6664,16223933,27.3295
16239458,17.6234,16239458,27.1524
16256391,19.1436,16256391,24.6458
16264218,19.225,16264218,25.2265
16286100,16.5616,16286100,25.7279
16303500,20.0315,16303500,25.9789
16318653,18.0796,16318653,27.8758
16334527,15.9144,16334527,28.2313
16350568,20.2617,16350568,27.3086
16366149,16.2149,16366149,30.2215
16382146,15.5162,16382146,27.7964
16397109,18.4625,16397109,28.4871
16416730,18.2118,16416730,26.5084
16445680,17.0692,16445680,23.442
16459958,16.6931,16459958,24.4732
16475962,17.3445,16475962,26.1658
16490921,15.7441,16490921,29.7872
16506175,18.3699,16506175,25.2461
16524890,15.1264,16524890,28.3205
16554036,16.2326,16554036,25.1472
16568453,15.8171,16568453,25.476
16585532,17.2673,16585532,24.8651
16601505,15.2207,16601505,27.956
16616698,14.1132,16616698,26.8159
16634598,13.1352,16634598,27.211
16664759,15.2531,16664759,28.3411
16680622,13.5692,16680622,26.2044
16696500,17.3873,16696500,28.2071
16711897,14.1894,16711897,27.1675
16728515,17.895,16728515,27.5895
16745128,14.9078,16745128,25.1542
16760225,14.9925,16760225,29.1548
16777184,14.7669,16777184,25.0907
16806275,16.1269,16806275,24.3582
16823288,13.6883,16823288,24.3635
16839274,17.3485,16839274,23.6636
16855421,15.4664,16855421,25.2661
16870609,18.0359,16870609,24.6174
16886641,14.452,16886641,25.9117
16902792,18.3611,16902792,24.7501
16917619,14.6718,16917619,25.9895
16934264,15.0955,16934264,25.152
16950161,16.2687,16950161,27.8719
16965747,17.3485,16965747,25.2081
16981782,17.9328,16981782,26.4633
16996718,17.1305,16996718,24.8895
17013344,15.5117,17013344,25.8403
17029284,19.8282,17029284,25.2083
17045322,17.3045,17045322,25.6684
17062219,16.0817,17062219,24.9861
17077295,19.2505,17077295,26.9356
17093368,16.826,17093368,25.8718
17108614,19.5155,17108614,27.3355
17124798,18.3687,17124798,28.5135
17143059,17.982,17143059,24.332
17174547,16.8207,17174547,24.0194
17205344,20.1371,17205344,26.4132
17219374,16.2205,17219374,25.9937
17234668,17.3521,17234668,27.8405
17251290,18.5884,17251290,29.9851
17266896,17.729,17266896,28.5569
17281852,17.7758,17281852,25.6446
17297306,17.4207,17297306,23.9983
17313781,17.5929,17313781,26.397
17329927,18.5598,17329927,25.004
17345407,17.3092,17345407,24.2938
17361734,15.3797,17361734,23.0705
17375193,18.8225,17375193,22.7676
17394335,16.3226,17394335,24.7906
17426045,14.7364,17426045,23.5477
17456902,16.2005,17456902,27.0321
17471648,16.233,17471648,24.8053
17486806,17.9311,17486806,23.0373
17503502,16.3212,17503502,24.3958
17519729,16.2477,17519729,24.8858
17534437,16.6511,17534437,28.1501
17550109,13.9759,17550109,29.5033
17565930,17.2293,17565930,24.733
17581548,15.7073,17581548,23.7796
17598004,18.4912,17598004,24.3066
17612976,14.8489,17612976,26.8606
17628452,17.9811,17628452,28.1133
17645708,15.4632,17645708,25.1578
17661111,15.3003,17661111,24.2952
17675429,17.9748,17675429,22.7336
17691986,17.4139,17691986,24.0493
17708061,16.4872,17708061,25.9855
17723881,16.6559,17723881,29.3629
17740625,15.0822,17740625,29.0018
17755636,19.2933,17755636,26.1526
17770558,16.2631,17770558,24.9847
17785100,17.4648,17785100,24.0319
17802240,18.4983,17802240,26.397
17817661,16.7801,17817661,25.2188
17832608,20.5553,17832608,23.745
17848238,17.2482,17848238,21.6723
17864816,17.243,17864816,27.137
17880845,19.9649,17880845,28.3292
17894845,19.4827,17894845,26.3033
17912195,18.5205,17912195,22.9216
17927340,20.9879,17927340,24.8641
17943045,18.4372,17943045,27.2175
17959164,18.6195,17959164,24.4492
17975262,21.2382,17975262,22.6465
17990166,22.1369,17990166,22.6295
18007228,19.9022,18007228,27.7236
18022328,21.0122,18022328,27.409
18038312,19.8297,18038312,25.2153
18055225,22.8539,18055225,24.3813
18069181,21.8531,18069181,24.6603
18089402,21.3473,18089402,26.1362
18116495,22.6225,18116495,26.2031
18133901,18.7517,18133901,23.2373
18149562,20.3833,18149562,24.463
18165585,20.9634,18165585,23.6444
18180512,19.0643,18180512,24.753
18197642,17.6393,18197642,27.4672
18211680,19.9272,18211680,29.2113
18228700,18.0536,18228700,30.1997
18245781,17.4915,18245781,27.5717
18259943,19.9247,18259943,26.2221
18274921,16.6552,18274921,24.6871
18291748,18.803,18291748,25.9262
18307806,17.5968,18307806,25.753
18323820,17.0379,18323820,27.031
18342223,17.1071,18342223,26.0387
18369749,16.2956,18369749,23.9889
18386758,19.5129,18386758,24.7854
18402892,18.4984,18402892,24.3913
18419396,14.8719,18419396,27.2445
18434412,20.8232,18434412,28.2852
18450340,16.855,18450340,27.662
18466924,15.8989,18466924,29.8353
18481976,15.8547,18481976,30.191
18497842,17.5299,18497842,27.522
18512345,18.6292,18512345,24.3493
18528407,17.0311,18528407,25.3999
18544838,17.1785,18544838,25.7537
18560035,17.4884,18560035,26.9117
18574882,16.3033,18574882,27.3798
18592878,17.0739,18592878,23.8355
18620058,18.6248,18620058,25.098
18636030,16.09,18636030,24.1171
18653140,18.0914,18653140,27.7149
18668149,19.3089,18668149,27.9394
18685221,17.6976,18685221,30.239
18699182,17.0404,18699182,30.8413
18715181,19.6809,18715181,29.9076
18732184,18.3305,18732184,29.0583
18747605,16.6831,18747605,29.8816
18762211,19.7863,18762211,29.4355
18779343,18.1158,18779343,28.126
18795136,16.3868,18795136,27.0542
18810483,20.9637,18810483,26.3671
18826549,16.8293,18826549,25.6997
18844714,19.0793,18844714,25.5743
18872981,18.1101,18872981,25.3348
18890028,17.1496,18890028,28.8917
18905136,18.2898,18905136,28.5758
18920519,16.8324,18920519,28.7232
18943099,14.8993,18943099,28.9907
18970027,15.7248,18970027,26.8042
18985214,15.3722,18985214,26.8389
19000344,15.917,19000344,24.9314
19016768,17.2495,19016768,25.2652
19033160,14.6608,19033160,23.7944
19047605,16.0335,19047605,24.9938
19064542,15.5658,19064542,25.0696
19080186,12.2628,19080186,26.1138
19099193,12.9243,19099193,29.9492
19128236,15.879,19128236,29.3074
19144804,11.3892,19144804,30.0007
19160743,14.3454,19160743,28.8001
19174281,12.295,19174281,25.2293
19190320,14.4196,19190320,26.1981
19206942,11.6083,19206942,24.8705
19222120,12.4303,19222120,26.492
19239093,15.1119,19239093,26.8621
19253648,12.6398,19253648,27.3543
19270909,11.8399,19270909,26.9655
19286854,13.7073,19286854,27.8453
19296909,12.7185,19296909,24.1594
19316520,13.9754,19316520,24.9496
19332322,12.0301,19332322,25.3022
19355920,14.0179,19355920,24.1898
19381186,12.2938,19381186,27.5042
19396600,13.7871,19396600,28.8141
19404610,12.0422,19404610,29.2627
19426817,15.961,19426817,25.7272
19444866,15.5032,19444866,30.9002
19475352,13.5088,19475352,31.6238
19491446,15.4205,19491446,30.1377
19507331,15.5339,19507331,31.3878
19522827,14.5338,19522827,30.9103
19537851,15.2922,19537851,31.8519
19554757,13.9976,19554757,29.193
19568772,17.6286,19568772,28.9852
19584391,14.9995,19584391,26.9081
19606246,16.0898,19606246,29.3529
19635327,15.0843,19635327,27.2986
19664539,17.7299,19664539,25.7235
19680462,16.0318,19680462,26.5451
19695489,15.6076,19695489,25.6531
19713623,17.4761,19713623,26.9065
19743796,15.6164,19743796,28.6272
19758792,17.2143,19758792,25.305
19775147,17.0332,19775147,25.7791
19790766,19.8561,19790766,27.3817
19810593,15.0852,19810593,27.0139
19826472,19.2167,19826472,25.4283
19856333,16.2536,19856333,29.358
19889001,16.2682,19889001,27.97
19918155,19.6437,19918155,23.7995
19932142,17.6604,19932142,26.1585
19949846,14.2815,19949846,24.2172
19965285,17.1994,19965285,24.922
19980667,15.7077,19980667,24.1538
20001354,15.2883,20001354,25.5184
20027368,17.9488,20027368,27.1016
20043273,15.6446,20043273,27.5307
20060478,14.8348,20060478,29.1345
20075373,18.3189,20075373,30.6275
20091340,17.6228,20091340,29.5358
20107736,16.4492,20107736,29.6434
20123711,18.6168,20123711,29.8541
20143245,19.6845,20143245,25.0187
20172948,15.3314,20172948,24.565
20187660,18.1868,20187660,25.5115
20203844,19.1687,20203844,27.1766
20218507,17.4881,20218507,25.3758
20236169,17.0397,20236169,27.7002
20252514,18.0434,20252514,28.263
20281799,16.9766,20281799,26.3747
20300017,18.252,20300017,23.8262
20330148,17.0137,20330148,24.0912
20345537,20.8654,20345537,23.4983
20361196,17.456,20361196,26.6829
20376769,19.7196,20376769,23.1869
20395142,19.0408,20395142,29.1031
20425812,17.7774,20425812,30.3738
20440615,20.4567,20440615,31.0642
20456855,18.5298,20456855,31.5441
20471207,19.1335,20471207,29.9157
20487816,21.2296,20487816,31.0855
20506287,19.7257,20506287,29.2268
20536239,19.5831,20536239,29.3414
20554343,19.9954,20554343,27.9848
20583474,19.7697,20583474,26.6893
20599264,21.3428,20599264,26.5803
20614896,20.4826,20614896,25.657
20630376,17.6351,20630376,27.2194
20648482,20.3101,20648482,26.7182
20678680,18.4672,20678680,26.8256
20693515,21.2371,20693515,28.6302
20709059,18.9162,20709059,27.8622
20727060,18.703,20727060,29.1847
20741057,17.2491,20741057,26.932
20760209,17.0637,20760209,26.9342
20788178,17.8039,20788178,26.7722
20807121,16.3498,20807121,26.8397
20834806,18.3225,20834806,24.7595
20851796,15.8146,20851796,26.8804
20869390,15.6814,20869390,25.0045
20899472,15.2902,20899472,25.305
20915923,17.0254,20915923,28.5918
20929865,15.8483,20929865,28.2179
20945855,16.2879,20945855,30.3011
20963392,16.6424,20963392,29.0639
20978552,13.5594,20978552,25.2346
20992871,15.6719,20992871,24.7957
21009084,13.5432,21009084,25.1355
21023998,17.1759,21023998,28.52
21039948,13.9263,21039948,26.3541
21057928,14.6704,21057928,23.6649
21088070,15.9871,21088070,23.7602
21104014,14.8638,21104014,24.0323
21120138,16.1326,21120138,27.6884
21134175,15.4716,21134175,28.5126
21151999,14.3524,21151999,24.0405
21167530,14.4199,21167530,23.2811
21181585,14.3521,21181585,24.879
21198890,12.8807,21198890,25.993
21214687,13.5811,21214687,26.3455
21230524,12.6398,21230524,25.3011
21246350,14.6986,21246350,22.4459
21262433,15.389,21262433,22.5154
21279519,14.2341,21279519,25.4861
21294528,17.1044,21294528,24.6193
21312486,16.2101,21312486,25.4763
21341488,16.0891,21341488,23.8686
21356963,14.9821,21356963,24.8403
21372525,17.4456,21372525,26.3071
21389586,13.4783,21389586,26.3607
21404837,19.8093,21404837,26.7543
21423834,18.0071,21423834,23.8022
21453102,14.9063,21453102,23.4715
21468045,17.9127,21468045,28.3267
21483347,15.6405,21483347,30.0175
21499219,16.0263,21499219,27.431
21516886,17.2353,21516886,23.8943
21546659,14.7083,21546659,25.6122
21564005,15.7422,21564005,26.8997
21594724,15.5769,21594724,24.8862
21608502,14.4829,21608502,23.9538
21625105,17.8217,21625105,22.088
21641216,14.897,21641216,25.7275
21657164,15.3881,21657164,27.1751
21675458,15.206,21675458,25.2116
21704264,14.4453,21704264,24.4477
21718507,13.7496,21718507,24.5576
21737566,11.3042,21737566,25.7481
21751658,14.6914,21751658,25.2603
21771629,13.6765,21771629,24.2032
21799113,8.93848,21799113,22.588
21816650,15.1155,21816650,27.9305
21845953,10.89,21845953,24.633
21859697,12.8129,21859697,25.3592
21874737,10.1226,21874737,25.5755
21890899,10.2625,21890899,27.0072
21907720,13.7576,21907720,25.3582
21924435,13.6797,21924435,22.6898
21954576,10.4046,21954576,26.1595
21968770,12.8129,21968770,28.9609
21986237,11.3539,21986237,28.4626
22002154,13.4774,22002154,22.8194
22023039,12.4246,22023039,26.1907
22048850,13.8432,22048850,24.5906
22065858,15.2019,22065858,27.2403
22095588,12.0381,22095588,29.0175
22111140,15.0411,22111140,25.3034
22127995,14.9701,22127995,27.6901
22159300,12.6499,22159300,27.2632
22173006,15.1608,22173006,28.2961
22189877,14.5453,22189877,27.5865
22207406,15.2459,22207406,25.0071
22221741,13.2621,22221741,24.7813
22236918,17.4816,22236918,23.2598
22253442,15.6969,22253442,26.4563
22271265,15.3188,22271265,26.3202
22300758,14.2809,22300758,25.3062
22318887,14.4208,22318887,29.1504
22349243,18.1778,22349243,29.1083
22365423,16.3937,22365423,26.593
22380345,16.2579,22380345,24.2779
22397087,15.4578,22397087,24.5389
22403387,16.7798,22403387,27.4861
22431568,16.8206,22431568,26.2909
22459171,18.1968,22459171,24.733
22473042,16.9224,22473042,24.2272
22492199,16.6554,22492199,25.5357
22507045,19.5773,22507045,26.0388
22524703,16.6047,22524703,24.8868
22554685,18.6239,22554685,26.3995
22574121,15.6123,22574121,31.0845
22602353,17.2428,22602353,29.8402
22617057,15.8452,22617057,31.24
22634780,18.006,22634780,31.0581
22649770,16.0796,22649770,29.9185
22664172,14.4256,22664172,26.1524
22685333,13.5146,22685333,29.4605
22712870,15.5664,22712870,26.9014
22728716,15.2946,22728716,29.215
22743743,16.524,22743743,26.3733
22760038,13.8854,22760038,26.1909
22776016,16.3755,22776016,26.2765
22791899,14.4073,22791899,25.9457
22806084,14.0573,22806084,29.4293
22826464,16.6758,22826464,27.627
22854113,13.9336,22854113,29.2579
22869578,16.6001,22869578,28.8941
22883528,12.7031,22883528,26.6546
22899541,16.523,22899541,25.1843
22915177,13.9749,22915177,24.5679
22934071,13.682,22934071,25.245
22961689,16.6758,22961689,25.3342
22976624,15.733,22976624,29.1171
22993796,15.5305,22993796,29.6131
23008297,15.4616,23008297,24.881
23033343,15.2882,23033343,26.7681
23056194,12.0849,23056194,26.0984
23074758,13.4631,23074758,25.4022
23103791,15.2481,23103791,26.6545
23119004,13.5948,23119004,28.0093
23134877,14.5421,23134877,27.2726
23151528,15.3534,23151528,27.6655
23168549,17.185,23168549,27.528
23184566,17.7282,23184566,28.6355
23211785,17.0626,23211785,29.1875
23229100,14.7988,23229100,27.945
23244725,16.3049,23244725,29.542
23259947,16.6433,23259947,27.9452
23277871,15.9175,23277871,28.7223
23307679,16.1053,23307679,26.0177
23337106,16.8301,23337106,26.0816
23351999,17.4882,23351999,26.2316
23360440,17.9448,23360440,30.3683
23388488,20.3453,23388488,24.9806
23417140,15.9688,23417140,28.7666
23446518,22.1504,23446518,28.7516
23462202,18.0849,23462202,29.7828
23477148,17.0437,23477148,30.066
23497165,17.4522,23497165,27.4625
23532737,18.9757,23532737,27.271
23555726,18.0161,23555726,27.4148
23570312,17.8145,23570312,26.9581
23586284,17.8436,23586284,24.6491
23603382,17.0389,23603382,22.6262
23618853,19.1265,23618853,23.157
23637190,17.3166,23637190,28.2035
23670350,16.3355,23670350,28.8577
23698418,18.0078,23698418,25.8804
23713500,17.1155,23713500,25.3129
23730423,15.4729,23730423,25.3722
23746368,19.1428,23746368,25.0515
23761046,16.9544,23761046,25.5734
23776927,14.4846,23776927,26.5905
23796924,16.0554,23796924,28.3346
23824245,20.0949,23824245,26.3186
23840474,16.0994,23840474,24.9116
23855106,18.5754,23855106,25.4736
23871217,17.35,23871217,27.5856
23889167,18.7899,23889167,27.5002
23919851,16.0447,23919851,29.3232
23949814,18.6712,23949814,28.7993
23963288,17.1415,23963288,31.0394
23982414,16.2801,23982414,24.3904
24011914,18.7262,24011914,24.9529
24028050,20.5493,24028050,27.7263
24043285,18.5054,24043285,27.6619
24059052,20.2627,24059052,25.3121
24075925,19.5909,24075925,23.6268
24090055,21.5515,24090055,22.6608
24106877,20.9014,24106877,25.4538
24122534,19.1476,24122534,23.0091
24140597,22.2251,24140597,29.7499
24172103,21.0279,24172103,24.3271
24203479,22.0263,24203479,25.9335
24236114,19.6491,24236114,30.6008
24263990,22.4017,24263990,29.8928
24279634,19.1634,24279634,28.528
24295590,20.3851,24295590,28.1398
24310121,22.7403,24310121,28.3155
24327070,19.4033,24327070,25.8308
24341786,19.0587,24341786,27.9894
24357917,17.9896,24357917,25.8591
24374945,19.776,24374945,30.8134
24393498,17.4189,24393498,26.5552
24426634,16.7443,24426634,25.2269
24455468,17.4647,24455468,25.9954
24469987,17.4198,24469987,26.3054
24485541,15.0177,24485541,26.9117
24500699,17.5212,24500699,28.2586
24516070,16.1669,24516070,27.2301
24532638,17.5247,24532638,28.9997
24548109,15.7707,24548109,27.3426
24565145,14.95,24565145,27.556
24579730,16.3374,24579730,25.9871
24595631,14.2019,24595631,25.1273
24610152,17.8958,24610152,23.2578
24628298,14.4915,24628298,27.2379
24646380,13.0642,24646380,27.4961
24679745,13.8337,24679745,30.2313
24705743,14.74,24705743,28.972
24723207,14.2426,24723207,26.8482
24737213,14.2084,24737213,25.4086
24753817,14.8798,24753817,24.1398
24768730,13.3384,24768730,27.532
24784378,16.294,24784378,26.4411
24800928,14.1894,24800928,26.2224
24820625,17.3407,24820625,22.6306
24831584,13.8593,24831584,23.5077
24847233,19.0575,24847233,23.255
24862399,15.4657,24862399,23.9363
24880089,14.5001,24880089,22.413
24897022,16.1709,24897022,24.6593
24928918,15.8435,24928918,24.6205
24958173,17.733,24958173,26.4043
24974227,16.8597,24974227,24.9526
24991205,14.3489,24991205,22.5686
25006207,16.5664,25006207,23.0827
25020668,15.8554,25020668,23.11
25039835,14.8716,25039835,27.4639
25069808,18.7825,25069808,24.2128
25085414,14.8451,25085414,23.7631
25101389,14.9443,25101389,26.9201
25117802,15.6451,25117802,27.4372
25131916,15.8491,25131916,25.6391
25147772,17.2353,25147772,23.7344
25164013,16.1275,25164013,22.5845
25181908,17.036,25181908,25.5419
25212099,12.7043,25212099,28.6209
25228117,18.1786,25228117,29.8076
25244070,14.2299,25244070,28.5466
25260556,17.4494,25260556,25.19
25275155,13.2988,25275155,24.3827
25293095,13.7577,25293095,26.1455
25323245,15.3566,25323245,26.711
25340163,15.7134,25340163,23.1761
25369150,14.8588,25369150,23.013
25385222,14.3415,25385222,28.9121
25402162,12.6396,25402162,28.8692
25416803,15.148,25416803,28.8516
25436645,16.266,25436645,24.4087
25463301,12.2575,25463301,24.9012
25479639,16.2882,25479639,25.2711
25496351,13.9237,25496351,28.3473
25512300,15.7383,25512300,25.8681
25528341,13.5042,25528341,25.2871
25546637,15.4969,25546637,23.7287
25576763,13.1977,25576763,22.5832
25595769,16.1653,25595769,29.2201
25622320,14.8282,25622320,26.706
25639464,13.6714,25639464,23.9963
25654418,14.2284,25654418,23.8249
25670762,12.7453,25670762,27.3531
25691399,13.5995,25691399,27.4483
25721609,13.9277,25721609,25.545
25734533,16.3888,25734533,25.4329
25751524,15.3674,25751524,22.6413
25766490,14.5901,25766490,23.9345
25782022,16.0023,25782022,24.9241
25802165,14.9178,25802165,28.2421
25830041,15.7017,25830041,26.4331
25838027,16.8227,25838027,29.5343
25860850,19.7113,25860850,30.2452
25877132,15.5361,25877132,29.0416
25895377,19.1688,25895377,29.885
25924881,17.907,25924881,28.7773
25941318,17.458,25941318,28.3301
25958811,19.2276,25958811,26.623
25988457,17.2822,25988457,25.48
26004438,21.2005,26004438,26.7065
26020118,19.2941,26020118,26.6436
26036951,19.0497,26036951,24.8742
26055174,19.9908,26055174,27.5511
26084057,18.8343,26084057,26.3168
26101529,22.0844,26101529,23.1495
26130087,20.5289,26130087,24.456
26146062,18.4722,26146062,27.8752
26161706,20.9839,26161706,27.8399
26178658,20.1617,26178658,25.5149
26195897,21.0209,26195897,26.7963
26224520,17.6311,26224520,24.3242
26240630,18.079,26240630,26.4921
26255670,19.7546,26255670,26.8481
26271594,18.0921,26271594,27.4491
26287155,17.8073,26287155,26.3065
26305096,18.8697,26305096,28.7221
26319236,16.5656,26319236,27.6607
26352129,17.6922,26352129,25.0657
26381266,16.1064,26381266,23.9807
26398266,19.7466,26398266,26.8868
26412706,17.0796,26412706,26.1483
26428829,16.0455,26428829,29.0446
26444524,18.6718,26444524,29.7121
26461616,18.5393,26461616,30.5521
26491997,16.8273,26491997,30.0912
26507697,16.6937,26507697,29.4591
26523752,17.5499,26523752,30.402
26539740,15.9529,26539740,29.4049
26555750,19.3351,26555750,32.2137
26571667,15.9509,26571667,29.917
26587786,17.0639,26587786,30.6583
26605740,18.6185,26605740,29.1941
26634192,16.3906,26634192,29.1634
26651285,19.1906,26651285,30.0945
26668833,15.9244,26668833,25.943
26698904,20.2489,26698904,29.8108
26717072,16.7041,26717072,27.3234
26749049,17.7395,26749049,28.9723
26775658,16.4678,26775658,27.3689
26792779,19.2245,26792779,28.4176
26808856,18.9654,26808856,28.2715
26824789,16.4991,26824789,29.164
26839761,19.7538,26839761,28.9687
26857336,17.7288,26857336,27.2399
26871529,18.4463,26871529,25.8711
26887849,16.5363,26887849,28.7619
26903515,17.7259,26903515,27.0608
26920172,19.0681,26920172,28.2404
26935064,18.9367,26935064,25.6928
26956014,18.2841,26956014,25.5773
26984294,16.86,26984294,25.201
27004949,17.6334,27004949,25.6998
27028812,13.4783,27028812,25.0415
27044808,18.5662,27044808,25.3159
27062627,14.8055,27062627,25.3176
27077737,17.932,27077737,26.3816
27093556,13.5401,27093556,29.4328
27109008,17.2833,27109008,29.8134
27125443,13.7303,27125443,28.2817
27139917,14.7972,27139917,30.9498
27156102,14.2723,27156102,30.7473
27172015,14.351,27172015,31.6549
27188533,14.6604,27188533,30.5917
27203945,11.6419,27203945,30.8196
27219640,13.0838,27219640,30.8787
27235482,14.2583,27235482,32.2143
27253636,15.1478,27253636,29.6008
27283026,12.0429,27283026,30.6625
27299872,16.0835,27299872,26.3681
27313255,13.2726,27313255,26.1647
27328065,14.9979,27328065,25.2241
27344579,12.8443,27344579,27.0639
27360724,13.2366,27360724,29.0492
27391470,14.342,27391470,27.9833
27405827,12.4627,27405827,26.7178
27419960,15.4263,27419960,25.3277
27436108,13.6815,27436108,27.4978
27452959,16.4241,27452959,24.1976
27471890,18.7287,27471890,28.06
27497573,14.6291,27497573,29.9445
27514459,17.7643,27514459,30.9187
27528058,14.6253,27528058,29.9876
27544624,16.7148,27544624,29.9868
27563376,14.2363,27563376,29.6083
27592930,18.1102,27592930,27.841
27610464,16.9909,27610464,26.3345
27640470,16.7564,27640470,26.1952
27672746,15.7097,27672746,25.4862
27703328,16.677,27703328,28.4861
27734007,18.1469,27734007,29.6365
27746958,16.1268,27746958,28.9263
27764083,15.3328,27764083,28.2081
27777971,16.9588,27777971,26.9403
27795085,16.8104,27795085,26.5833
27812685,17.2417,27812685,28.1516
27843153,13.8411,27843153,24.1272
27857403,16.0908,27857403,25.8841
27872560,14.4215,27872560,23.8681
27888477,18.3148,27888477,25.0931
27906509,14.2614,27906509,24.5368
27921382,17.9101,27921382,26.3567
27936443,13.553,27936443,24.8013
27954340,14.874,27954340,27.7203
27984462,14.3478,27984462,28.7619
27998855,15.1156,27998855,29.9873
28014471,12.8831,28014471,30.271
28032138,15.2161,28032138,27.6635
28047331,13.7192,28047331,31.0862
28065112,13.1288,28065112,28.9262
28094548,12.6705,28094548,26.3
28109857,14.6719,28109857,26.053
28125879,15.1507,28125879,25.8332
28141366,13.4782,28141366,24.6281
28157867,16.257,28157867,25.0242
28173423,15.0055,28173423,25.5415
28188706,15.7487,28188706,24.5987
28208550,16.1223,28208550,27.4899
28237201,15.8552,28237201,26.3206
28253999,12.7179,28253999,29.3883
28269506,13.5554,28269506,23.4318
28300285,17.6234,28300285,24.1853
28318885,17.5483,28318885,28.7281
28347955,15.1172,28347955,28.6809
28365971,15.9534,28365971,23.4496
28394855,15.607,28394855,25.3451
28408966,17.0694,28408966,26.684
28426062,15.253,28426062,28.0721
28441021,18.7565,28441021,27.2754
28460233,18.1859,28460233,23.1495
28489686,15.4672,28489686,24.3966
28504557,17.6726,28504557,27.3761
28518633,19.2929,28518633,29.7402
28535938,17.4882,28535938,28.9764
28553666,18.9396,28553666,24.9718
28582498,18.529,28582498,25.9263
28598923,16.4008,28598923,27.6997
28616721,18.3149,28616721,24.8072
28646148,18.1026,28646148,22.9705
28660568,21.0474,28660568,24.3222
28677022,17.8749,28677022,24.4767
28692100,19.6968,28692100,24.0855
28711719,18.529,28711719,28.5215
28740269,16.8405,28740269,26.5393
28756312,18.9758,28756312,24.3803
28771444,17.0369,28771444,27.5944
28786455,18.6248,28786455,26.3027
28803547,16.0545,28803547,26.9909
28820724,18.1405,28820724,23.2855
28850438,14.6718,28850438,22.3476
28871313,15.1104,28871313,27.3758
28898434,14.5577,28898434,29.1473
28914343,14.8765,28914343,25.7962
28929844,13.3044,28929844,27.9103
28945817,17.2025,28945817,27.833
28962983,14.2293,28962983,23.1994
28977890,16.718,28977890,26.2466
28993868,13.8552,28993868,25.884
29009991,17.9429,29009991,27.2056
29024971,14.2348,29024971,23.6602
29040720,16.2737,29040720,23.7333
29056199,13.5091,29056199,25.4725
29077212,13.5144,29077212,28.7573
29103280,12.8871,29103280,25.2195
29122236,13.4832,29122236,24.2941
29150718,15.2891,29150718,27.2543
29166933,13.29,29166933,24.0468
29182887,17.1931,29182887,22.8969
29198865,14.6868,29198865,22.4122
29214864,16.7501,29214864,23.4668
29235346,18.383,29235346,29.0953
29262417,14.9126,29262417,27.6746
29277361,15.5729,29277361,26.3342
29294383,17.3768,29294383,23.9987
29309557,18.3141,29309557,24.7061
29327846,17.6983,29327846,26.4406
29356599,17.2033,29356599,26.2568
29376221,18.106,29376221,25.7705
29405199,16.4469,29405199,22.2124
29420349,21.044,29420349,23.6445
29436315,17.8708,29436315,25.3404
29453264,19.9064,29453264,27.2627
29467030,19.446,29467030,28.2455
29503963,19.7964,29503963,28.0884
29533084,19.2997,29533084,24.6341
29545646,19.4467,29545646,25.7364
29563213,20.7792,29563213,25.584
29580261,20.1022,29580261,24.5491
29607689,18.5811,29607689,21.9527
29626705,20.3091,29626705,28.9337
29654666,17.8421,29654666,26.376
29671787,21.3778,29671787,23.9917
29687332,19.4337,29687332,24.2461
29702940,16.0698,29702940,27.4169
29721375,17.6921,29721375,23.6101
29749390,17.4294,29749390,23.0793
29763292,17.3822,29763292,28.0452
29780363,17.7353,29780363,28.7173
29800894,18.0184,29800894,27.8466
29811540,17.8711,29811540,26.4348
29830697,19.0777,29830697,24.214
29860537,17.456,29860537,24.9444
29878131,18.3883,29878131,27.7628
29907751,16.6553,29907751,28.1134
29923645,20.3451,29923645,25.8731
29938347,16.8553,29938347,28.1358
29955245,17.2733,29955245,24.8116
29971105,19.1577,29971105,26.6193
29986151,17.0325,29986151,26.3039
29994165,16.3061,29994165,25.1713
30017229,19.9938,30017229,26.1234
30031686,18.4882,30031686,28.6485
30047935,15.7639,30047935,29.8547
30064289,21.6578,30064289,29.9437
30082953,18.516,30082953,23.7572
30112372,21.6298,30112372,24.468
30130190,18.4624,30130190,27.6271
30158664,20.4521,30158664,26.1081
30173986,20.0272,30173986,25.0495
30187954,17.9897,30187954,22.6562
30206548,21.7169,30206548,25.8388
30224053,19.2795,30224053,26.6146
30253664,22.6847,30253664,27.6947
30267204,18.5796,30267204,29.5042
30282273,19.655,30282273,29.225
30299815,18.7692,30299815,30.7693
30316314,19.1698,30316314,29.2127
30336819,19.6111,30336819,28.7176
30364430,17.1184,30364430,26.0935
30381561,18.5297,30381561,25.3892
30410936,17.0822,30410936,27.0419
30426385,20.6178,30426385,25.8311
30442364,16.7242,30442364,26.827
30458612,15.532,30458612,26.227
30476391,18.489,30476391,25.695
30493399,17.4049,30493399,26.281
30522107,16.09,30522107,26.4806
30538445,15.7583,30538445,26.7558
30552914,14.9806,30552914,27.1387
30570548,14.6655,30570548,25.4427
30586464,15.4991,30586464,28.2973
30616976,14.6881,30616976,27.1644
30647826,16.9542,30647826,27.8246
30663012,15.9613,30663012,28.1822
30677911,14.7667,30677911,25.1852
30694061,15.7081,30694061,26.7574
30709582,14.4123,30709582,28.2669
30728473,13.41,30728473,24.7625
30755678,18.4154,30755678,26.1842
30772401,14.4187,30772401,24.7938
30788282,17.3414,30788282,25.6268
30803269,14.2347,30803269,24.0199
30820883,16.6828,30820883,24.8563
30838869,13.5205,30838869,28.3597
30867155,16.0906,30867155,29.752
30884052,17.4148,30884052,31.2106
30915244,15.2568,30915244,31.5112
30930171,17.9747,30930171,29.6163
30947454,14.7078,30947454,30.3117
30961386,15.9622,30961386,27.9389
30979561,17.0976,30979561,29.9601
31009107,18.7938,31009107,31.7336
31025088,16.8598,31025088,31.5648
31040121,16.3238,31040121,29.6841
31055960,18.4584,31055960,30.2439
31071590,17.9328,31071590,29.597
31089514,19.7966,31089514,26.3346
31119113,17.4079,31119113,26.8693
31137218,18.6758,31137218,26.4813
31166539,16.6507,31166539,25.9014
31182117,20.6943,31182117,25.9658
31197126,16.6774,31197126,25.7987
31213645,17.6285,31213645,25.2633
31232853,18.7385,31232853,29.237
31261188,15.9258,31261188,28.3076
31276167,19.3582,31276167,27.108
31293253,16.4236,31293253,26.5008
31309377,17.3445,31309377,23.742
31344351,18.2465,31344351,23.9539
31371218,15.5299,31371218,26.7982
31388979,15.7461,31388979,28.9713
31418919,14.2036,31418919,29.394
31435068,17.8281,31435068,31.6459
31450677,15.2567,31450677,27.715
31466834,15.2248,31466834,29.2274
31484348,15.9033,31484348,30.3717
31512541,16.1173,31512541,31.0481
31529509,14.0142,31529509,30.5975
31544614,15.9904,31544614,29.5838
31560394,17.6857,31560394,26.8311
31594731,17.2842,31594731,25.6049
31624184,13.764,31624184,26.1621
31655170,16.058,31655170,25.2266
31671450,16.9069,31671450,26.3422
31703767,18.8212,31703767,28.3875
31737414,17.5611,31737414,28.1192
31763716,16.8284,31763716,30.7778
31779240,16.5729,31779240,28.6347
31794194,19.4329,31794194,29.8934
31810779,18.3878,31810779,28.4119
31826887,17.4209,31826887,29.0145
31843413,21.1993,31843413,28.2401
31858470,19.2674,31858470,27.9071
31874456,18.0542,31874456,26.2413
31889519,21.6031,31889519,26.5038
31904482,19.546,31904482,26.4445
31922468,19.7564,31922468,27.474
31938173,20.1799,31938173,28.076
31957080,22.8599,31957080,24.9581
31988962,20.9576,31988962,25.91
32017786,23.8554,32017786,29.7718
32031196,19.614,32031196,29.1859
32047981,21.0271,32047981,26.0115
32063770,20.082,32063770,24.1039
32079249,19.5584,32079249,24.8312
32098751,20.31,32098751,26.0914
32127960,17.9051,32127960,26.5368
32145246,18.54,32145246,24.6031
32175037,16.6109,32175037,22.4483
32189392,20.346,32189392,25.6841
32206308,16.6777,32206308,29.9145
32220639,17.9755,32220639,25.5695
32239085,16.5657,32239085,24.2875
32268108,17.4872,32268108,26.3695
32298054,17.1833,32298054,23.8507
32328538,16.1006,32328538,23.6926
32343478,19.1329,32343478,24.6186
32359128,15.3252,32359128,29.1156
32377191,18.1924,32377191,27.5577
32392181,15.6452,32392181,29.3265
32407581,15.4721,32407581,27.871
32423491,18.4606,32423491,25.1612
32439256,16.7226,32439256,26.5656
32457844,16.3049,32457844,27.9721
32488792,18.5257,32488792,24.3004
32519392,14.6229,32519392,21.7487
32533347,19.5129,32533347,25.2367
32551326,16.9545,32551326,27.7942
32565566,14.9097,32565566,27.9637
32582347,16.7091,32582347,24.2767
32599134,18.7823,32599134,26.0982
32628210,17.0473,32628210,26.1871
32645626,15.5326,32645626,26.9839
32660512,18.6718,32660512,22.8555
32675533,16.6032,32675533,23.1164
32692557,16.8623,32692557,25.3935
32711761,16.6514,32711761,28.7999
32742809,17.3102,32742809,26.6794
32769430,17.5937,32769430,24.6968
32786701,17.0693,32786701,25.3701
32801525,16.8161,32801525,27.4903
32817229,18.675,32817229,28.7972
32832463,17.6604,32832463,25.28
32847459,15.7358,32847459,26.6868
32864658,19.0418,32864658,23.5945
32879313,15.8442,32879313,24.4361
32895628,19.9633,32895628,23.4698
32909448,16.8272,32909448,27.4626
32926934,14.9371,32926934,30.4422
32940449,15.2837,32940449,23.2138
32945457,16.1669,32945457,28.2299
32973778,17.7171,32973778,24.5234
32989495,15.911,32989495,25.3326
33004166,16.8962,33004166,25.2956
33019731,15.7337,33019731,27.5584
33034740,12.9145,33034740,25.0154
33054344,15.1544,33054344,24.1273
33081901,12.7135,33081901,24.7789
33097350,14.9489,33097350,24.3621
33112277,12.466,33112277,26.6121
33128941,15.3622,33128941,26.9168
33144037,13.8908,33144037,28.9304
33159735,13.3004,33159735,30.3353
33176207,14.3407,33176207,31.0359
33192351,14.7947,33192351,29.9208
33210305,13.2627,33210305,29.9889
33240420,16.9931,33240420,29.36
33256284,14.1892,33256284,26.0535
33272901,16.4195,33272901,26.6795
33287893,13.9287,33287893,29.3633
33308360,13.6509,33308360,25.7946
33336531,12.6703,33336531,25.5342
33364855,16.3361,33364855,23.8151
33382189,13.4871,33382189,22.7941
33397646,15.5037,33397646,22.2795
33414746,14.2393,33414746,26.4788
33428709,15.5307,33428709,26.3495
33445912,14.8747,33445912,28.2843
33463283,14.2293,33463283,23.8148
33495422,13.3017,33495422,25.9228
33525323,15.5788,33525323,24.0957
33541077,13.8956,33541077,22.8553
33558281,15.9615,33558281,24.0908
33572207,17.3398,33572207,24.3865
33588510,15.9072,33588510,29.7396
33603969,18.5342,33603969,26.5091
33619556,17.342,33619556,26.0164
33635470,15.8611,33635470,25.3907
33649617,18.2263,33649617,25.8639
33667147,16.5617,33667147,28.2745
33681004,15.9022,33681004,27.1021
33698307,18.2216,33698307,27.0994
33715669,20.4866,33715669,25.6403
33748480,19.0646,33748480,24.5389
33776642,17.4199,33776642,25.2741
33792834,17.6244,33792834,29.1953
33808409,17.3898,33808409,29.1116
33823952,18.1479,33823952,29.4957
33840477,16.8549,33840477,28.553
33856632,19.7184,33856632,24.5237
33871147,15.3223,33871147,24.7011
33887029,16.6617,33887029,23.9956
33904649,17.9626,33904649,28.2304
33919954,16.6865,33919954,26.4044
33935923,16.7595,33935923,27.3448
33951914,15.6766,33951914,26.5777
33969135,16.8105,33969135,23.1529
34000723,17.6581,34000723,26.4327
34029068,14.6235,34029068,27.5321
34045743,15.8765,34045743,27.9004
34051344,13.8586,34051344,29.1839
34077326,17.9107,34077326,31.1633
34092348,13.923,34092348,29.8879
34107959,15.8596,34107959,31.734
34124138,13.504,34124138,31.5511
34141012,16.6874,34141012,30.7856
34155667,13.7187,34155667,30.9601
34172298,13.2851,34172298,31.0864
34188179,15.6716,34188179,31.2222
34202898,13.8745,34202898,30.8675
34220900,16.2947,34220900,31.3101
34237535,14.23,34237535,31.6243
34253932,14.8703,34253932,31.4556
34283419,13.887,34283419,27.3252
34290420,13.3362,34290420,30.8095
34315020,16.4479,34315020,29.9222
34332037,15.0805,34332037,28.937
34340016,14.5568,34340016,28.5214
34364368,14.4248,34364368,27.246
34392803,16.0812,34392803,26.5803
34408299,14.6235,34408299,25.2337
34423343,18.1054,34423343,26.032
34438907,16.2632,34438907,26.2623
34455563,13.7654,34455563,25.9004
34473284,15.8846,34473284,28.054
34510414,15.2836,34510414,28.2096
34533880,19.0574,34533880,26.5934
34549985,15.3621,34549985,27.0712
34563314,15.3757,34563314,26.0752
34580977,17.4514,34580977,27.1698
34596774,16.09,34596774,25.7632
34612157,18.7493,34612157,25.554
34627080,17.033,34627080,24.4464
34643015,16.7251,34643015,26.486
34658916,16.9171,34658916,24.1135
34674301,16.1546,34674301,25.567
34690030,19.508,34690030,24.7509
34707229,19.0093,34707229,26.8327
34730486,18.7955,34730486,25.6806
34758423,16.9955,34758423,26.4133
34785043,16.6551,34785043,26.9055
34805994,15.0484,34805994,25.0157
34817812,18.5291,34817812,27.8735
34832551,14.8322,34832551,30.2732
34848423,17.8671,34848423,30.2027
34863444,15.4929,34863444,29.8542
34880113,14.8042,34880113,26.8215
34896122,13.9354,34896122,25.9295
34909738,16.3882,34909738,25.6981
34926082,14.5908,34926082,25.0791
34942723,12.8273,34942723,25.8002
34958728,15.5986,34958728,30.0927
34980307,16.3087,34980307,28.0758
35008377,17.1223,35008377,25.1467
35037812,14.6647,35037812,29.2041
35053382,13.2737,35053382,26.7647
35060907,13.7458,35060907,24.5747
35083954,17.7628,35083954,23.3042
35100020,14.5504,35100020,25.8118
35115613,14.7395,35115613,24.6155
35131818,15.0795,35131818,28.2641
35146604,14.6365,35146604,28.9972
35162716,16.0595,35162716,31.4619
35178825,15.4302,35178825,30.4788
35194810,18.1516,35194810,30.8497
35210653,17.4205,35210653,28.5469
35227234,17.5923,35227234,29.7923
35260014,19.3044,35260014,29.915
35288861,15.9441,35288861,30.45
35305063,18.1307,35305063,31.3849
35322686,19.3192,35322686,28.9443
35336734,18.0386,35336734,29.793
35352710,17.5993,35352710,30.0785
35370785,18.5299,35370785,32.172
35401101,18.8666,35401101,30.9054
35416735,21.0007,35416735,31.0203
35432421,17.5219,35432421,31.1523
35448483,20.1078,35448483,29.9532
35464032,20.0398,35464032,30.1264
35480077,21.3387,35480077,26.612
35496029,21.0303,35496029,26.0543
35514178,22.167,35514178,26.8537
35543197,22.2141,35543197,26.8233
35558185,19.8427,35558185,26.4409
35574209,18.7049,35574209,24.2188
35590235,23.6531,35590235,22.7516
35606266,19.0605,35606266,24.2086
35624220,18.0261,35624220,27.3685
35655826,20.0637,35655826,22.4756
35685195,17.3012,35685195,25.511
35701187,20.6235,35701187,22.981
35715978,16.6842,35715978,24.0699
35737267,19.924,35737267,27.4494
35765603,17.5979,35765603,23.7524
35795254,17.2475,35795254,24.4447
35810531,18.4253,35810531,25.982
35827938,18.2118,35827938,23.1421
35843616,17.5195,35843616,22.342
35860388,16.5933,35860388,23.0762
35878904,17.3139,35878904,27.5474
35907326,15.9128,35907326,23.1223
35925668,16.6433,35925668,25.8889
35954148,19.3366,35954148,26.6047
35970428,16.772,35970428,24.2454
35986389,16.9939,35986389,23.002
36003042,17.4196,36003042,22.8931
36021203,15.7085,36021203,27.1813
36050537,19.8525,36050537,28.6592
36064708,17.1321,36064708,28.2575
36080870,16.065,36080870,22.7654
36086661,17.1273,36086661,25.2347
36113753,17.394,36113753,28.7724
36135864,18.9082,36135864,25.7577
36161935,19.1263,36161935,24.7098
36179409,19.786,36179409,25.4911
36210017,18.671,36210017,23.3071
36225493,17.0125,36225493,23.4719
36240064,18.9492,36240064,26.4027
36254896,17.6919,36254896,28.8666
36271478,19.8554,36271478,28.9325
36285420,17.8041,36285420,26.9488
36302562,18.5794,36302562,23.4603
36317934,19.1945,36317934,25.9253
36333079,18.2961,36333079,27.6996
36347954,17.0163,36347954,25.9501
36364112,18.8955,36364112,24.7853
36382954,17.7042,36382954,23.6397
36411052,19.9318,36411052,25.3586
36431725,18.2242,36431725,28.1128
36459140,17.1719,36459140,27.1473
36475239,16.6033,36475239,27.7675
36494388,15.9548,36494388,25.0807
36524024,16.5406,36524024,26.4975
36554755,14.413,36554755,22.6822
36568945,17.5281,36568945,23.3301
36584886,13.8948,36584886,24.4412
36601087,18.7794,36601087,30.153
36615428,15.226,36615428,27.6164
36635881,13.7239,36635881,23.786
36664079,16.3434,36664079,26.2238
36681981,13.2956,36681981,25.7012
36711637,16.0539,36711637,26.5995
36728777,14.1862,36728777,23.4208
36743495,16.0593,36743495,23.7023
36759738,14.1893,36759738,24.6737
36778694,15.0113,36778694,24.1757
36784692,14.4188,36784692,26.6302
36807661,16.6855,36807661,29.2998
36823344,13.2995,36823344,28.7713
36838673,17.1359,36838673,26.9223
36855185,14.6922,36855185,24.1807
36869595,14.9133,36869595,24.1772
36887665,14.9773,36887665,27.903
36916540,16.531,36916540,27.4487
36936541,17.5595,36936541,23.7037
36962856,15.4616,36962856,22.4849
36978892,17.3792,36978892,25.4016
36993827,16.1967,36993827,24.8349
37009993,15.0926,37009993,26.0811
37028035,15.6768,37028035,29.5302
37056217,19.9208,37056217,30.4059
37072777,16.1395,37072777,31.79
37088739,15.9193,37088739,29.7765
37105835,19.4277,37105835,29.1773
37120292,18.3305,37120292,30.0918
37138330,18.6412,37138330,25.9303
37166878,17.1148,37166878,24.5546
37185997,16.2963,37185997,26.2866
37215421,18.3003,37215421,28.0723
37231579,19.7224,37231579,25.3061
37246883,17.7031,37246883,25.89
37262049,19.4281,37262049,26.6424
37281291,18.1478,37281291,24.6797
37309749,16.5723,37309749,29.8227
37325818,19.1319,37325818,27.2935
37341956,17.0732,37341956,29.3528
37357864,15.3558,37357864,30.9447
37373286,17.1851,37373286,27.9733
37396372,18.5667,37396372,30.2772
37422061,15.6671,37422061,25.0997
37439683,17.0521,37439683,28.7975
37466791,15.2523,37466791,27.2459
37483896,17.4826,37483896,25.1641
37498801,15.4303,37498801,26.4592
37514166,15.579,37514166,28.9844
37534132,15.7842,37534132,25.8048
37562645,15.1895,37562645,27.726
37578617,16.8555,37578617,27.7374
37593671,15.7193,37593671,30.1242
37601084,16.6503,37601084,26.5972
37624164,16.1297,37624164,24.593
37642772,16.7712,37642772,24.2628
37670170,16.495,37670170,27.9128
37690334,15.2902,37690334,30.1638
37720414,21.4023,37720414,28.6856
37734408,18.0844,37734408,27.4032
37749802,16.8687,37749802,24.9744
37766077,21.0195,37766077,28.4649
37783993,19.5194,37783993,24.7417
37790111,17.2601,37790111,25.542
37812864,20.9477,37812864,26.3286
37830738,20.1373,37830738,27.1346
37845196,19.0018,37845196,27.7046
37862517,21.7444,37862517,26.6751
37876578,22.5056,37876578,26.7325
37898951,21.243,37898951,24.7844
37924609,21.5191,37924609,24.3944
37940175,20.0115,37940175,27.5042
37970226,21.0632,37970226,28.5385
37986248,22.4026,37986248,28.5432
38002151,21.8108,38002151,32.3473
38017745,19.7893,38017745,30.6326
38035835,23.0371,38035835,30.6647
38064334,19.8638,38064334,30.4558
38079741,21.5046,38079741,31.335
38096404,21.9779,38096404,31.0565
38110788,19.6926,38110788,29.9616
38127113,19.4338,38127113,31.3824
38145877,18.3258,38145877,31.5071
38175137,17.6883,38175137,30.023
38192426,15.1486,38192426,28.9894
38221016,17.7719,38221016,25.8851
38236988,15.4624,38236988,26.7917
38253624,15.0484,38253624,24.6295
38268931,14.8757,38268931,24.892
38276509,16.5614,38276509,25.7895
38301306,13.1335,38301306,30.7032
38321924,12.9685,38321924,29.0117
38348528,15.4301,38348528,25.5348
38363877,12.3328,38363877,25.3302
38380397,15.39,38380397,23.0429
38396565,12.5031,38396565,24.6728
38411727,14.8323,38411727,23.4402
38426759,11.835,38426759,26.1027
38446814,14.9064,38446814,31.2624
38475679,13.027,38475679,29.9898
38493373,13.5049,38493373,27.2009
38522838,12.5043,38522838,28.1261
38538912,13.9739,38538912,26.0168
38556481,14.3714,38556481,27.1095
38587754,12.6407,38587754,27.7473
38618645,14.5254,38618645,27.0303
38632610,13.5878,38632610,25.3314
38652792,14.1934,38652792,29.2625
38681578,14.4496,38681578,25.764
38699906,15.2163,38699906,24.6291
38727889,17.0311,38727889,25.4734
38743584,15.8162,38743584,27.0272
38760067,16.3058,38760067,25.379
38775952,16.7806,38775952,24.4465
38791801,14.1845,38791801,24.6928
38814145,14.2028,38814145,26.0871
38838393,18.4261,38838393,25.0761
38855036,14.8025,38855036,29.4095
38870109,18.3194,38870109,27.9121
38885453,14.6569,38885453,25.061
38906138,15.7128,38906138,30.1256
38931978,14.4565,38931978,26.832
38949077,14.6236,38949077,26.165
38978560,18.2472,38978560,26.09
38994419,15.7031,38994419,26.1215
39010547,17.1469,39010547,27.2897
39028574,17.1736,39028574,25.8173
39057465,14.1921,39057465,27.1317
39074764,13.9091,39074764,25.5067
39090400,15.0056,39090400,29.722
39122355,14.368,39122355,25.9471
39157437,13.8948,39157437,28.1042
39183894,14.5927,39183894,29.6515
39201660,16.928,39201660,28.7091
39232089,13.0852,39232089,27.7001
39248979,15.9487,39248979,29.4185
39263669,12.2515,39263669,26.8082
39279984,15.74,39279984,28.773
39299507,15.1766,39299507,25.4454
39325696,12.397,39325696,24.8506
39341737,15.2781,39341737,27.2532
39358701,12.8125,39358701,29.581
39373184,15.0075,39373184,30.5672
39390182,13.1158,39390182,22.4746
39412438,13.0852,39412438,24.2838
39436685,14.9612,39436685,26.1554
39454783,12.5977,39454783,24.5863
39485299,13.559,39485299,22.2686
39501225,12.6344,39501225,21.237
39515375,12.5042,39515375,29.0786
39531440,13.2947,39531440,28.3084
39548218,13.306,39548218,23.5645
39565754,12.4989,39565754,25.4422
39594907,14.8389,39594907,26.4893
39609421,13.4729,39609421,24.2798
39625311,17.2108,39625311,23.2986
39642281,13.8232,39642281,22.3087
39659443,14.8645,39659443,28.2904
39689778,15.617,39689778,24.2191
39706780,17.311,39706780,24.5521
39737975,15.4303,39737975,28.7286
39752449,14.592,39752449,25.5604
39767846,17.8338,39767846,25.5034
39784459,16.8104,39784459,25.8338
39800002,14.9768,39800002,24.4936
39821548,15.967,39821548,24.5033
39847377,17.0864,39847377,25.1215
39863385,15.7088,39863385,29.3997
39879430,19.2979,39879430,28.913
39895603,15.5003,39895603,29.6998
39912029,18.2119,39912029,25.1592
39939968,18.1415,39939968,26.4394
39958497,17.0739,39958497,27.5396
39989305,15.2533,39989305,24.2447
40004795,19.047,40004795,23.3178
40020399,15.2252,40020399,21.9145
40036273,18.0852,40036273,26.3917
40052155,16.2992,40052155,27.1322
40071253,13.9231,40071253,26.5882
40101292,15.9546,40101292,23.0692
40115468,14.3639,40115468,25.8311
40131350,12.8451,40131350,25.4375
40147350,15.6076,40147350,27.0242
40163849,12.876,40163849,22.9232
40178915,14.6294,40178915,23.4034
40193962,12.2468,40193962,21.9665
40211198,12.5028,40211198,28.0778
40241184,12.22,40241184,24.9148
40257167,12.928,40257167,24.5913
40272411,11.5664,40272411,25.8241
40288769,15.3582,40288769,26.3177
40304331,12.6399,40304331,26.2829
40320479,12.9588,40320479,24.3006
40336510,13.2994,40336510,24.6226
40350601,13.1658,40350601,29.1429
40367251,13.9811,40367251,28.2606
40382248,12.9862,40382248,28.129
40397941,14.6253,40397941,27.7946
40415172,15.1947,40415172,26.9674
40444585,11.3505,40444585,26.1826
40462772,13.1822,40462772,22.6315
40490489,15.2427,40490489,23.5353
40507380,12.9499,40507380,22.4442
40523183,15.745,40523183,25.0928
40554852,13.2689,40554852,25.2633
40584417,16.739,40584417,24.419
40601096,15.0381,40601096,23.7577
40616285,17.2825,40616285,24.8757
40631259,14.3803,40631259,27.8347
40640387,15.9985,40640387,24.6281
40666884,15.7889,40666884,24.04
40695244,16.4942,40695244,27.4522
40714093,18.1857,40714093,26.3614
40742838,17.0693,40742838,24.7064
40757571,17.1775,40757571,24.9199
40773175,19.2663,40773175,26.7839
40789035,18.2986,40789035,26.1933
40805924,19.9335,40805924,24.8981
40836748,18.147,40836748,25.0593
40852737,16.664,40852737,23.5825
40867162,20.4238,40867162,27.5019
40883326,17.2473,40883326,28.7476
40899501,19.096,40899501,30.0007
40916702,17.6275,40916702,28.789
40945700,17.2076,40945700,26.2762
40965215,16.326,40965215,25.4307
40995249,19.3049,40995249,25.7571
41009861,15.1585,41009861,28.1176
41024718,16.4886,41024718,27.2756
41040639,15.5815,41040639,28.3353
41057694,16.3068,41057694,25.1124
41073070,17.7439,41073070,24.8766
41089073,15.4938,41089073,23.6098
41104211,16.4612,41104211,25.635
41119086,15.9548,41119086,25.5796
41135227,14.2805,41135227,27.6714
41151144,18.2519,41151144,26.9244
41169677,16.7596,41169677,25.3343
41200370,15.7118,41200370,28.5156
41217416,17.036,41217416,30.51
41247493,14.809,41247493,30.7193
41261907,18.6281,41261907,30.4379
41278924,15.75,41278924,30.4029
41294866,14.7996,41294866,31.2318
41312988,15.128,41312988,24.7756
41340300,14.6608,41340300,27.7949
41370907,18.9325,41370907,28.037
41386839,16.8598,41386839,26.6788
41402993,17.5615,41402993,28.8574
41420402,17.7353,41420402,27.0434
41450987,19.6888,41450987,23.7897
41468941,19.6018,41468941,23.9798
41498220,19.7868,41498220,25.1278
41514124,21.8361,41514124,26.6853
41532146,18.075,41532146,26.0546
41563205,20.2741,41563205,24.5463
41594179,18.5044,41594179,26.592
41608396,21.9546,41608396,26.7024
41624531,19.7641,41624531,26.1591
41639433,20.9117,41639433,30.4846
41646447,20.9691,41646447,29.8614
41679675,20.2528,41679675,29.6416
41704647,18.6602,41704647,28.3023
41722084,20.1358,41722084,28.5425
41752735,18.8348,41752735,32.2763
41768024,21.0432,41768024,28.4861
41797530,18.5849,41797530,31.1196
41815535,20.4505,41815535,26.8688
41843907,18.4983,41843907,25.4022
41859122,14.9412,41859122,27.1574
41876135,19.5248,41876135,26.9213
41893207,16.3267,41893207,26.7818
41908231,15.6493,41908231,25.6588
41926149,17.3157,41926149,26.166
41955471,18.2778,41955471,26.377
41974219,17.1644,41974219,25.5091
42004501,16.8857,42004501,25.7514
42018572,14.4593,42018572,26.3559
42036726,17.408,42036726,26.9159
42051716,15.9121,42051716,26.3141
42069113,14.5149,42069113,29.1556
42100284,14.9432,42100284,25.4018
42130785,14.7349,42130785,24.5563
42145996,16.5044,42145996,25.0918
42161174,17.3777,42161174,26.4758
42170011,17.4463,42170011,29.218
42192537,16.0584,42192537,30.0647
42207468,14.9234,42207468,31.403
42226631,14.195,42226631,27.6286
42256641,16.164,42256641,25.5662
42264410,16.0898,42264410,26.6066
42285661,18.6822,42285661,26.7853
42301314,16.1269,42301314,25.2717
42319104,19.3947,42319104,22.6411
42348441,17.6913,42348441,24.0146
42364637,16.4307,42364637,25.0948
42380381,18.4418,42380381,27.2428
42396932,16.7798,42396932,29.3043
42411049,17.1788,42411049,25.899
42432399,16.3945,42432399,29.0844
42459411,17.3219,42459411,27.6488
42495247,15.9293,42495247,26.1302
42510133,16.2641,42510133,25.9384
42540148,17.9061,42540148,25.215
42556240,16.858,42556240,27.2811
42571708,15.2484,42571708,25.7183
42591721,13.6784,42591721,27.0611
42618477,18.6243,42618477,27.5323
42634601,14.8694,42634601,27.0986
42649561,17.1689,42649561,29.2644
42665009,13.7497,42665009,25.5593
42683968,16.6874,42683968,27.9779
42697968,13.1271,42697968,26.9588
42713599,12.2894,42713599,28.5637
42733659,13.3424,42733659,26.4482
42761708,14.901,42761708,25.1866
42777541,12.2902,42777541,24.5374
42793107,14.1901,42793107,23.6597
42809388,13.5484,42809388,25.3114
42824504,13.7966,42824504,24.8144
42843525,12.9916,42843525,25.6641
42876162,14.7186,42876162,26.4187
42904747,13.6508,42904747,26.5439
42920313,15.5985,42920313,28.5312
42942660,15.6649,42942660,27.1174
42966901,13.65,42966901,27.4938
42985244,16.6807,42985244,27.7669
43000097,13.8955,43000097,27.3207
43014549,12.5783,43014549,26.1672
43037573,16.9587,43037573,29.9223
43063759,13.4773,43063759,31.2668
43079065,15.6052,43079065,29.7729
43095859,17.1005,43095859,28.6283
43128055,14.5403,43128055,24.3516
43157673,15.1164,43157673,24.6351
43173333,14.5028,43173333,27.0891
43187746,16.5719,43187746,24.8711
43204737,18.3637,43204737,25.1882
43239073,17.9772,43239073,21.5899
43269236,15.498,43269236,23.6176
43283651,18.0858,43283651,23.0777
43299440,16.6929,43299440,23.1507
43306009,17.9064,43306009,23.0945
43330223,18.0485,43330223,24.0508
43348285,18.7958,43348285,22.7871
43376290,17.4527,43376290,22.4487
43395024,19.0528,43395024,28.0402
43425047,18.0453,43425047,26.3866
43440529,20.7032,43440529,22.7769
43457085,18.4413,43457085,25.2976
43472762,19.1223,43472762,25.082
43490141,19.3882,43490141,24.425
43503701,21.053,43503701,21.1511
43519684,20.4826,43519684,24.1866
43535686,18.0864,43535686,27.9018
43551394,21.7108,43551394,28.1943
43566101,17.3214,43566101,23.2461
43582729,18.3969,43582729,25.8849
43596077,21.7006,43596077,25.5804
43613880,18.2852,43613880,25.6782
43631592,19.1375,43631592,22.8173
43660620,18.3317,43660620,23.2943
43677598,18.2522,43677598,23.5055
43693600,17.8475,43693600,28.5194
43709110,19.6504,43709110,28.2862
43724276,17.4141,43724276,26.5008
43741502,19.6841,43741502,26.4538
43755105,19.1883,43755105,24.6902
43771185,17.242,43771185,26.5246
43786217,20.7388,43786217,22.9728
43803910,16.8327,43803910,23.2522
43819162,16.5669,43819162,22.626
43833173,18.65,43833173,23.6465
43852104,15.5852,43852104,23.0621
43884692,17.2779,43884692,24.8413
43913088,19.337,43913088,24.0413
43929259,15.4996,43929259,19.5101
43944439,17.9499,43944439,25.5055
43959621,19.7115,43959621,25.999
43976614,17.6975,43976614,20.5766
43992689,17.25,43992689,25.1796
44008245,20.2407,44008245,19.7942
44023138,18.8175,44023138,22.8653
44040150,17.4526,44040150,27.0705
44055159,20.7966,44055159,23.985
44070661,19.0577,44070661,22.2509
44087684,17.84,44087684,25.2238
44102378,21.2725,44102378,25.1168
44119274,19.7452,44119274,21.6262
44137421,19.5196,44137421,24.3655
44151768,17.4957,44151768,26.1074
44169794,19.4023,44169794,26.5549
44196818,17.6997,44196818,25.5132
44214384,22.0835,44214384,24.1409
44230330,20.3445,44230330,29.7755
44252213,22.0392,44252213,26.5275
44276839,18.086,44276839,27.0623
44297787,18.6664,44297787,26.4835
44325968,18.3269,44325968,24.3052
44342011,17.8113,44342011,24.2888
44358176,17.8193,44358176,23.1212
44374025,19.6761,44374025,24.4938
44391907,20.3437,44391907,29.855
44421740,16.8213,44421740,29.7404
44437449,14.9103,44437449,28.9677
44453414,15.787,44453414,26.4027
44467922,16.2103,44467922,24.4822
44484906,17.6486,44484906,26.9377
44500942,15.6656,44500942,25.1356
44515679,17.0746,44515679,27.8993
44532248,15.7088,44532248,26.3156
44550186,15.2262,44550186,23.075
44579808,14.6772,44579808,24.2116
44594852,13.7136,44594852,27.3167
44609182,14.1975,44609182,28.8581
44626402,16.4594,44626402,24.6148
44644072,16.586,44644072,30.4085
44673716,13.927,44673716,29.254
44690200,16.8522,44690200,29.3695
44704607,15.8789,44704607,25.9092
44721173,15.9473,44721173,26.732
44736124,15.456,44736124,25.2249
44750466,15.6415,44750466,26.4329
44767052,16.3268,44767052,25.7176
44783980,12.8814,44783980,25.7587
44802723,14.1904,44802723,28.7452
44834667,18.4876,44834667,27.234
44846561,14.8693,44846561,26.4877
44861470,18.54,44861470,26.6483
44878868,15.2852,44878868,28.5138
44895883,17.6607,44895883,24.1845
44931313,18.5665,44931313,28.2907
44956635,16.8272,44956635,28.0085
44970972,17.144,44970972,29.5358
44987538,18.3776,44987538,29.6356
45006054,19.55,45006054,29.5672
45037670,17.5969,45037670,27.4858
45054052,19.7115,45054052,24.8748
45083933,18.1917,45083933,24.5976
45097568,16.1672,45097568,24.8987
45115142,19.8532,45115142,25.9896
45129165,18.1109,45129165,25.5746
45147303,17.8088,45147303,26.9136
45177305,16.2948,45177305,27.6709
45193035,19.3357,45193035,24.1247
45207236,15.7127,45207236,24.9188
45224216,15.8806,45224216,25.0025
45255326,15.4609,45255326,24.0149
45270766,16.0538,45270766,27.5002
45301399,16.273,45301399,31.3362
45315261,15.2882,45315261,29.2235
45331838,16.043,45331838,29.6715
45348293,14.2341,45348293,26.701
45366311,15.3608,45366311,31.2328
45397249,15.394,45397249,30.5225
45426432,14.8374,45426432,31.9432
45440833,17.2278,45440833,30.3739
45457250,16.2985,45457250,28.1719
45471314,16.2092,45471314,27.8462
45487665,15.6767,45487665,30.7789
45507935,16.2732,45507935,24.5974
45534574,13.1332,45534574,27.6265
45547875,15.5824,45547875,26.7056
45565750,13.6836,45565750,28.0537
45580733,17.8598,45580733,27.0713
45599179,13.9222,45599179,24.6727
45613588,17.4431,45613588,22.7363
45629368,14.8757,45629368,24.864
45644576,17.0675,45644576,25.7005
45659760,15.6969,45659760,29.5008
45674952,16.4203,45674952,29.6001
45689805,16.1274,45689805,30.0965
45707025,13.9461,45707025,25.1989
45721335,16.7444,45721335,24.8061
45738843,15.9487,45738843,29.0486
45757473,15.3246,45757473,26.3981
45786448,18.58,45786448,26.8154
45802424,15.8822,45802424,27.9957
45816410,16.301,45816410,24.2959
45832429,19.2986,45832429,25.1489
45851196,16.222,45851196,24.163
45880760,19.3257,45880760,24.0093
45896676,18.0427,45896676,29.7119
45913286,15.8763,45913286,27.3387
45929198,20.1672,45929198,30.3646
45945225,18.2396,45945225,28.36
45975735,18.1855,45975735,25.4815
45992086,20.9257,45992086,25.5136
46000557,18.8905,46000557,24.6901
46022173,17.9032,46022173,26.7847
46038170,16.3344,46038170,28.3081
46052234,19.2284,46052234,26.7817
46069689,16.8206,46069689,26.1797
46083636,17.7709,46083636,23.967
46099702,16.5779,46099702,25.5223
46105179,15.3229,46105179,23.5022
46131166,15.9221,46131166,29.7148
46161767,17.31,46161767,28.7018
46178481,15.0797,46178481,26.8119
46193690,14.4948,46193690,28.8033
46212182,13.3377,46212182,24.6331
46241214,17.4132,46241214,26.9907
46259304,17.4867,46259304,27.4161
46287741,13.2623,46287741,28.1502
46303691,17.9359,46303691,28.5899
46320398,13.5088,46320398,26.4783
46336267,16.3834,46336267,28.6754
46352550,12.8758,46352550,25.7526
46368067,16.654,46368067,27.9105
46384354,13.5146,46384354,26.4178
46398931,15.5658,46398931,27.3437
46415532,14.1838,46415532,26.3935
46430440,15.1466,46430440,25.7142
46448090,12.4271,46448090,31.2097
46459780,14.6654,46459780,25.8404
46478310,11.5136,46478310,24.4818
46493410,15.3202,46493410,26.8918
46513819,12.9902,46513819,25.2156
46541783,12.6995,46541783,25.5224
46557421,13.2264,46557421,27.9604
46573467,14.6637,46573467,24.8883
46589667,16.2569,46589667,27.1441
46605068,14.4561,46605068,28.762
46623285,16.4202,46623285,29.5326
46655814,18.2216,46655814,29.0713
46685431,17.0205,46685431,24.8818
46701049,17.9879,46701049,24.4579
46715084,17.4872,46715084,25.3298
46733039,16.306,46733039,26.3018
46748044,20.3515,46748044,26.7891
46764600,19.693,46764600,23.7405
46794716,19.7744,46794716,22.9724
46811103,18.4983,46811103,22.0974
46830144,20.1306,46830144,22.7623
46861540,19.373,46861540,27.8166
46890722,17.7033,46890722,25.261
46919875,20.5935,46919875,24.6549
46935773,17.6618,46935773,25.9625
46954098,19.3995,46954098,26.6804
46982545,18.3373,46982545,23.7351
46998783,18.2575,46998783,24.2838
47016279,19.6511,47016279,27.0703
47046499,15.846,47046499,27.7637
47061637,20.1782,47061637,28.7876
47078522,17.8922,47078522,25.2652
47093646,15.7593,47093646,23.9961
47109408,19.0783,47109408,24.7585
47125129,15.7834,47125129,24.8641
47143364,17.0346,47143364,24.2516
47172456,15.4728,47172456,23.6487
47188565,18.257,47188565,22.5859
47204971,15.8852,47204971,27.9357
47218653,18.1851,47218653,27.4471
47235294,15.2373,47235294,23.0982
47250664,15.9525,47250664,23.8253
47269811,17.2781,47269811,20.4422
47297573,17.7973,47297573,19.0647
47313386,16.6503,47313386,26.4605
47329975,16.2736,47329975,21.721
47345304,18.0736,47345304,23.0993
47359925,17.4772,47359925,22.5198
47377479,16.2856,47377479,21.2294
47392971,19.4612,47392971,26.9234
47408455,16.561,47408455,26.2451
47424003,18.499,47424003,24.8734
47463390,20.8579,47463390,24.4217
47484453,17.5573,47484453,27.9602
47499696,17.4475,47499696,26.1615
47526568,19.6485,47526568,24.4145
47557343,21.0426,47557343,22.7322
47578504,17.9802,47578504,22.9063
47594243,18.5802,47594243,21.7672
47611325,17.9505,47611325,25.7837
47640242,17.9145,47640242,23.7312
47655215,21.1374,47655215,25.8164
47670883,19.1007,47670883,25.0862
47687436,18.2845,47687436,26.8509
47703803,17.4296,47703803,23.6342
47721556,17.5968,47721556,24.4965
47763829,20.0337,47763829,28.8834
47782227,17.2426,47782227,26.3442
47798023,20.142,47798023,25.1262
47813799,16.3116,47813799,24.8689
47828891,15.6549,47828891,27.201
47843712,19.0455,47843712,25.8967
47860801,16.7861,47860801,22.9479
47891132,16.0947,47891132,25.6589
47906408,15.8823,47906408,27.08
47923644,15.8083,47923644,31.0522
47937928,14.6702,47937928,29.7847
47955043,18.1406,47955043,25.3755
47971220,16.2149,47971220,25.2256
48001612,14.6702,48001612,25.5145
48020022,14.8806,48020022,29.44
48059771,16.0546,48059771,29.0269
48080904,13.8948,48080904,27.5225
48098468,12.8743,48098468,27.4889
48128665,18.073,48128665,28.2646
48143919,13.2672,48143919,26.5026
48159853,12.2508,48159853,24.0188
48191473,15.1706,48191473,26.0838
48205455,13.929,48205455,25.968
48222693,11.7872,48222693,30.8052
48252573,14.1625,48252573,30.3771
48267807,12.2306,48267807,27.6532
48296006,11.5272,48296006,29.2522
48315182,13.8909,48315182,27.3773
48331727,12.6078,48331727,27.4435
48362444,14.5252,48362444,28.4896
48376436,12.4625,48376436,26.5263
48403846,14.7386,48403846,27.3457
48420718,13.8697,48420718,26.8562
48451962,13.8972,48451962,23.8765
48471345,15.6357,48471345,24.8674
48487874,13.7131,48487874,28.3166
48502701,15.6969,48502701,27.6614
48514114,15.639,48514114,30.1905
48545360,15.0834,48545360,25.5807
48577090,16.1206,48577090,25.746
48597391,13.8036,48597391,28.1556
48616500,15.9546,48616500,27.1959
48644470,17.6485,48644470,24.3326
48659157,15.6346,48659157,24.8544
48675343,16.2469,48675343,23.264
48691741,14.5364,48691741,29.4201
48721169,15.0789,48721169,30.8757
48738272,15.8155,48738272,27.9384
48762866,14.0127,48762866,28.1985
48783454,13.4726,48783454,24.9795
48799243,17.4483,48799243,26.0759
48809773,15.7783,48809773,25.7161
48832808,13.8602,48832808,26.4689
48861483,12.4619,48861483,27.4131
48876826,13.2641,48876826,26.2865
48893959,11.1752,48893959,24.8135
48910111,11.9403,48910111,23.9426
48951695,11.0497,48951695,29.099
48970783,9.91212,48970783,22.8122
48983140,16.6414,48983140,24.9998
49000913,12.5857,49000913,25.926
49012228,15.4553,49012228,23.4178
49032743,12.3674,49032743,26.3664
49075022,12.4515,49075022,28.6503
49106513,12.8813,49106513,27.1852
49137647,12.5404,49137647,25.5542
49153101,13.5133,49153101,25.0581
49169171,11.4823,49169171,26.4967
49189834,15.1312,49189834,27.1393
49205428,12.0054,49205428,29.425
49220945,15.2558,49220945,26.7126
49241632,11.101,49241632,26.5106
49266836,13.585,49266836,28.6406
49284954,14.3156,49284954,25.0652
49313870,13.0915,49313870,29.447
49323192,14.558,49323192,26.5983
49344431,13.9907,49344431,30.7091
49376386,18.4293,49376386,30.3733
49393397,18.7965,49393397,27.4901
49422016,16.921,49422016,26.6498
49438934,15.7533,49438934,27.0837
49455515,20.8385,49455515,25.5453
49470009,17.4874,49470009,27.5705
49486960,19.1167,49486960,27.3495
49517782,19.3783,49517782,28.7536
49559860,19.8638,49559860,26.5298
49589360,22.9561,49589360,24.9933
49609912,23.3143,49609912,28.8768
49631374,19.7307,49631374,25.9437
49656054,22.4712,49656054,25.9688
49682369,19.8285,49682369,30.2409
49702529,18.7586,49702529,30.02
49718545,21.7124,49718545,29.3867
49737575,16.8729,49737575,27.268
49766755,20.8706,49766755,25.6135
49783674,18.3639,49783674,24.8025
49818900,14.6563,49818900,24.8728
49840573,15.6137,49840573,26.2977
49862288,15.4672,49862288,27.2454
49902518,15.634,49902518,27.1575
49934431,12.3663,49934431,26.2349
49955181,11.1759,49955181,25.7143
49970177,10.6494,49970177,24.053
49997754,11.3098,49997754,23.8416
50017687,13.271,50017687,27.0583
50044559,12.0034,50044559,27.8983
50076035,12.0845,50076035,30.165
50095914,11.9111,50095914,30.8063
50123195,14.9022,50123195,29.3038
50143315,12.4294,50143315,28.9545
50171667,11.2727,50171667,25.9858
50190395,12.2175,50190395,27.3543
50221266,15.3987,50221266,27.6055
50248253,14.7132,50248253,27.1096
50268398,15.0899,50268398,27.6265
50295501,14.5446,50295501,28.8026
50314973,17.0998,50314973,27.3606
50331526,16.7179,50331526,28.1139
50362404,15.2515,50362404,26.1967
50378999,14.4256,50378999,23.8001
50408169,15.3358,50408169,25.2383
50424488,15.7769,50424488,23.3727
50441251,14.9126,50441251,25.9993
50462908,15.8867,50462908,27.3008
50490659,16.3375,50490659,28.1944
50530720,19.0496,50530720,23.7217
50550779,17.2367,50550779,24.0995
50566722,15.0204,50566722,24.1281
50581138,17.9757,50581138,26.1033
50599331,18.4627,50599331,28.0389
50638941,18.1161,50638941,23.0881
50659067,14.2795,50659067,25.4612
50684945,14.4873,50684945,23.0062
50705257,14.3511,50705257,27.8341
50720053,14.4518,50720053,25.6445
50737675,13.0241,50737675,23.0745
50750519,11.1328,50750519,27.7884
50762414,14.6929,50762414,27.0383
50782769,11.5191,50782769,23.1332
50799021,10.9584,50799021,25.3441
50808328,10.0948,50808328,24.0134
50829484,9.84825,50829484,26.1507
50844788,14.6541,50844788,28.8083
50860181,10.8649,50860181,28.5215
50887650,10.0171,50887650,25.1878
50919216,10.8258,50919216,24.5625
50942153,11.776,50942153,25.6664
50983809,11.5184,50983809,22.5796
51002243,13.363,51002243,24.1168
51019246,11.7807,51019246,24.7073
51034758,9.0848,51034758,27.8206
51065213,11.4839,51065213,24.947
51080715,10.9422,51080715,25.4833
51099525,14.2467,51099525,27.1714
51141405,13.3989,51141405,26.0371
51160324,12.676,51160324,24.2571
51176640,12.7744,51176640,28.3801
51196088,13.7221,51196088,25.7892
51203082,12.4568,51203082,28.0853
51222659,12.279,51222659,25.5386
51234205,13.3262,51234205,27.1475
51280574,11.4869,51280574,25.1145
51296246,15.6292,51296246,27.2802
51312244,12.8759,51312244,25.6308
51317089,14.2903,51317089,27.7616
51333542,12.8541,51333542,23.8375
51360511,14.4978,51360511,23.71
51379841,14.3627,51379841,29.2786
51395146,13.9176,51395146,28.6284
51411951,16.1157,51411951,29.1043
51452629,13.9221,51452629,26.1256
51472742,17.3077,51472742,25.9323
51489089,15.4608,51489089,26.0144
51504909,15.012,51504909,21.994
51519969,14.7179,51519969,24.1772
51536718,15.4437,51536718,27.0703
51551546,15.493,51551546,29.1929
51579805,14.3641,51579805,23.0214
51599191,15.923,51599191,24.4458
51625826,16.0176,51625826,25.4595
51630365,16.9224,51630365,25.2969
51642254,17.2833,51642254,24.0159
51663774,16.1526,51663774,23.116
51688799,13.76,51688799,24.4406
51696029,14.908,51696029,27.5845
51727295,14.7688,51727295,26.562
51740733,14.2426,51740733,28.9802
51760844,15.0797,51760844,25.1553
51789332,13.9279,51789332,27.9349
51831136,15.5016,51831136,24.1117
51851104,14.7911,51851104,22.6903
51867122,14.6541,51867122,27.4721
51882007,14.1169,51882007,27.8568
51897927,16.0899,51897927,24.2568
51923972,13.3252,51923972,24.2503
51946708,13.2632,51946708,24.1771
51987046,15.3841,51987046,26.0354
52002624,12.4617,52002624,26.9906
52018526,12.7121,52018526,25.101
52039851,14.9383,52039851,24.6478
52066115,15.3253,52066115,23.6719
52088302,15.3565,52088302,27.1489
52117931,13.6813,52117931,24.9252
52144275,13.3262,52144275,25.3414
52164350,16.3413,52164350,24.3248
52180813,12.6672,52180813,26.8564
52198740,14.235,52198740,24.3943
52227357,15.9219,52227357,22.4844
52243523,14.2417,52243523,23.2942
52259639,16.3887,52259639,26.2056
52285554,15.9604,52285554,28.3852
52301795,13.9412,52301795,25.088
52316908,13.9353,52316908,24.035
52348168,14.4081,52348168,26.4055
52378705,16.3,52378705,22.8568
52411630,16.9499,52411630,30.3269
52432997,18.5413,52432997,23.8662
52458794,17.4578,52458794,26.7394
52476980,16.3391,52476980,25.3333
52493780,19.4712,52493780,25.3028
52510708,18.2294,52510708,28.6167
52541399,17.1009,52541399,24.6717
52572181,17.217,52572181,28.329
52613417,20.0942,52613417,30.0283
52632553,17.9489,52632553,30.3068
52650465,19.9938,52650465,26.0307
52691486,14.7051,52691486,25.5249
52711680,15.0171,52711680,29.2271
52742136,18.1837,52742136,27.4862
52759873,17.6595,52759873,26.8478
52787710,13.9398,52787710,28.2096
52814859,14.0548,52814859,27.7682
52830520,14.7699,52830520,26.6292
52850926,14.8647,52850926,28.8933
52877271,13.2939,52877271,25.7877
52899005,15.5354,52899005,24.3625
52923728,13.1214,52923728,25.8428
52939986,15.7337,52939986,25.3161
52955432,12.0167,52955432,26.6555
52970763,13.745,52970763,30.6275
52992468,12.9117,52992468,27.8363
53033768,13.4674,53033768,25.8983
53065038,11.5154,53065038,27.799
53083922,14.5901,53083922,29.1542
53099323,12.6343,53099323,26.9626
53117548,11.1059,53117548,24.3843
53145182,13.2688,53145182,25.07
53160702,12.8976,53160702,23.4728
53188117,15.0427,53188117,24.2913
53192838,13.2367,53192838,25.1102
53211800,16.1333,53211800,27.8006
53239827,15.394,53239827,29.9113
53265780,14.3674,53265780,29.2562
53282294,17.7014,53282294,29.5846
53297141,16.7704,53297141,25.1421
53312999,16.492,53312999,25.9873
53328943,16.8214,53328943,25.5776
53344348,16.8233,53344348,25.0793
53359503,19.7459,53359503,27.9091
53376187,19.3421,53376187,29.0857
53395755,17.9854,53395755,28.3296
53411838,17.9062,53411838,28.63
53428672,17.1174,53428672,26.9945
53445718,18.671,53445718,23.275
53475365,18.279,53475365,24.7788
53491341,20.8709,53491341,23.9803
53505577,17.9795,53505577,29.2
53533620,20.8434,53533620,28.2902
53553721,17.9015,53553721,29.0059
53568767,18.9035,53568767,26.4426
53580412,19.7524,53580412,28.3251
53600089,18.4936,53600089,27.4136
53615737,18.02,53615737,25.3384
53631426,17.4474,53631426,28.5322
53642925,17.4559,53642925,26.0453
53673892,15.8556,53673892,27.7677
53705167,15.9222,53705167,27.5587
53724227,16.1694,53724227,27.6853
53741971,16.4305,53741971,28.4083
53757471,15.886,53757471,27.768
53784287,15.6453,53784287,29.2578
53800447,16.0853,53800447,26.9463
53821153,17.0311,53821153,25.7904
53848657,13.7641,53848657,23.736
53867848,17.3814,53867848,24.4335
53883973,15.671,53883973,24.1272
53901299,19.0617,53901299,26.1718
53915495,15.3158,53915495,25.9784
53931384,18.3692,53931384,29.3619
53958672,15.2483,53958672,30.9191
53978919,18.4615,53978919,28.9772
54005265,16.4973,54005265,25.7511
54024528,16.6817,54024528,25.7947
54039415,16.8294,54039415,26.712
54067252,15.5394,54067252,28.5637
54087654,16.7768,54087654,27.0121
54118057,17.2733,54118057,26.2663
54144556,18.1591,54144556,23.2531
54175357,20.3085,54175357,24.6836
54195914,18.7124,54195914,28.075
54211544,15.7099,54211544,27.6532
54227966,21.6685,54227966,29.3285
54243132,18.2622,54243132,26.6126
54269189,17.238,54269189,29.4118
54277163,17.5253,54277163,25.2649
54306044,16.1565,54306044,25.0156
54332264,18.2522,54332264,23.2512
54352260,17.5691,54352260,26.7932
54368371,17.8709,54368371,28.6508
54383964,17.4835,54383964,26.9295
54400251,16.1661,54400251,26.1057
54444025,17.4026,54444025,26.6104
54463504,14.7042,54463504,26.6789
54506901,14.5267,54506901,25.9285
54527553,15.0798,54527553,26.6296
54543952,17.0892,54543952,26.0431
54553759,16.3033,54553759,29.7402
54585430,14.368,54585430,24.6608
54615444,14.194,54615444,29.0847
54646019,12.2522,54646019,27.068
54666853,12.0437,54666853,25.6192
54706830,13.4711,54706830,28.4187
54728973,14.9022,54728973,29.3585
54743688,12.8483,54743688,28.9004
54770312,12.9921,54770312,29.0842
54785676,15.4514,54785676,24.0474
54806558,12.4568,54806558,26.9624
54837584,12.1214,54837584,22.4694
54862806,10.9223,54862806,22.507
54879746,12.3156,54879746,29.499
54899130,12.9654,54899130,28.4763
54917597,15.8794,54917597,23.522
54945568,14.7899,54945568,26.2905
54961171,15.2472,54961171,25.8082
54976670,12.6657,54976670,22.6405
54991394,14.4339,54991394,25.5339
55002059,13.6807,55002059,25.8727
55022509,16.8897,55022509,28.8471
55048932,18.7273,55048932,24.3819
55068874,14.8378,55068874,26.2969
55083717,15.7018,55083717,29.5631
55095220,14.8654,55095220,28.4729
55115386,17.3425,55115386,24.2163
55133016,14.2745,55133016,22.4757
55161591,17.5969,55161591,27.268
55176645,16.0898,55176645,27.6173
55192756,18.147,55192756,28.8918
55207959,17.0261,55207959,29.6404
55226348,16.7083,55226348,23.7232
55265976,19.8468,55265976,28.5907
55298349,16.3497,55298349,27.0607
55318812,19.1687,55318812,24.936
55334540,17.7759,55334540,25.0385
55345791,16.9658,55345791,22.1785
55365653,20.0996,55365653,25.69
55385606,16.8338,55385606,26.861
55425036,15.8807,55425036,26.6494
55446386,14.871,55446386,24.5735
55481355,14.4576,55481355,23.4179
55507728,13.7642,55507728,25.1867
55523864,15.4677,55523864,27.138
55551209,16.5972,55551209,25.5723
55571313,13.7127,55571313,25.7236
55598693,14.6608,55598693,24.0138
55619507,15.9935,55619507,23.1912
55637795,14.253,55637795,25.0745
55647190,17.3515,55647190,26.1548
55677921,14.2482,55677921,28.8893
55694091,14.6939,55694091,30.0973
55709184,16.0586,55709184,29.5271
55725783,17.1314,55725783,25.9993
55747690,16.3354,55747690,24.8462
55772394,15.2297,55772394,25.757
55788431,18.2529,55788431,25.9884
55804241,19.9875,55804241,27.966
55825936,16.3301,55825936,27.7037
55840103,17.64,55840103,29.2271
55855852,15.2992,55855852,27.9124
55867669,17.7401,55867669,27.7685
55890049,18.5092,55890049,27.0177
55919431,17.6351,55919431,24.0857
55935519,20.3768,55935519,25.0668
55950117,19.0117,55950117,26.4278
55977194,22.1181,55977194,29.1791
55996961,17.6672,55996961,30.1696
56023742,20.5206,56023742,31.2048
56039601,19.9763,56039601,29.6328
56054181,22.1923,56054181,27.2193
56058985,20.0085,56058985,22.6576
56069385,19.3072,56069385,26.2893
56089564,22.7585,56089564,25.7625
56116695,20.7345,56116695,27.4588
56140702,23.4016,56140702,23.7507
56178336,21.7234,56178336,26.9337
56194517,18.8825,56194517,28.0538
56225771,21.4862,56225771,29.0705
56241599,16.9047,56241599,28.7425
56261418,18.0748,56261418,24.4449
56272649,16.9548,56272649,27.5557
56293893,18.008,56293893,25.0759
56308290,15.8492,56308290,26.7292
56324330,17.0395,56324330,26.6743
56340725,18.3501,56340725,28.4664
56355077,15.9174,56355077,28.3158
56382943,15.928,56382943,27.4089
56402934,17.2034,56402934,26.6601
56433154,15.4615,56433154,28.6247
56449654,17.1422,56449654,27.4217
56465203,15.46,56465203,28.2137
56482614,14.8158,56482614,27.5064
56497327,16.2947,56497327,28.9375
56512664,13.5532,56512664,26.883
56528581,15.5937,56528581,28.423
56544658,15.5355,56544658,25.5679
56559826,17.2351,56559826,26.7526
56576172,13.5962,56576172,25.9867
56586918,16.6563,56586918,25.0905
56607601,14.2624,56607601,28.9077
56618877,14.0323,56618877,24.9607
56650500,15.8109,56650500,29.7043
56680898,14.1901,56680898,29.1169
56697376,14.0064,56697376,22.9923
56712739,15.7434,56712739,23.3029
56745495,15.9174,56745495,23.3818
56765654,16.4319,56765654,24.3905
56790259,16.8607,56790259,22.5979
56795573,15.88,56795573,29.2076
56811254,19.0949,56811254,28.7525
56827733,15.5814,56827733,24.8712
56856981,17.4295,56856981,26.2187
56883431,18.8956,56883431,26.756
56904222,15.9544,56904222,27.9654
56931140,18.3314,56931140,25.958
56936460,15.2972,56936460,24.3211
56961508,16.9384,56961508,23.9445
56993377,17.6976,56993377,25.3602
57008437,15.2901,57008437,30.8092
57024652,15.988,57024652,30.7772
57046312,14.671,57046312,25.5772
57075977,16.8326,57075977,25.6592
57095883,15.6758,57095883,26.3033
57133422,16.4241,57133422,26.7378
57155034,16.0948,57155034,27.964
57185372,17.4464,57185372,23.365
57226354,13.2619,57226354,22.5587
57242414,18.1786,57242414,25.9067
57257738,13.8955,57257738,25.7531
57273386,17.1265,57273386,30.5868
57278171,13.09,57278171,29.8612
57296809,13.9089,57296809,28.9844
57325696,14.3623,57325696,25.3253
57355888,13.7127,57355888,29.0085
57385887,15.1519,57385887,26.8898
57411479,17.0311,57411479,26.6295
57442609,13.9277,57442609,30.1551
57458282,12.7032,57458282,29.6087
57489126,14.2349,57489126,27.1828
57508826,14.9988,57508826,24.882
57523915,13.5039,57523915,26.3708
57539663,14.1579,57539663,26.9914
57570086,15.8756,57570086,25.2159
57597115,17.0885,57597115,25.9451
57616714,14.8015,57616714,26.3855
57632782,16.0336,57632782,32.0734
57647373,15.282,57647373,31.6645
57663236,15.4404,57663236,29.8958
57679172,16.0632,57679172,31.934
57706152,15.991,57706152,31.0509
57727876,14.8851,57727876,30.7027
57747754,16.8322,57747754,30.696
57774436,15.9984,57774436,30.9168
57789987,17.6929,57789987,30.164
57805775,16.0858,57805775,28.2726
57821402,19.305,57821402,27.5877
57837360,17.3574,57837360,25.7327
57850090,16.6922,57850090,29.8116
57880824,17.5195,57880824,27.5575
57900228,18.1859,57900228,26.4475
57916133,17.0699,57916133,28.8435
57942879,16.1779,57942879,25.581
57969092,17.032,57969092,24.9749
57997121,17.2406,57997121,25.9631
58026241,17.4254,58026241,26.4741
58037285,18.9427,58037285,29.3298
58068750,15.2883,58068750,27.63
58083987,14.7291,58083987,24.4823
58115347,15.3171,58115347,25.976
58135767,13.7599,58135767,21.7242
58152402,15.4986,58152402,24.8246
58167371,12.8548,58167371,26.0781
58182955,15.0113,58182955,29.3665
58199007,13.9276,58199007,23.9755
58219249,12.5301,58219249,25.8011
58225031,12.9035,58225031,25.5681
58247840,14.0174,58247840,26.8198
58276902,14.1264,58276902,23.4624
58292078,13.269,58292078,23.2136
58307414,15.5937,58307414,24.6998
58324334,15.0387,58324334,28.4729
58355886,16.5561,58355886,24.6757
58397167,16.6419,58397167,21.4102
58416744,12.393,58416744,26.6178
58443964,13.2626,58443964,21.5661
58464142,17.025,58464142,23.9304
58480136,13.0578,58480136,24.5177
58495669,16.7592,58495669,20.2803
58511090,14.5156,58511090,26.9747
58537485,16.8877,58537485,25.4372
58542497,13.8723,58542497,22.6477
58553803,15.8501,58553803,24.1248
58574316,15.7384,58574316,26.1443
58590738,13.3499,58590738,25.927
58617657,15.0861,58617657,22.0247
58638767,14.8759,58638767,28.4022
58668721,17.6943,58668721,25.8329
58684983,16.4565,58684983,26.4421
58717742,15.2642,58717742,23.5035
58748293,17.4222,58748293,22.2426
58764047,15.8758,58764047,25.9362
58779084,17.2367,58779084,27.1704
58795095,17.897,58795095,28.3677
58810342,14.2483,58810342,24.3532
58825597,19.4979,58825597,24.6311
58852456,18.2907,58852456,26.4038
58872234,15.2986,58872234,25.9224
58898475,17.7613,58898475,22.6089
58903455,18.0049,58903455,24.0451
58919331,16.8156,58919331,23.4981
58935215,16.9684,58935215,25.8964
58952062,17.2521,58952062,28.1451
58969328,17.8282,58969328,27.5781
58998727,14.4577,58998727,24.5796
59024009,15.0844,59024009,26.9304
59044010,17.7439,59044010,28.2982
59070643,15.7787,59070643,24.7818
59090016,15.2891,59090016,23.9185
59107595,15.7034,59107595,24.446
59135812,17.0903,59135812,27.0986
59146947,17.7341,59146947,25.3325
59169547,14.0916,59169547,30.4168
59201010,15.052,59201010,28.1836
59229497,16.8199,59229497,27.2097
59245601,14.176,59245601,26.8373
59261398,14.664,59261398,27.1064
59271989,15.9607,59271989,24.8769
59292275,14.5506,59292275,30.2407
59303325,16.0844,59303325,25.757
59323714,15.5794,59323714,25.5805
59340184,14.4531,59340184,29.4465
59350831,13.9563,59350831,26.1323
59371111,14.6552,59371111,24.5494
59381684,15.8822,59381684,23.9739
59401671,18.6176,59401671,26.2842
59419808,19.713,59419808,29.3675
59447095,16.3317,59447095,27.2897
59463307,19.2173,59463307,23.4755
59474225,19.7436,59474225,24.5753
59495037,18.5794,59495037,24.9004
59510333,16.8713,59510333,26.3339
59525732,20.8692,59525732,27.1999
59553510,20.2746,59553510,27.4752
59568666,20.566,59568666,26.3497
59589958,20.278,59589958,22.3374
59614888,18.7072,59614888,25.9067
59631693,19.3667,59631693,30.8538
59650931,21.5274,59650931,25.6781
59661719,19.5621,59661719,27.2726
59681009,21.0852,59681009,26.9023
59708113,19.8436,59708113,25.5083
59740148,22.1572,59740148,25.3954
59754634,18.2892,59754634,27.0015
59769755,21.2,59769755,27.6007
59790121,19.2371,59790121,27.9738
59808810,20.4455,59808810,30.1992
59831195,17.7841,59831195,28.0124
59837351,18.6759,59837351,28.9269
59847639,19.0001,59847639,26.8618
59879308,19.1444,59879308,26.2106
59898775,17.4505,59898775,25.2418
59914458,18.7237,59914458,23.913
59930253,16.1317,59930253,25.1472
59946060,17.5252,59946060,24.3576
59962226,19.2179,59962226,26.1057
59977935,17.3046,59977935,29.0711
59993926,15.4995,59993926,28.6464
60011133,15.2263,60011133,24.8429
60038956,18.7771,60038956,27.4114
60055101,15.9534,60055101,24.4781
60070128,17.5614,60070128,24.4611
60098248,14.2367,60098248,21.8104
60112790,15.7201,60112790,23.8081
60119468,14.8962,60119468,29.639
60160467,16.0525,60160467,24.8436
60179285,16.6543,60179285,25.8536
60196168,15.8749,60196168,25.2642
60211139,16.1044,60211139,26.9567
60227564,12.9177,60227564,29.0918
60257343,15.4311,60257343,28.4175
60273102,13.7186,60273102,30.4799
60289102,18.0117,60289102,28.8395
60305120,14.4506,60305120,28.7
60323072,14.7023,60323072,29.4746
60353024,15.6389,60353024,29.4056
60377139,14.8773,60377139,27.4093
60399064,17.6261,60399064,27.5552
60415490,15.6657,60415490,25.6153
60429358,18.7908,60429358,26.8666
60445504,15.1584,60445504,27.2163
60461810,17.3533,60461810,25.9136
60477252,15.2524,60477252,24.8466
60492927,17.0389,60492927,28.8548
60508984,18.5643,60508984,25.4648
60524468,16.305,60524468,26.2951
60539858,15.5456,60539858,24.9765
60556275,17.8592,60556275,28.8141
60574823,18.5351,60574823,25.8989
60602962,13.809,60602962,28.1244
60634907,15.2944,60634907,30.3108
60660709,16.2953,60660709,31.3875
60680678,12.8549,60680678,28.3888
60695446,16.2197,60695446,28.9636
60713984,13.824,60713984,28.4885
60744051,11.4618,60744051,26.0496
60758742,12.6341,60758742,27.2907
60770194,11.6042,60770194,25.6493
60789569,13.3001,60789569,25.6106
60805363,11.4408,60805363,28.0091
60819564,11.7226,60819564,26.6969
60835780,14.8692,60835780,28.4841
60850458,11.7814,60850458,28.2009
60866558,10.724,60866558,28.1348
60876254,10.5137,60876254,29.684
60908484,14.6919,60908484,28.5645
60931134,13.4562,60931134,26.5778
60962798,11.7816,60962798,24.8479
60990888,11.6089,60990888,24.5771
61007159,12.6405,61007159,26.9285
61033161,13.7066,61033161,28.5345
61053406,15.1466,61053406,28.5118
61068940,12.849,61068940,30.8636
61084944,14.5511,61084944,30.7773
61100131,11.0674,61100131,30.0597
61115276,16.2098,61115276,25.7303
61135410,15.0102,61135410,31.2598
61174574,12.9856,61174574,29.1012
61205776,12.6657,61205776,27.6389
61226290,12.0541,61226290,26.1863
61240797,12.9508,61240797,28.1249
61273262,12.8051,61273262,27.7054
61301918,14.4239,61301918,29.125
61317172,14.6726,61317172,29.3292
61333300,15.1592,61333300,30.1641
61363774,15.1585,61363774,29.6466
61379745,18.7421,61379745,31.3812
61391857,18.1414,61391857,31.1365
61422504,16.1268,61422504,27.3087
61438283,17.2836,61438283,27.3386
61458285,16.9939,61458285,26.7496
61474647,16.5267,61474647,28.9796
61492834,16.2641,61492834,25.7837
61523255,18.0796,61523255,27.8498
61551968,17.0875,61551968,28.392
61568219,20.1657,61568219,28.4213
61583989,17.7668,61583989,28.2967
61598883,16.6948,61598883,26.0865
61615758,18.9661,61615758,21.9776
61656860,18.9395,61656860,27.9386
61677248,17.9023,61677248,26.3348
61692870,19.7546,61692870,22.822
61708319,17.29,61708319,27.6928
61720197,17.4583,61720197,26.0691
61741059,16.6504,61741059,26.4631
61769907,17.1882,61769907,27.9743
61784312,17.3157,61784312,25.4317
61800201,15.8556,61800201,23.3185
61815556,17.6932,61815556,23.3784
61834689,15.0225,61834689,25.2103
61864513,16.7999,61864513,23.6784
61886333,17.8154,61886333,27.0811
61910589,15.8918,61910589,25.3041
61920624,18.1535,61920624,26.9741
61940945,19.7064,61940945,23.7219
61957008,17.6984,61957008,24.0782
61974547,19.4026,61974547,25.4415
62015158,17.0692,62015158,26.5006
62031880,17.5985,62031880,25.5363
62047182,16.8924,62047182,23.5024
62078184,16.7189,62078184,30.332
62098382,16.8979,62098382,30.1592
62124652,18.0201,62124652,28.9003
62134502,17.8083,62134502,26.992
62140350,17.118,62140350,26.5393
62172150,19.6178,62172150,25.3641
62191863,16.6578,62191863,26.9942
62207930,17.5116,62207930,28.6214
62231008,17.9028,62231008,25.8641
62255859,21.9172,62255859,23.7232
62281797,18.1496,62281797,24.3262
62298158,19.001,62298158,23.014
62313257,20.0053,62313257,28.9763
62328393,20.8718,62328393,30.2274
62344471,20.4232,62344471,26.3996
62364079,18.6406,62364079,25.3436
62378835,18.1803,62378835,27.8414
62394855,19.4787,62394855,24.6604
62421236,18.3266,62421236,27.2958
62444162,18.7039,62444162,23.1913
62473958,17.8693,62473958,26.4146
62488858,17.6983,62488858,26.9951
62500102,18.0529,62500102,30.0599
62519967,13.8917,62519967,29.7313
62535939,19.248,62535939,29.3912
62562986,14.8387,62562986,29.8094
62567822,15.6468,62567822,27.1852
62586839,16.1661,62586839,25.5491
62625166,14.3777,62625166,26.8548
62646417,13.708,62646417,27.1087
62661241,13.3002,62661241,24.2468
62672192,14.1844,62672192,24.9709
62694412,11.0948,62694412,29.2312
62723918,15.0054,62723918,28.8611
62739306,15.0843,62739306,24.3106
62749189,11.5145,62749189,30.1245
62781733,10.7135,62781733,28.686
62801766,14.943,62801766,25.2703
62817423,12.4931,62817423,26.7951
62834459,12.5453,62834459,25.9297
62844295,11.838,62844295,27.5377
62864374,14.858,62864374,27.8738
62879290,14.6922,62879290,27.6189
62890934,13.8901,62890934,25.9616
62923773,14.5407,62923773,26.5008
62946440,14.1846,62946440,24.9114
62974764,11.1661,62974764,25.0553
62990750,14.6018,62990750,29.8182
63031306,13.4719,63031306,29.1878
63047615,12.4569,63047615,27.3515
63067582,12.4617,63067582,25.9367
63078633,13.7516,63078633,25.7216
63098587,16.2039,63098587,25.9269
63114617,12.9878,63114617,29.1532
63124822,15.8094,63124822,26.4892
63145733,15.9471,63145733,24.7481
63170987,14.7724,63170987,23.2172
63188231,15.2594,63188231,24.8233
63208730,15.316,63208730,29.0005
63238586,18.3826,63238586,26.8392
63254349,16.8559,63254349,24.8396
63280286,16.6503,63280286,28.6848
63300695,15.9179,63300695,24.8796
63315413,18.0436,63315413,22.7947
63341878,17.236,63341878,22.8386
63346638,17.2794,63346638,24.9734
63358050,18.5253,63358050,28.4102
63377972,15.4615,63377972,28.9402
63404924,16.6386,63404924,23.7841
63437151,14.8486,63437151,27.593
63452934,16.6834,63452934,28.4581
63472721,15.3267,63472721,28.7593
63483255,15.6663,63483255,26.5972
63505859,15.2207,63505859,23.9272
63534288,15.4992,63534288,27.1323
63544877,14.1939,63544877,25.2119
63565432,16.6867,63565432,25.9358
63580695,13.0703,63580695,27.0187
63605889,12.7025,63605889,27.4458
63636584,15.9888,63636584,25.3735
63652604,15.5613,63652604,26.471
63683286,15.2158,63683286,28.3709
63703561,12.8547,63703561,24.4997
63741885,14.402,63741885,28.7939
63746556,14.6928,63746556,25.8286
63759880,15.2561,63759880,23.4351
63780069,12.7477,63780069,28.3383
63795330,13.9386,63795330,28.1136
63811038,13.4637,63811038,30.9155
63837588,14.8316,63837588,29.3119
63852942,12.6712,63852942,29.9251
63886077,13.0847,63886077,28.3187
63905073,12.5407,63905073,28.1454
63919991,14.2427,63919991,28.9176
63936031,16.0885,63936031,26.1532
63947736,15.0804,63947736,27.1886
63967453,16.2939,63967453,28.4298
63977795,16.2004,63977795,27.6656
63998740,15.9845,63998740,27.2791
64029482,14.5101,64029482,25.6799
64055275,16.3362,64055275,28.6442
64086854,15.7134,64086854,27.8369
64107018,15.7105,64107018,28.3773
64122493,17.4254,64122493,26.6507
64137468,16.7711,64137468,27.8898
64163999,18.5258,64163999,24.8556
64194509,21.3441,64194509,24.3988
64215079,17.6915,64215079,23.4719
64231181,15.9839,64231181,26.4146
64247644,20.521,64247644,23.3006
64266141,16.1821,64266141,29.2209
64304201,16.821,64304201,26.4719
64334928,19.0894,64334928,24.3911
64351567,17.2466,64351567,24.4136
64366299,17.3405,64366299,28.8449
64387411,15.5302,64387411,28.0287
64414159,19.2599,64414159,28.0821
64429813,15.6116,64429813,26.7672
64449818,15.9119,64449818,27.2782
64460226,14.8672,64460226,25.4242
64479762,17.2682,64479762,23.3597
64498909,17.722,64498909,29.3858
64527262,14.3851,64527262,25.2283
64538522,14.8079,64538522,29.7428
64569173,14.5078,64569173,29.5029
64585172,14.3906,64585172,27.3946
64601707,13.1451,64601707,25.4504
64622326,15.9269,64622326,25.9861
64663536,13.0855,64663536,29.3268
64685759,13.4872,64685759,25.4774
64714140,15.4677,64714140,24.0442
64730591,13.0799,64730591,26.1271
64746614,16.8103,64746614,23.5308
64772529,14.1941,64772529,24.9189
64777357,15.5322,64777357,26.1422
64802448,13.3308,64802448,28.5669
64822419,15.0492,64822419,27.6
64848633,16.8863,64848633,26.1726
64863865,16.279,64863865,25.5687
64896205,14.771,64896205,26.8446
64915557,15.4617,64915557,22.2647
64947115,17.3037,64947115,25.9205
64957442,16.2632,64957442,27.4462
64977361,15.3343,64977361,23.5025
64995738,15.8807,64995738,26.8232
65024488,19.8516,65024488,22.7702
65039530,16.7814,65039530,25.9384
65059500,19.6118,65059500,25.9404
65088091,18.4883,65088091,28.9205
65102600,17.4173,65102600,28.2267
65118906,19.1491,65118906,24.7839
65144138,18.294,65144138,24.4454
65159580,20.3869,65159580,28.0858
65176099,19.0246,65176099,26.8811
65196170,18.0202,65196170,23.2791
65214593,18.6684,65214593,25.0901
65242330,19.9265,65242330,29.5726
65257565,18.5411,65257565,28.7162
65274656,17.6555,65274656,30.0559
65300200,17.0086,65300200,27.6338
65315393,16.0919,65315393,25.4009
65346664,20.269,65346664,26.7892
65362040,16.1261,65362040,27.1706
65377283,18.798,65377283,23.5625
65392965,15.6775,65392965,22.9723
65408917,14.8392,65408917,21.9231
65424602,18.4655,65424602,25.9529
65440370,16.4878,65440370,28.8189
65460402,15.8805,65460402,26.7969
65487751,14.6296,65487751,24.8263
65507115,15.5309,65507115,24.4671
65523796,16.4149,65523796,23.9009
65564675,16.6033,65564675,21.7875
65586639,18.0735,65586639,29.5713
65616736,16.9939,65616736,27.8086
65631973,17.1843,65631973,25.19
65647568,19.6447,65647568,24.1736
65674957,21.1859,65674957,24.2806
65694089,18.0488,65694089,24.2471
65708979,16.9493,65708979,22.8113
65737664,17.7395,65737664,28.7623
65767259,16.9452,65767259,29.622
65783871,19.917,65783871,23.8184
65806298,21.622,65806298,27.6567
65834333,18.1865,65834333,25.8084
65849622,19.1483,65849622,24.4846
65861453,22.5008,65861453,23.0175
65881234,19.0147,65881234,23.7282
65906854,19.896,65906854,25.0892
65922517,21.7066,65922517,28.2267
65954027,18.9753,65954027,26.6185
65973443,19.4484,65973443,27.3743
65989556,23.1622,65989556,23.8641
66015496,18.1336,66015496,23.6402
66047021,18.0484,66047021,24.8471
66078761,17.6333,66078761,28.2017
66125566,16.3363,66125566,25.1244
66145968,15.7629,66145968,26.4378
66172136,14.898,66172136,24.5385
66191957,16.67,66191957,24.4651
66207787,15.079,66207787,27.9452
66223377,16.1156,66223377,29.431
66239095,13.2995,66239095,27.1154
66260474,14.1539,66260474,27.0339
66279774,14.5892,66279774,24.4814
66295146,12.4208,66295146,25.0649
66326527,16.1205,66326527,23.2123
66341661,13.0884,66341661,23.65
66356677,16.1527,66356677,29.8731
66371944,13.3245,66371944,28.5319
66388714,12.1951,66388714,25.7188
66420023,15.0072,66420023,26.7584
66435745,12.0382,66435745,26.7102
66466845,12.0372,66466845,27.2442
66488730,12.7072,66488730,24.469
66519082,13.2015,66519082,24.2268
66534934,13.6453,66534934,23.7116
66550482,12.2201,66550482,29.7854
66582140,12.8797,66582140,25.1601
66610504,15.4401,66610504,23.8127
66628870,12.6664,66628870,26.5436
66642405,13.8179,66642405,24.4031
66669572,13.9023,66669572,24.121
66686984,13.4742,66686984,26.5704
66705845,16.8531,66705845,28.757
66726103,15.6343,66726103,23.8294
66751824,13.5033,66751824,25.6803
66766978,13.877,66766978,26.7282
66790069,13.6759,66790069,23.116
66830433,17.3468,66830433,25.334
66845703,13.7176,66845703,26.8207
66862261,13.2947,66862261,26.8592
66893045,16.1699,66893045,24.8046
66908212,12.9488,66908212,25.1287
66934818,12.9984,66934818,26.8209
66940012,13.9794,66940012,28.2004
66954901,14.5558,66954901,26.7749
66970760,14.6542,66970760,25.404
66985283,12.7895,66985283,23.1084
67013514,13.0963,67013514,26.9204
67041927,13.9866,67041927,27.1209
67076855,15.6379,67076855,26.6312
67097459,12.6717,67097459,30.8455
67113293,14.5975,67113293,28.2501
67130915,13.6091,67130915,27.222
67161137,11.8758,67161137,27.5207
67190014,13.5025,67190014,23.2999
67216278,14.616,67216278,24.7668
67236111,11.0641,67236111,27.0223
67252260,14.3712,67252260,23.3967
67267604,8.94521,67267604,24.2554
67285145,9.83107,67285145,27.35
67293914,13.0337,67293914,24.051
67326734,14.6807,67326734,31.2727
67356683,14.5741,67356683,26.2431
67381515,11.3051,67381515,29.8171
67408739,10.6831,67408739,30.4231
67426423,13.6236,67426423,28.5394
67456657,13.2529,67456657,28.3138
67471995,13.2687,67471995,28.8136
67483249,11.0988,67483249,26.6596
67504060,13.676,67504060,26.5808
67518836,11.5271,67518836,25.8344
67535187,11.2777,67535187,28.4173
67549676,12.09,67549676,27.3652
67566295,10.9269,67566295,28.8725
67580890,15.7698,67580890,26.8681
67597270,12.9119,67597270,26.7386
67613027,14.0165,67613027,26.3337
67630999,16.2041,67630999,27.6321
67669740,15.3519,67669740,28.7019
67685965,15.733,67685965,28.4468
67716829,15.0134,67716829,24.3389
67721665,13.9365,67721665,23.1327
67754042,16.0489,67754042,24.8562
67762278,16.0846,67762278,26.4468
67783616,19.7184,67783616,29.4923
67798221,15.8668,67798221,24.0145
67809648,18.7928,67809648,25.5486
67830222,19.1333,67830222,24.6295
67856844,18.3188,67856844,25.05
67872883,19.4466,67872883,27.0236
67902999,20.6004,67902999,23.6574
67933293,19.1164,67933293,24.8204
67949032,18.6153,67949032,23.6424
67964232,21.0649,67964232,30.511
67979345,21.2731,67979345,27.7517
67994206,20.0115,67994206,26.8694
68014398,21.2418,68014398,25.0806
68030106,21.0907,68030106,26.6758
68045157,21.7744,68045157,29.8095
68056007,17.635,68056007,24.8768
68078632,19.2298,68078632,28.2667
68108187,17.0479,68108187,26.2491
68124637,21.1086,68124637,26.493
68140109,19.903,68140109,25.0814
68151326,16.1014,68151326,25.0296
68171727,19.4721,68171727,23.1865
68188261,18.1109,68188261,25.0356
68215190,19.4289,68215190,27.7188
68237350,19.4955,68237350,28.119
68265266,14.8805,68265266,26.8632
68282116,18.008,68282116,24.1305
68308841,16.1594,68308841,28.6463
68334944,17.107,68334944,25.5981
68361241,14.9141,68361241,25.5977
68376202,18.012,68376202,23.2783
68392381,15.8844,68392381,24.1851
68408455,15.875,68408455,29.3585
68438503,16.0865,68438503,29.8495
68454039,17.21,68454039,28.5323
68469495,14.6405,68469495,27.3878
68487689,16.1702,68487689,26.2314
68517390,15.8671,68517390,25.2209
68533495,17.2474,68533495,25.996
68548342,16.5987,68548342,27.2767
68564642,18.0405,68564642,26.1676
68581907,17.4158,68581907,28.4133
68611409,18.3583,68611409,27.5251
68638570,17.0701,68638570,28.9021
68653782,19.9697,68653782,28.7174
68669514,17.9016,68669514,27.1731
68690611,18.3974,68690611,23.967
68722044,17.2169,68722044,24.8104
68735513,18.362,68735513,26.896
68746028,19.5918,68746028,26.5898
68777423,21.8297,68777423,30.7043
68796971,17.0079,68796971,31.1915
68827309,19.3153,68827309,30.7419
68845102,18.6496,68845102,28.1142
68874710,17.0694,68874710,30.7005
68891938,18.529,68891938,25.1841
68901445,17.2426,68901445,25.7771
68921394,15.2844,68921394,28.433
68942023,14.6882,68942023,28.7418
68968776,16.2422,68968776,26.675
68983970,12.7031,68983970,27.2719
69000333,16.4193,69000333,27.3751
69015112,14.7654,69015112,25.5079
69027128,13.7631,69027128,24.5548
69048355,14.9337,69048355,23.9388
69078286,14.2763,69078286,25.9303
69093976,14.2739,69093976,29.0076
69119905,15.351,69119905,29.4212
69142714,15.7384,69142714,25.6937
69171753,11.8247,69171753,25.5475
69196271,12.6345,69196271,25.8385
69217563,15.3988,69217563,24.881
69243131,12.0436,69243131,22.8075
69248571,12.8757,69248571,25.5233
69258905,13.5797,69258905,25.9644
69290841,12.2847,69290841,25.7795
69309600,15.012,69309600,24.1053
69325906,13.483,69325906,24.4609
69342119,15.8819,69342119,25.7364
69368484,13.8862,69368484,25.8259
69385232,15.4977,69385232,27.2973
69405220,17.9375,69405220,21.338
69420795,14.5142,69420795,23.2262
69436566,17.7401,69436566,24.8919
69452558,15.672,69452558,28.4696
69468692,16.0909,69468692,23.8899
69483905,19.218,69483905,23.9943
69511047,15.8877,69511047,23.3658
69534481,17.6502,69534481,23.1585
69565563,15.8721,69565563,23.5816
69579583,17.6616,69579583,25.1136
69595847,16.7453,69595847,27.9934
69610658,17.6608,69610658,22.5087
69622104,16.1317,69622104,24.0722
69652976,19.1279,69652976,24.9397
69672646,17.896,69672646,24.0903
69691912,18.4993,69691912,23.698
69724962,19.5139,69724962,28.2844
69763626,16.4164,69763626,26.6957
69786389,16.9227,69786389,26.16
69831247,15.7175,69831247,22.2366
69855241,17.2034,69855241,27.217
69875978,15.4255,69875978,29.2198
69891296,17.7336,69891296,27.5579
69907555,16.2986,69907555,24.4822
69923345,13.7434,69923345,24.865
69939385,15.0542,69939385,25.6368
69954257,13.5109,69954257,25.3987
69970914,16.0585,69970914,20.5657
69997199,16.1931,69997199,25.9709
70016728,15.5087,70016728,21.2496
70043920,14.8014,70043920,23.4339
70065038,16.8909,70065038,22.0549
70079861,14.5528,70079861,26.1862
70091609,14.9845,70091609,27.4009
70111816,14.834,70111816,27.4469
70138541,13.3107,70138541,26.2703
70159244,14.9442,70159244,25.4226
70185477,15.3622,70185477,22.0206
70205283,14.368,70205283,27.4406
70220759,13.6927,70220759,29.0472
70235769,14.9539,70235769,28.4071
70261454,17.0244,70261454,24.4607
70283161,13.9819,70283161,24.9182
70293554,16.0529,70293554,24.4195
70298593,15.8304,70298593,24.8027
70316003,13.7511,70316003,26.8584
70346850,16.058,70346850,26.9937
70377248,19.7177,70377248,27.1745
70391958,16.1268,70391958,24.4366
70417407,18.8022,70417407,24.2555
70432911,16.6026,70432911,23.223
70448970,19.2769,70448970,28.621
70469705,18.3298,70469705,29.8221
70496940,20.3131,70496940,29.0871
70517666,17.1415,70517666,25.0249
70542868,18.447,70542868,25.1246
70548232,16.0908,70548232,25.8568
70563438,18.468,70563438,28.4157
70590734,17.3101,70590734,25.3551
70621600,19.0421,70621600,23.7147
70640874,17.3108,70640874,27.6744
70667730,19.4404,70667730,25.7899
70688712,15.2781,70688712,23.9123
70715458,15.7072,70715458,27.5376
70746560,15.0202,70746560,27.9456
70760612,16.4244,70760612,30.6625
70791926,16.021,70791926,26.1751
70808421,16.0491,70808421,25.5467
70827911,13.4995,70827911,24.8014
70854324,16.0845,70854324,26.8695
70859858,13.2665,70859858,25.5545
70876092,16.3292,70876092,27.8826
70891188,13.7222,70891188,27.2763
70907631,12.7339,70907631,25.0978
70938477,16.2463,70938477,26.4149
70965008,16.2253,70965008,28.5422
70994987,13.7489,70994987,28.1446
71010270,17.0358,71010270,29.241
71025782,15.87,71025782,26.4035
71040986,15.9425,71040986,26.8584
71057139,14.9007,71057139,25.9205
71072866,15.0419,71072866,27.5524
71104142,13.8816,71104142,26.4026
71120417,15.4163,71120417,26.2852
71140428,13.2785,71140428,24.6233
71150581,14.808,71150581,23.1212
71183190,16.1702,71183190,25.2183
71205659,15.8703,71205659,26.8642
71234375,17.3825,71234375,28.3377
71250622,17.4879,71250622,30.486
71265566,15.6125,71265566,30.6779
71281633,19.7837,71281633,29.4771
71307483,17.3149,71307483,31.5026
71323737,16.3009,71323737,28.7394
71343594,18.7194,71343594,29.4306
71360428,19.964,71360428,28.7328
71375396,18.5354,71375396,28.9968
71400280,20.4494,71400280,27.3965
71408431,19.656,71408431,25.7497
71440870,19.5036,71440870,26.0247
71478594,19.4674,71478594,26.7471
71510814,18.2861,71510814,25.9343
71525979,22.0446,71525979,26.3024
71541689,18.2681,71541689,27.5675
71557391,20.3836,71557391,28.0104
71578763,19.692,71578763,24.4934
71603831,18.0757,71603831,24.6421
71620704,16.9613,71620704,26.1194
71640978,17.522,71640978,28.2073
71659023,16.4219,71659023,26.5663
71687792,16.6223,71687792,26.3438
71702685,18.2483,71702685,25.022
71718106,18.0426,71718106,24.8335
71745761,17.0387,71745761,25.0391
71767958,18.5785,71767958,26.216
71799534,19.5465,71799534,23.5898
71826992,15.0809,71826992,25.9513
71838369,15.0808,71838369,23.5088
71859522,17.9406,71859522,25.3196
71877035,16.3897,71877035,24.5409
71891412,16.4933,71891412,30.4502
71907525,16.6112,71907525,28.9618
71922331,18.0467,71922331,26.0381
71933389,17.6301,71933389,30.9149
71953465,15.7017,71953465,28.7749
71968901,18.4373,71968901,30.0603
71985703,15.3002,71985703,26.8487
72000411,16.6781,72000411,27.5314
72019335,15.5662,72019335,23.0605
72025401,17.6971,72025401,27.9148
72056438,19.1002,72056438,27.3137
72072366,19.7797,72072366,25.0974
72088149,18.202,72088149,29.1996
72119927,17.8654,72119927,25.2687
72150734,18.3305,72150734,27.0948
72170098,17.2697,72170098,29.6626
72197397,20.8489,72197397,30.4749
72212970,17.6356,72212970,28.1291
72219379,20.3491,72219379,28.273
72248843,16.8303,72248843,27.2151
72290594,19.7076,72290594,25.4343
72305671,17.5947,72305671,27.1761
72336475,16.9226,72336475,29.3333
72351905,16.8606,72351905,27.5949
72368996,16.1716,72368996,27.5244
72388567,15.7582,72388567,28.9263
72414575,17.3814,72414575,26.3683
72430357,15.8765,72430357,27.0505
72445411,17.2405,72445411,26.2862
72461561,15.0186,72461561,24.3992
72493707,15.4616,72493707,26.0208
72508967,12.2963,72508967,24.8506
72524419,14.8453,72524419,26.6994
72554268,13.2947,72554268,27.465
72570105,13.6706,72570105,26.4454
72585778,12.0419,72585778,30.3102
72600217,12.7081,72600217,31.2548
72631057,14.3964,72631057,31.0924
72647186,14.5839,72647186,27.5472
72670530,14.456,72670530,25.3592
72679212,13.3,72679212,28.4449
72711026,12.078,72711026,25.5401
72732094,13.6297,72732094,24.207
72746615,11.8647,72746615,24.728
72762773,14.2518,72762773,24.8344
72780663,13.0057,72780663,26.0184
72813532,10.5411,72813532,23.9496
72839995,13.3041,72839995,29.2825
72866787,11.309,72866787,27.373
72882631,11.7821,72882631,24.2077
72902334,13.2532,72902334,24.4863
72921299,12.8811,72921299,23.1197
72959908,11.6509,72959908,23.746
72975137,12.204,72975137,29.3495
73005943,12.1713,73005943,27.6881
73021038,12.456,73021038,24.3549
73052321,15.9486,73052321,24.8757
73067535,14.7091,73067535,25.2956
73098517,14.4883,73098517,24.0849
73114221,14.758,73114221,22.8045
73129680,12.8436,73129680,27.2178
73144829,13.6549,73144829,28.1654
73177059,13.6807,73177059,24.0008
73208954,14.6566,73208954,26.009
73228689,17.6578,73228689,25.3231
73243712,13.7192,73243712,21.1879
73259394,17.3476,73259394,24.656
73278365,15.7574,73278365,23.9528
73305964,15.2577,73305964,21.3255
73321783,14.8459,73321783,23.5648
73338156,16.5295,73338156,22.0768
73349119,16.2937,73349119,21.4471
73379369,15.8489,73379369,21.8329
73400177,16.2833,73400177,21.4574
73414993,15.3094,73414993,19.8641
73431215,13.5871,73431215,20.4242
73449259,12.7463,73449259,22.6383
73478762,14.5361,73478762,23.7109
73495741,15.1214,73495741,23.6864
73510742,14.9948,73510742,21.0174
73528462,14.1948,73528462,25.4757
73556357,12.3214,73556357,21.9409
73572098,13.9277,73572098,22.8998
73589417,10.8972,73589417,25.4233
73604539,13.4137,73604539,26.6446
73623079,10.5142,73623079,25.3113
73662900,13.7513,73662900,29.0102
73678823,10.2946,73678823,27.3763
73694947,12.2332,73694947,24.4588
73714599,11.0909,73714599,26.2239
73732493,10.7081,73732493,24.3826
73761052,13.298,73761052,21.782
73779595,10.3423,73779595,24.8538
73788767,9.5867,73788767,28.7219
73807883,9.44015,73807883,26.9263
73823884,7.17383,73823884,23.2548
73838753,9.99088,73838753,24.7476
73866175,8.86493,73866175,26.2465
73897880,9.02304,73897880,23.2865
73917497,8.85952,73917497,23.953
73932410,13.0701,73932410,25.9633
73948100,10.1265,73948100,29.9767
73963116,12.6381,73963116,24.6208
73990536,11.305,73990536,28.5864
74011214,15.5604,74011214,27.8954
74026624,12.9175,74026624,25.7832
74041631,15.5337,74041631,24.765
74057888,14.7632,74057888,25.5499
74083518,16.3881,74083518,27.4436
74098207,16.2201,74098207,27.9401
74119498,16.0952,74119498,27.9693
74134618,19.0441,74134618,28.7523
74145131,15.6767,74145131,23.9499
74176442,16.892,74176442,24.7168
74192851,17.6631,74192851,26.2105
74223695,19.8271,74223695,30.0607
74243532,19.3062,74243532,28.7828
74258362,19.6119,74258362,28.5396
74274240,18.9705,74274240,31.4491
74293823,19.9013,74293823,26.2312
74323122,22.3719,74323122,28.0264
74363723,20.1792,74363723,26.9948
74382819,19.4188,74382819,28.7918
74398981,19.1783,74398981,28.6564
74410917,19.273,74410917,29.2265
74441495,19.3537,74441495,25.4066
74472863,16.2476,74472863,23.917
74488087,15.0758,74488087,24.3007
74509221,16.2011,74509221,29.2801
74549556,15.257,74549556,30.5919
74565236,17.3106,74565236,28.5035
74581239,16.3371,74581239,25.9479
74601100,13.3852,74601100,30.2458
74611402,14.0597,74611402,26.7007
74642367,13.1512,74642367,28.812
74663280,14.2025,74663280,27.2811
74682736,18.0462,74682736,30.845
74689504,14.1853,74689504,23.7943
74710033,12.5737,74710033,25.0222
74727136,11.5703,74727136,24.3842
74742258,14.3055,74742258,24.95
74757342,10.4468,74757342,23.8854
74773098,11.5128,74773098,24.3893
74791114,9.58229,74791114,29.534
74826632,8.90701,74826632,24.5626
74849902,8.03416,74849902,27.3061
74860809,10.0171,74860809,24.8046
74882462,6.69663,74882462,26.29
74911610,8.44626,74911610,25.6177
74937432,7.43605,74937432,24.7914
74957577,7.47665,74957577,23.71
74974208,11.8199,74974208,28.8696
74989072,7.89023,74989072,25.2717
75005179,8.05399,75005179,22.3808
75015122,13.2514,75015122,24.3662
75035997,11.3053,75035997,26.1499
75051185,11.2462,75051185,25.8031
75078838,12.635,75078838,22.4396
75108271,13.9355,75108271,30.2419
75139746,15.0483,75139746,26.9947
75160921,13.339,75160921,26.0315
75176872,16.7757,75176872,25.5459
75192847,12.2893,75192847,26.2372
75208152,16.2278,75208152,25.3593
75223819,14.8701,75223819,27.8268
75249488,14.66,75249488,27.6538
75280815,18.1525,75280815,27.0528
75296202,14.9079,75296202,25.5554
75311738,14.7728,75311738,24.0498
75327511,17.0261,75327511,23.4373
75343281,15.4617,75343281,22.2386
75359915,16.3001,75359915,24.4428
75385811,18.6696,75385811,25.1517
75391055,14.8388,75391055,29.0981
75411969,15.2955,75411969,30.1599
75427679,16.1232,75427679,28.0586
75457967,17.8997,75457967,25.1322
75472983,16.039,75472983,28.7885
75483275,16.4659,75483275,25.2639
75504270,15.7741,75504270,26.9424
75519703,13.9358,75519703,26.2052
75547007,14.592,75547007,29.2736
75576602,15.6469,75576602,25.4257
75592357,18.1831,75592357,27.1986
75623407,16.7541,75623407,24.2211
75644427,13.536,75644427,24.9146
75671407,13.2696,75671407,26.6225
75693315,14.4834,75693315,29.3571
75724335,13.521,75724335,29.3565
75749103,12.6782,75749103,27.5104
75780973,15.0427,75780973,30.3694
75796829,14.2069,75796829,29.5463
75812379,12.7072,75812379,24.9067
75843978,14.4624,75843978,25.3367
75877285,13.6548,75877285,28.563
75895040,13.7135,75895040,27.1245
75925541,15.8441,75925541,25.8332
75943018,16.2579,75943018,25.1238
75972678,13.4758,75972678,25.2005
75987611,16.3354,75987611,24.3
76003708,11.9989,76003708,24.5461
76019113,15.9843,76019113,23.4678
76034720,13.057,76034720,24.9835
76052779,13.4774,76052779,29.4477
76061534,13.0892,76061534,28.4915
76093456,14.3055,76093456,26.5873
76124702,15.3141,76124702,32.2816
76156459,15.7834,76156459,30.5476
76173047,13.4086,76173047,30.0364
76194448,14.9488,76194448,30.7521
76233542,14.4122,76233542,28.7387
76250546,15.5609,76250546,26.8048
76282116,15.4664,76282116,29.6306
76297025,13.8962,76297025,30.3974
76329163,14.5851,76329163,26.5501
76348944,14.1891,76348944,26.2226
76364572,11.0588,76364572,25.6978
76390267,13.8815,76390267,25.1949
76397301,13.2585,76397301,28.3279
76426434,10.7252,76426434,28.6339
76442726,12.6646,76442726,27.2026
76457440,15.8101,76457440,26.9372
76473002,12.6664,76473002,23.4585
76488912,15.944,76488912,23.921
76515664,12.042,76515664,22.5607
76531798,15.8883,76531798,26.3926
76546853,15.0314,76546853,27.2802
76578687,12.2148,76578687,24.3423
76594282,12.4255,76594282,24.6328
76625042,11.5131,76625042,24.5539
76650409,13.1916,76650409,23.5789
76678024,11.5278,76678024,23.3283
76692949,14.3423,76692949,23.5604
76708364,11.5152,76708364,21.1236
76724727,16.2983,76724727,21.5378
76740280,15.1126,76740280,23.0954
76749362,15.2865,76749362,24.5175
76770636,13.0891,76770636,24.9378
76796387,15.9754,76796387,25.2984
76811506,15.4915,76811506,23.0326
76842619,13.2938,76842619,23.6731
76859201,13.6813,76859201,27.9311
76878930,15.3946,76878930,23.8592
76896363,17.9319,76896363,25.3585
76926434,12.9345,76926434,29.2521
76936205,16.6825,76936205,26.1294
76966978,16.7118,76966978,22.2372
76987708,13.5461,76987708,23.8763
77004280,14.6809,77004280,30.0217
77034438,15.5622,77034438,28.4749
77061247,15.2826,77061247,27.0204
77076549,13.4572,77076549,25.4037
77093623,13.9906,77093623,24.3973
77115211,14.9489,77115211,27.8581
77146878,15.2839,77146878,22.7941
77180249,13.8032,77180249,25.9529
77201988,15.8082,77201988,27.5368
77221961,16.8904,77221961,21.9808
77231950,16.3259,77231950,26.4292
77264167,17.5131,77264167,26.5761
77284710,15.6822,77284710,23.3525
77325703,14.6227,77325703,22.592
77330713,16.3052,77330713,26.8654
77346646,13.504,77346646,27.5884
77364623,11.7864,77364623,24.704
77404788,12.1117,77404788,25.3326
77435537,14.4056,77435537,25.6464
77451557,12.8437,77451557,24.3961
77472677,12.0539,77472677,25.4966
77488567,13.9346,77488567,23.0176
77506329,13.2366,77506329,27.585
77544958,12.7065,77544958,24.3826
77576264,13.9865,77576264,29.138
77591694,15.4179,77591694,27.0231
77621663,14.3258,77621663,23.7367
77652219,12.8757,77652219,26.6178
77668146,12.8493,77668146,26.2057
77699920,11.7996,77699920,30.1372
77721405,14.4465,77721405,29.3263
77735344,16.1157,77735344,23.1594
77746908,15.4929,77746908,26.0246
77776651,11.3484,77776651,25.0807
77792342,13.891,77792342,26.169
77807843,12.4318,77807843,23.9891
77823877,12.0532,77823877,27.0242
77855526,15.7442,77855526,23.1139
77888187,13.4405,77888187,23.3237
77918104,13.6502,77918104,24.7005
77950770,15.8492,77950770,29.9587
77966611,17.2358,77966611,24.8106
77987078,14.4457,77987078,24.1729
78002419,17.2234,78002419,26.4388
78017827,13.7498,78017827,27.7313
78045421,18.283,78045421,26.867
78060870,15.9974,78060870,26.4994
78092609,17.1658,78092609,27.4654
78107011,16.7405,78107011,25.8996
78137632,15.6436,78137632,27.9189
78153721,16.7658,78153721,26.7128
78170056,14.6617,78170056,30.3678
78201102,19.3154,78201102,28.8947
78217198,19.3351,78217198,25.4214
78247619,18.5671,78247619,27.2011
78268109,17.4985,78268109,24.1363
78278467,17.4139,78278467,22.7894
78299098,16.2848,78299098,24.1882
78317382,14.9022,78317382,21.0468
78355096,15.498,78355096,22.698
78375888,17.6436,78375888,20.7812
78391548,15.6001,78391548,23.6019
78402383,18.2509,78402383,23.8081
78422087,14.9337,78422087,22.8834
78440091,15.368,78440091,27.66
78448023,15.2891,78448023,21.9127
78479835,15.8649,78479835,26.5314
78500432,14.6256,78500432,27.758
78515211,15.4615,78515211,25.188
78545036,17.5556,78545036,26.0832
78571808,15.5289,78571808,26.4051
78588111,16.1166,78588111,22.5855
78608476,14.5903,78608476,25.8163
78627920,15.7451,78627920,29.3563
78665896,17.4808,78665896,29.1597
78682066,15.6349,78682066,29.6214
78696862,16.6491,78696862,28.1034
78718540,16.9994,78718540,25.9497
78728644,15.6765,78728644,26.9007
78748876,15.6719,78748876,27.5828
78765728,15.0845,78765728,28.2003
78794922,18.6321,78794922,28.6247
78810690,15.184,78810690,28.4282
78826956,15.5736,78826956,28.9457
78853067,15.2892,78853067,29.0094
78868952,15.0492,78868952,28.5843
78884973,15.4302,78884973,28.266
78915173,16.5663,78915173,25.5459
78935632,14.3592,78935632,26.9354
78951131,14.2022,78951131,29.7067
78984418,13.5157,78984418,26.1803
79012487,17.5477,79012487,24.7835
79028816,15.9881,79028816,25.7908
79044506,14.6616,79044506,25.91
79055717,15.9534,79055717,25.3395
79077207,15.4223,79077207,25.3368
79091998,15.2497,79091998,27.2719
79102719,13.9341,79102719,25.0439
79122218,17.8008,79122218,27.0576
79138379,15.7031,79138379,25.4903
79154329,17.9695,79154329,27.6803
79170648,14.3054,79170648,24.3183
79187925,16.1908,79187925,29.053
79197163,14.6993,79197163,30.1323
79245239,15.733,79245239,31.2767
79268376,12.875,79268376,30.6643
79297209,15.911,79297209,31.6282
79313040,12.8483,79313040,31.6183
79328204,15.8852,79328204,28.6919
79343104,11.4828,79343104,30.9522
79369773,12.609,79369773,25.4258
79390188,13.0892,79390188,30.5788
79400918,12.2164,79400918,26.2626
79432876,14.457,79432876,25.0894
79462909,11.3425,79462909,27.3368
79482790,12.7806,79482790,28.272
79493161,12.7452,79493161,24.7009
79513286,14.2419,79513286,24.4287
79529084,11.8774,79529084,24.5468
79545288,13.0585,79545288,25.0421
79561921,13.3484,79561921,23.2968
79578996,15.1212,79578996,26.7137
79611170,16.1203,79611170,29.8094
79652016,15.0313,79652016,30.8474
79670426,12.2742,79670426,27.068
79685254,13.2318,79685254,25.6047
79711840,13.0807,79711840,26.1371
79732841,11.3165,79732841,26.8647
79746524,13.2948,79746524,26.474
79762677,11.5783,79762677,26.1927
79778995,13.3033,79778995,29.2599
79793970,10.0319,79793970,30.6633
79824439,16.6481,79824439,25.5146
79840040,12.0036,79840040,25.2219
79866763,11.4777,79866763,23.6479
79887794,13.5452,79887794,28.9333
79930865,10.9558,79930865,22.8532
79961977,12.0436,79961977,24.2292
79992934,12.6307,79992934,21.299
80011876,12.8429,80011876,24.865
80028608,13.094,80028608,22.3966
80068706,16.0415,80068706,25.6838
80073662,13.8079,80073662,23.596
80084955,16.1881,80084955,23.0105
80104798,14.479,80104798,27.1646
80119916,16.3291,80119916,26.7896
80146846,16.8203,80146846,24.0775
80177873,14.457,80177873,28.501
80193124,15.0409,80193124,24.9168
80228727,13.5116,80228727,27.0713
80234717,13.3827,80234717,28.8616
80260583,18.3719,80260583,27.2281
80285226,17.2033,80285226,25.1556
80308863,16.0109,80308863,25.7056
80348823,14.515,80348823,25.109
80364236,15.6283,80364236,22.7716
80379542,15.634,80379542,25.694
80411157,13.4721,80411157,26.2766
80426532,16.2672,80426532,22.7762
80443508,17.6762,80443508,26.8535
80462760,14.5189,80462760,26.2629
80489820,13.5717,80489820,23.0528
80510877,16.2384,80510877,28.5834
80529389,15.3366,80529389,23.812
80556372,14.8702,80556372,26.7214
80583597,14.2751,80583597,25.7008
80598289,15.22,80598289,21.6811
80630820,16.5965,80630820,24.1584
80660514,15.9179,80660514,27.4136
80681335,17.9755,80681335,23.6747
80692836,18.0481,80692836,24.6348
80712471,15.4924,80712471,25.5905
80740267,15.7183,80740267,26.6455
80759742,15.6173,80759742,26.7758
80774611,17.6615,80774611,22.0699
80789216,19.0776,80789216,26.6859
80800138,18.7948,80800138,27.8262
80819974,18.934,80819974,26.2731
80842234,17.5508,80842234,25.4391
80877845,16.8646,80877845,24.8031
80893430,19.5767,80893430,23.9246
80908961,17.4868,80908961,23.9945
80939973,18.6125,80939973,22.7676
80970917,18.939,80970917,23.4939
80991290,19.7539,80991290,25.872
81002467,16.0095,81002467,23.7347
81024376,16.5665,81024376,26.0283
81034298,17.4553,81034298,28.626
81065925,17.7987,81065925,24.0038
81088735,20.0196,81088735,27.0236
81126560,18.1516,81126560,24.5253
81142509,19.8589,81142509,25.0814
81172703,17.6935,81172703,29.0712
81188302,15.8499,81188302,24.354
81219432,15.7097,81219432,25.7631
81235072,18.3558,81235072,25.7875
81251099,17.1731,81251099,23.4516
81271101,15.9173,81271101,24.949
81287310,15.6531,81287310,22.5603
81302789,17.3833,81302789,26.3785
81319076,16.5657,81319076,28.0405
81345627,17.2141,81345627,30.1288
81360724,17.8701,81360724,30.239
81376042,13.9765,81376042,31.2139
81391765,19.5687,81391765,29.454
81408295,16.2273,81408295,30.1205
81440464,17.111,81440464,25.4258
81460618,15.9606,81460618,29.6314
81471087,13.8651,81471087,28.1873
81491883,15.8168,81491883,29.1189
81502927,15.0381,81502927,28.2981
81522788,16.8912,81522788,26.6055
81539448,14.6552,81539448,26.4516
81555258,16.0643,81555258,23.2379
81571212,14.0117,81571212,24.1208
81585563,15.9621,81585563,25.0666
81612302,12.9214,81612302,29.2745
81617194,16.9021,81617194,28.329
81643281,14.3716,81643281,23.5333
81650472,14.5979,81650472,25.646
81679221,13.7511,81679221,22.0276
81694090,15.0751,81694090,21.709
81722613,13.4762,81722613,23.3179
81736287,14.4074,81736287,24.6859
81767850,14.1577,81767850,25.6428
81789714,14.2417,81789714,21.8865
81817975,16.9274,81817975,24.0722
81834078,13.5047,81834078,24.2085
81849454,16.8693,81849454,28.7777
81866093,13.3097,81866093,29.0812
81892170,14.3582,81892170,28.2862
81907401,13.9812,81907401,25.4718
81929564,16.1205,81929564,24.9531
81938798,13.3585,81938798,26.3713
81958712,16.7391,81958712,29.144
81986015,17.1153,81986015,27.242
82005817,14.1958,82005817,24.3207
82032312,15.5292,82032312,24.4329
82052231,14.4523,82052231,27.3758
82062649,15.0844,82062649,29.1131
82082324,14.4673,82082324,29.8288
82099742,12.8501,82099742,29.5947
82140271,13.0226,82140271,26.7549
82171787,15.8803,82171787,26.551
82187432,10.8696,82187432,25.985
82203242,12.1075,82203242,25.7223
82223351,14.4174,82223351,28.1607
82249260,12.2956,82249260,27.908
82254315,12.8845,82254315,28.8813
82279600,15.9497,82279600,27.5504
82295193,13.681,82295193,27.0531
82311952,14.656,82311952,27.5169
82332222,13.4776,82332222,25.227
82349431,12.0752,82349431,24.3718
82388605,14.2342,82388605,25.0254
82404149,12.7756,82404149,30.2131
82435698,13.5155,82435698,25.3319
82452036,14.9449,82452036,27.7623
82470564,13.7129,82470564,29.2836
82497902,15.8074,82497902,29.2645
82518422,15.8101,82518422,29.1134
82528903,16.0492,82528903,31.8916
82548998,14.234,82548998,29.5715
82564380,15.497,82564380,26.4883
82575246,15.8751,82575246,30.7796
82605504,13.8817,82605504,28.2326
82620857,15.0249,82620857,25.3298
82651063,15.667,82651063,27.319
82666640,16.4878,82666640,27.3502
82698591,15.012,82698591,27.6292
82718627,13.8957,82718627,24.5043
82735786,15.5337,82735786,25.151
82744333,16.0264,82744333,24.0908
82764922,16.4515,82764922,27.0839
82780962,15.6764,82780962,23.8412
82799583,14.419,82799583,29.662
82838852,15.0908,82838852,29.2795
82854372,15.1844,82854372,26.6447
82870287,16.6035,82870287,26.7543
82886165,18.1736,82886165,26.0948
82901251,16.0688,82901251,24.6546
82916666,16.1335,82916666,26.899
82948590,18.4341,82948590,26.077
82980056,14.0553,82980056,27.4851
83002367,14.9195,83002367,23.9076
83031644,16.0633,83031644,25.0814
83042745,14.838,83042745,25.3104
83074373,14.5151,83074373,28.3289
83094425,13.5365,83094425,25.3247
83105286,14.6541,83105286,29.3719
83125556,14.9385,83125556,30.3693
83142546,14.896,83142546,25.8637
83157579,13.3653,83157579,24.9461
83173529,13.9669,83173529,25.3388
83200271,13.1012,83200271,27.7631
83219202,15.3633,83219202,25.3481
83234699,13.472,83234699,24.5629
83252684,14.2343,83252684,25.2475
83282261,14.6285,83282261,23.6881
83299990,15.4247,83299990,29.981
83339667,16.1205,83339667,28.5795
83355061,13.8948,83355061,25.7602
83371586,16.8652,83371586,24.6961
83387269,15.2201,83387269,25.5407
83403074,14.6159,83403074,27.5911
83434180,13.9136,83434180,28.0183
83449363,14.5977,83449363,26.2318
83470322,15.1205,83470322,25.6625
83506374,14.1154,83506374,26.4947
83531296,14.2689,83531296,29.3626
83559193,14.6952,83559193,27.9912
83580201,13.6378,83580201,30.095
83594214,15.9181,83594214,29.8736
83625551,13.5088,83625551,27.2836
83642631,12.8766,83642631,27.7485
83681447,17.1694,83681447,26.9022
83697769,16.1591,83697769,25.7519
83729328,14.2419,83729328,25.5775
83745475,14.9126,83745475,26.2726
83776691,13.3423,83776691,25.6603
83793750,13.302,83793750,29.5714
83811874,17.0253,83811874,27.3073
83828726,13.0539,83828726,27.7033
83844215,19.1724,83844215,23.9502
83869334,17.9383,83869334,24.1526
83891312,17.6958,83891312,27.2625
83920616,14.3096,83920616,31.5012
83936342,13.6403,83936342,28.3868
83954393,14.9449,83954393,29.1499
83995023,13.5464,83995023,25.5129
84014193,16.0278,84014193,25.3138
84029467,18.1154,84029467,29.9152
84040514,14.7908,84040514,26.7817
84060553,13.3036,84060553,27.1331
84077005,14.962,84077005,23.7365
84092310,13.9014,84092310,24.3997
84118517,14.5793,84118517,23.0112
84123182,12.8725,84123182,27.7948
84149881,15.2102,84149881,30.3666
84181544,15.2984,84181544,23.8302
84212318,15.6656,84212318,25.4766
84232466,14.808,84232466,25.3324
84248417,15.3188,84248417,22.234
84263828,14.2915,84263828,23.6834
84289933,15.9119,84289933,27.4392
84305758,16.6974,84305758,24.7009
84325979,15.148,84325979,24.21
84341978,17.2277,84341978,26.7203
84357226,15.4253,84357226,26.0675
84373454,16.6827,84373454,25.757
84388845,16.1221,84388845,26.187
84408838,15.2484,84408838,24.6737
84446783,13.7137,84446783,23.3741
84466624,14.4624,84466624,24.2695
84482004,13.7089,84482004,27.3034
84509284,17.654,84509284,24.4365
84539413,15.4937,84539413,21.6364
84544457,15.7628,84544457,25.9253
84571350,15.1819,84571350,27.8404
84591202,16.131,84591202,23.681
84606118,14.6302,84606118,24.167
84622320,18.7434,84622320,26.4695
84638480,16.2632,84638480,23.4889
84655578,17.4738,84655578,23.845
84688046,17.9407,84688046,26.4116
84715121,17.1064,84715121,29.1443
84732143,18.4409,84732143,29.531
84758470,18.4625,84758470,27.7987
84765981,19.3036,84765981,23.7937
84795212,17.8482,84795212,25.5414
84825254,17.7368,84825254,25.8543
84852016,20.3771,84852016,24.3887
84883524,18.1158,84883524,25.3829
84905114,18.5755,84905114,24.0522
84933987,19.4066,84933987,26.3882
84945747,19.5123,84945747,22.4747
84965797,17.8702,84965797,21.8012
84981447,13.9868,84981447,27.0181
84996612,17.7635,84996612,25.4064
85014475,18.8165,85014475,24.4195
85054175,18.3898,85054175,21.0088
85085212,15.2906,85085212,26.9736
85100164,18.147,85100164,27.2738
85131906,17.7288,85131906,26.4357
85151717,15.8812,85151717,26.3265
85167407,16.0373,85167407,24.439
85183922,15.8813,85183922,24.2762
85194322,14.6892,85194322,23.681
85214368,16.1942,85214368,25.7689
85230329,15.4987,85230329,29.914
85245155,17.0236,85245155,26.371
85259935,14.6559,85259935,26.0987
85275331,17.1005,85275331,25.3498
85291059,15.9854,85291059,27.3433
85307192,15.3889,85307192,27.1036
85334173,13.8136,85334173,27.3711
85354491,14.1855,85354491,25.4816
85365270,12.6406,85365270,23.9281
85386095,16.0492,85386095,24.7569
85413844,14.3674,85413844,24.9052
85428707,13.5088,85428707,23.3598
85450525,14.0071,85450525,30.126
85490136,14.8589,85490136,28.2417
85510486,15.7758,85510486,25.329
85537713,14.3912,85537713,26.2356
85557210,14.234,85557210,26.9013
85573260,15.3905,85573260,27.9777
85589492,13.924,85589492,30.1617
85600266,14.944,85600266,27.6275
85620074,12.3197,85620074,28.4933
85635329,16.2105,85635329,26.6549
85661452,15.1762,85661452,29.3671
85676196,13.7137,85676196,25.2734
85696716,14.8014,85696716,24.6898
85714713,13.2021,85714713,23.4367
85755076,14.3724,85755076,26.6877
85786208,13.0531,85786208,27.2877
85803048,10.8226,85803048,27.1024
85833007,10.683,85833007,30.1602
85853118,12.843,85853118,29.4996
85869334,9.92176,85869334,28.2524
85895574,13.7119,85895574,25.3575
85926689,10.5443,85926689,25.7275
85942762,9.63314,85942762,25.5013
85958589,7.93919,85958589,27.1309
85973694,8.62361,85973694,28.5818
86006451,6.69336,86006451,27.5933
86027105,8.45171,86027105,26.8855
86043479,5.44012,86043479,25.4966
86083857,7.6445,86083857,28.4225
86103832,9.03693,86103832,24.9694
86114436,7.6774,86114436,29.6349
86134713,8.30357,86134713,28.1787
86150224,7.40925,86150224,26.6494
86161725,7.26331,86161725,26.6488
86193176,11.4132,86193176,25.5137
86214657,9.89165,86214657,27.7615
86228760,8.73362,86228760,26.9214
86244597,11.3404,86244597,28.5954
86259460,9.04792,86259460,27.7293
86276812,12.6961,86276812,26.2437
86315436,10.3769,86315436,27.3187
86331876,10.1315,86331876,27.2738
86351807,9.80424,86351807,25.364
86367322,12.3868,86367322,24.5756
86393521,9.11565,86393521,24.0877
86410156,10.8547,86410156,27.2108
86425881,8.44945,86425881,25.0546
86450823,11.2629,86450823,30.4155
86478441,10.7072,86478441,25.116
86507588,12.4228,86507588,27.6359
86518428,8.27286,86518428,25.1662
86538699,8.68703,86538699,29.3476
86549525,11.5677,86549525,25.567
86580908,9.11549,86580908,24.8604
86598007,8.04145,86598007,25.8666
86617096,10.0532,86617096,26.3541
86635369,9.83877,86635369,26.0495
86674643,11.3137,86674643,22.0482
86689688,8.66605,86689688,21.1267
86704991,13.3362,86704991,25.6565
86736794,9.67119,86736794,25.3557
86756846,12.5353,86756846,25.5048
86771961,9.81716,86771961,21.9781
86797782,13.0049,86797782,25.5141
86813785,11.7825,86813785,27.1443
86829937,11.8804,86829937,24.5761
86849441,11.4878,86849441,24.8373
86865070,12.7613,86865070,24.6334
86884521,13.6766,86884521,27.4826
86922123,11.2463,86922123,24.847
86938608,11.1326,86938608,23.2864
86958463,14.6233,86958463,25.3381
86984624,12.8693,86984624,27.6627
87005069,15.6052,87005069,29.0707
87020189,13.0538,87020189,31.3278
87047678,12.2522,87047678,28.7638
87067726,16.3306,87067726,27.6036
87094678,15.7329,87094678,25.7781
87114187,13.8272,87114187,26.194
87140381,16.1479,87140381,28.9258
87155408,14.764,87155408,26.7379
87170508,16.6758,87170508,25.8441
87185735,15.0379,87185735,23.0404
87201627,14.5197,87201627,25.961
87222367,16.9257,87222367,29.8143
87248867,13.927,87248867,28.145
87263696,17.4064,87263696,27.2837
87286416,17.728,87286416,29.1376
87316240,15.3688,87316240,25.5277
87326420,16.2469,87326420,27.1839
87346328,16.86,87346328,27.1814
87362323,15.4681,87362323,28.1009
87377851,18.2633,87377851,27.5652
87405311,17.2722,87405311,28.844
87410689,15.7687,87410689,28.5355
87426823,16.1261,87426823,30.8496
87459753,15.7774,87459753,26.5187
87497334,17.2119,87497334,28.0225
87517715,15.4721,87517715,29.4413
87543359,16.3307,87543359,26.8279
87563212,17.9811,87563212,24.5556
87578973,15.2593,87578973,23.2999
87604842,18.1406,87604842,28.4358
87637308,17.7973,87637308,26.7975
87656637,15.9363,87656637,25.8655
87667163,15.7052,87667163,24.2024
87687487,17.6196,87687487,25.3859
87714313,17.5884,87714313,26.6065
87736042,14.6627,87736042,23.3739
87744104,14.0245,87744104,24.1207
87764827,16.0634,87764827,25.1492
87791155,14.3808,87791155,28.7167
87807032,18.4922,87807032,28.6116
87822369,18.077,87822369,26.4795
87854428,15.6414,87854428,22.7936
87884776,14.4987,87884776,27.1992
87915925,16.1543,87915925,27.8697
87930918,15.3573,87930918,23.3095
87970564,14.6295,87970564,25.3413
87977718,14.483,87977718,26.4719
87998713,17.7705,87998713,26.4605
88024199,15.3049,88024199,22.9381
88045278,16.0546,88045278,28.2243
88075038,16.8579,88075038,25.4364
88108509,16.8214,88108509,25.7059
88115543,16.0946,88115543,23.4486
88135454,13.166,88135454,23.8716
88151340,13.4183,88151340,28.7259
88182528,13.4889,88182528,23.2825
88211953,12.6712,88211953,25.2711
88228661,15.7135,88228661,23.8374
88242461,13.0867,88242461,24.4823
88258574,12.2915,88258574,22.4244
88274216,15.6122,88274216,22.059
88301153,15.0489,88301153,21.6944
88331321,12.4729,88331321,25.351
88346151,14.5908,88346151,19.54
88362865,12.6352,88362865,26.1359
88382595,12.7719,88382595,21.9033
88399568,12.2168,88399568,22.9531
88414579,13.5584,88414579,21.2506
88441770,13.3762,88441770,26.4565
88460727,12.8491,88460727,21.8363
88475704,13.4557,88475704,23.1603
88502120,13.9354,88502120,24.0908
88517268,13.6196,88517268,22.4015
88533439,15.1061,88533439,28.543
88553073,12.2158,88553073,28.6463
88569467,15.2562,88569467,24.1627
88595331,10.1991,88595331,26.2758
88610513,11.1735,88610513,25.5112
88631761,12.8656,88631761,22.4219
88649994,10.65,88649994,25.9247
88677963,14.1781,88677963,28.2039
88704174,11.0682,88704174,24.4553
88725694,10.0629,88725694,23.7549
88741740,13.7191,88741740,27.5802
88781329,11.7807,88781329,22.8194
88796961,13.2626,88796961,24.1245
88812982,10.232,88812982,24.4687
88828642,12.8123,88828642,26.8745
88845576,11.111,88845576,28.5216
88865273,13.5584,88865273,27.2669
88881252,11.3098,88881252,24.4921
88899412,13.2941,88899412,26.4969
88928204,15.2545,88928204,27.8913
88943311,13.0899,88943311,27.5768
88968757,15.87,88968757,24.6927
89000276,14.8215,89000276,24.3108
89032132,15.0379,89032132,26.6994
89063675,14.6159,89063675,29.123
89082751,14.3861,89082751,28.9385
89100496,14.5941,89100496,25.2303
89141235,16.6866,89141235,25.258
89161488,15.3947,89161488,27.5273
89187615,13.6809,89187615,27.1035
89192567,16.0838,89192567,27.2006
89207629,13.8861,89207629,26.2033
89223861,15.0482,89223861,25.4459
89239441,12.2467,89239441,23.6156
89254310,16.2215,89254310,25.4895
89279724,13.4775,89279724,28.3222
89295454,16.6757,89295454,23.9091
89311521,16.2206,89311521,30.663
89343227,15.0489,89343227,28.7154
89359076,14.6606,89359076,24.2984
89379911,17.2778,89379911,25.2547
89406127,15.6313,89406127,26.6574
89425605,15.6451,89425605,24.7231
89452856,16.2988,89452856,23.4304
89473942,17.2779,89473942,27.0255
89484454,15.6036,89484454,25.9035
89505114,13.2737,89505114,29.2501
89531133,16.0585,89531133,26.9427
89535575,13.0538,89535575,26.6771
89554679,14.9026,89554679,27.6631
89593850,15.7438,89593850,26.5777
89603843,15.875,89603843,23.7398
89629857,13.4985,89629857,24.2905
89658021,12.8436,89658021,27.7268
89677348,16.6768,89677348,25.691
89703978,16.0425,89703978,29.3868
89725035,12.6974,89725035,27.8727
89738814,13.6098,89738814,25.7463
89754282,13.9297,89754282,24.9735
89780329,14.3625,89780329,26.8663
89795664,15.1836,89795664,28.1047
89832704,15.2435,89832704,26.6977
89858291,17.2346,89858291,24.6379
89878803,14.4072,89878803,23.943
89893725,15.0386,89893725,25.0073
89921180,18.1509,89921180,29.0351
89943034,13.4912,89943034,27.4905
89950893,16.5146,89950893,25.2247
89982644,14.2733,89982644,23.9641
89999028,16.6874,89999028,23.8469
90004352,13.521,90004352,22.6478
90034016,15.4287,90034016,22.3278
90044464,14.8294,90044464,25.2691
90065435,17.2035,90065435,26.9514
90081372,18.1476,90081372,23.4852
90111806,15.3519,90111806,26.4613
90126619,14.8342,90126619,28.292
90138036,14.4199,90138036,24.9434
90169557,15.6042,90169557,24.0903
90190288,14.4199,90190288,24.8908
90205820,14.6874,90205820,25.2761
90216608,15.2159,90216608,30.9138
90247731,14.9804,90247731,26.9737
90268162,15.6368,90268162,24.8374
90284763,15.9117,90284763,27.359
90299047,13.1331,90299047,27.0301
90315886,15.4625,90315886,27.8822
90330704,13.8985,90330704,28.6285
90356825,17.3813,90356825,28.7191
90372060,13.9229,90372060,25.8286
90387219,15.5047,90387219,24.599
90418471,15.4922,90418471,23.5889
90450430,15.6766,90450430,26.4445
90475807,15.4261,90475807,25.3357
90505276,13.4769,90505276,29.7141
90543852,13.7993,90543852,31.0814
90560382,15.1228,90560382,28.7859
90579828,14.1893,90579828,26.5831
90595453,14.4122,90595453,27.5288
90611696,16.5288,90611696,25.2667
90626605,15.7807,90626605,25.7523
90641700,15.3268,90641700,28.1282
90652839,15.2167,90652839,28.227
90684596,15.4609,90684596,27.0338
90716725,14.8395,90716725,25.4573
90748390,13.6596,90748390,27.5223
90762270,13.1658,90762270,27.0454
90782314,13.6542,90782314,28.0068
90792770,15.741,90792770,25.8761
90824712,14.3632,90824712,32.0007
90856141,16.3848,90856141,27.4996
90871744,16.655,90871744,27.2463
90902656,17.3244,90902656,25.6863
90922346,14.4937,90922346,25.4728
90937908,15.7842,90937908,27.7144
90963689,16.6046,90963689,28.3289
90996115,16.1221,90996115,28.2696
91016964,16.2579,91016964,28.6328
91042355,16.6875,91042355,29.1245
91057640,16.054,91057640,27.7683
91073649,17.6598,91073649,27.3152
91094982,15.2513,91094982,28.8349
91117250,15.039,91117250,27.2922
91142461,18.4261,91142461,24.8513
91156960,16.4973,91156960,25.5076
91168426,18.1518,91168426,24.0042
91200186,14.845,91200186,26.4511
91216045,17.2419,91216045,26.355
91235651,15.8814,91235651,26.1405
91262369,17.0952,91262369,27.5215
91283909,17.1173,91283909,29.4922
91310406,20.0615,91310406,24.3574
91325999,19.3358,91325999,30.5868
91356563,16.9493,91356563,30.2117
91372164,18.456,91372164,27.8222
91393396,17.9321,91393396,26.6231
91419979,17.8081,91419979,26.2499
91442407,18.0077,91442407,27.6894
91482312,16.9811,91482312,23.1391
91503528,17.4197,91503528,24.4666
91517911,15.0491,91517911,29.2791
91544741,18.9677,91544741,28.5115
91559660,15.7768,91559660,22.991
91567715,15.9268,91567715,24.9303
91597187,14.878,91597187,26.5786
91612346,17.038,91612346,22.8086
91627086,18.1156,91627086,23.3038
91637765,19.2616,91637765,25.029
91658670,15.2579,91658670,23.4637
91678371,15.9958,91678371,23.7902
91716555,19.04,91716555,21.5043
91738866,16.3834,91738866,22.1219
91753112,16.2809,91753112,25.6784
91768668,17.6979,91768668,28.9965
91784060,17.0255,91784060,22.6348
91798450,18.7119,91798450,27.0714
91830602,15.0805,91830602,23.424
91845436,20.8579,91845436,22.7577
91872732,16.9991,91872732,28.5887
91892589,16.1316,91892589,27.5061
91907268,17.7038,91907268,23.6815
91924781,17.2109,91924781,26.1876
91952856,16.7297,91952856,26.085
91968561,16.8652,91968561,22.3368
91996057,17.9006,91996057,23.7046
92017190,17.1159,92017190,23.9787
92056049,13.9749,92056049,24.471
92072285,15.3205,92072285,25.5604
92104511,15.7882,92104511,26.1376
92119557,14.5616,92119557,23.7667
92139458,15.3262,92139458,25.8472
92166260,17.3807,92166260,26.2149
92186732,15.4376,92186732,21.5453
92197352,16.7501,92197352,25.1616
92228832,17.7649,92228832,25.4593
92248764,14.8332,92248764,22.4775
92267480,12.948,92267480,26.8343
92296247,15.9547,92296247,29.7083
92323251,12.6767,92323251,28.375
92338561,13.5409,92338561,26.3766
92370359,13.5897,92370359,24.2057
92385599,14.4543,92385599,26.9377
92400643,14.9727,92400643,27.6945
92430581,12.7026,92430581,24.5619
92452990,15.3244,92452990,23.2864
92470702,14.32,92470702,27.6934
92511060,12.7083,92511060,31.2718
92526529,11.5988,92526529,25.5762
92556201,12.2521,92556201,24.7348
92571653,11.9074,92571653,25.2297
92587121,12.8016,92587121,26.4941
92607543,10.3042,92607543,28.2976
92618059,14.7893,92618059,22.8294
92637738,11.0635,92637738,23.8408
92654245,11.7814,92654245,28.4527
92665105,9.14996,92665105,28.4634
92685573,10.8914,92685573,26.6304
92713046,10.6539,92713046,27.6489
92733510,12.6114,92733510,24.1098
92747222,10.0916,92747222,24.4634
92762705,10.2576,92762705,26.7838
92778460,14.4552,92778460,27.1488
92804725,11.8703,92804725,27.9043
92809587,10.9277,92809587,25.12
92820138,9.32726,92820138,23.811
92840060,11.3473,92840060,23.8465
92854794,12.7387,92854794,23.2315
92882388,12.1762,92882388,26.8561
92887751,13.2311,92887751,25.0996
92913782,9.10732,92913782,30.3639
92918477,12.1802,92918477,26.4177
92944966,10.7182,92944966,25.1588
92968758,10.828,92968758,25.0808
93007648,10.65,93007648,27.1356
93023843,13.1695,93023843,27.1498
93028808,10.7548,93028808,28.1137
93043805,13.1574,93043805,27.8211
93059317,10.5041,93059317,25.879
93075757,10.2634,93075757,25.0876
93084874,10.4413,93084874,24.366
93108068,11.8341,93108068,29.0764
93134911,9.04306,93134911,30.4429
93150720,11.5591,93150720,28.4118
93166266,9.66718,93166266,27.2621
93184563,12.7668,93184563,23.931
93224726,14.2674,93224726,26.8235
93255534,10.5098,93255534,27.5895
93271709,11.1501,93271709,24.3373
93302642,11.0956,93302642,22.8624
93318711,12.2851,93318711,27.9136
93338207,14.365,93338207,28.9979
93353192,11.0322,93353192,27.6896
93368830,13.4405,93368830,24.4126
93383557,11.3891,93383557,24.6648
93410003,13.2995,93410003,27.0256
93425563,10.9776,93425563,28.4941
93441276,12.4553,93441276,27.0665
93457402,12.671,93457402,26.2364
93476858,14.9116,93476858,27.2186
93496823,16.0833,93496823,24.5796
93528508,12.8437,93528508,25.7036
93554788,12.468,93554788,27.0643
93569956,12.8805,93569956,29.6464
93586134,12.5042,93586134,30.6384
93601351,13.7576,93601351,31.8691
93628310,11.5271,93628310,26.1203
93644554,11.8768,93644554,30.3096
93665139,14.3719,93665139,32.5611
93680621,11.5784,93680621,30.7469
93696125,13.1157,93696125,30.5417
93724776,13.6814,93724776,27.0145
93743399,13.0586,93743399,25.8259
93773329,16.6865,93773329,27.4527
93800298,13.3364,93800298,26.3039
93815600,13.4133,93815600,26.9001
93831155,14.5261,93831155,26.7644
93862530,15.7394,93862530,26.6748
93877799,14.1894,93877799,27.0797
93893155,16.2954,93893155,27.862
93924390,19.2881,93924390,27.1364
93940317,18.8335,93940317,23.4427
93960252,18.4562,93960252,25.3631
93978333,19.3365,93978333,25.5507
94007790,18.1585,94007790,25.5121
94034415,20.5922,94034415,30.7776
94054658,17.0915,94054658,23.3704
94064986,18.4843,94064986,28.3607
94088234,19.2245,94088234,27.7112
94128554,20.1686,94128554,25.9211
94149788,16.612,94149788,25.1531
94164449,15.9518,94164449,24.8371
94180654,18.0787,94180654,26.9289
94190257,19.0776,94190257,26.5194
94211241,19.8234,94211241,29.604
94222400,20.472,94222400,29.9598
94243239,17.9424,94243239,27.5837
94269850,19.1282,94269850,28.6918
94285176,18.1159,94285176,27.355
94316249,17.2119,94316249,24.5396
94347495,18.3516,94347495,30.7974
94377545,17.273,94377545,26.9951
94392776,18.0796,94392776,25.7802
94423784,14.4201,94423784,25.3539
94440498,19.1577,94440498,25.2547
94447587,14.925,94447587,22.2249
94454885,18.2116,94454885,27.4317
94474844,14.6968,94474844,22.754
94490108,14.6615,94490108,21.6027
94520502,13.8617,94520502,20.2741
94538631,13.9279,94538631,26.1851
94567741,16.2694,94567741,22.851
94582707,13.8594,94582707,25.5417
94598805,17.2818,94598805,25.1806
94624981,17.2697,94624981,22.5499
94646205,13.3043,94646205,25.7161
94673186,17.106,94673186,27.6617
94678194,13.9177,94678194,23.7715
94698536,13.897,94698536,27.604
94737719,14.8656,94737719,29.6068
94766433,16.7437,94766433,26.7159
94796190,17.8393,94796190,28.838
94822342,17.3437,94822342,26.4515
94848226,14.1893,94848226,26.913
94874181,17.6551,94874181,24.263
94890055,13.4814,94890055,26.477
94906184,13.9844,94906184,24.4687
94927240,15.8099,94927240,26.874
94941967,14.4065,94941967,29.1301
94953667,15.1836,94953667,30.0949
94983798,12.1861,94983798,29.4455
95006562,15.1199,95006562,27.8728
95045337,12.4616,95045337,27.5562
95061282,15.2824,95061282,27.6852
95076138,13.3938,95076138,25.048
95108172,12.6823,95108172,26.0137
95113804,12.394,95113804,25.5289
95129943,11.8349,95129943,25.7502
95147645,13.5904,95147645,27.0717
95175336,13.5475,95175336,28.8985
95201587,13.6242,95201587,24.6335
95217474,13.6845,95217474,23.993
95233499,13.6766,95233499,27.4304
95255142,14.5511,95255142,28.2963
95279367,11.4869,95279367,26.1833
95294896,11.4565,95294896,24.2722
95325355,13.4719,95325355,26.2375
95340645,10.2734,95340645,24.2515
95356846,14.31,95356846,23.7328
95387658,11.6024,95387658,27.6884
95403119,11.958,95403119,25.9474
95435315,14.2998,95435315,25.022
95450591,13.2994,95450591,27.3131
95472073,10.8546,95472073,24.9396
95490909,12.9827,95490909,23.0748
95518861,11.9009,95518861,24.535
95545060,14.7329,95545060,25.2482
95559823,11.5263,95559823,30.5466
95575239,14.8098,95575239,29.5631
95579908,12.9074,95579908,30.4038
95599034,12.2469,95599034,27.2412
95627024,14.3311,95627024,26.4765
95654120,12.8137,95654120,24.9057
95670160,13.6823,95670160,26.4169
95685997,11.794,95685997,25.0806
95691320,14.4121,95691320,26.9013
95707093,12.2257,95707093,27.0067
95734282,11.1369,95734282,23.2844
95752673,13.0907,95752673,23.8009
95767803,13.0308,95767803,25.3028
95783327,14.2333,95783327,25.0378
95800793,12.2829,95800793,28.386
95840834,12.9175,95840834,24.1446
95871846,14.0621,95871846,25.6385
95876457,14.6307,95876457,25.4689
95893223,15.708,95893223,22.9084
95934075,13.1013,95934075,22.9739
95950012,15.8175,95950012,26.5704
95965852,14.7233,95965852,27.408
95987636,14.457,95987636,24.7785
96002137,15.953,96002137,24.1773
96017690,15.6774,96017690,25.7096
96043099,16.9225,96043099,26.6834
96050561,16.2469,96050561,25.8987
96090064,15.3886,96090064,27.9609
96105776,13.6307,96105776,26.1873
96120827,14.6913,96120827,22.6489
96136329,12.7037,96136329,21.7618
96152645,12.5045,96152645,19.656
96172636,12.2162,96172636,24.1584
96183477,13.8779,96183477,27.1295
96213517,13.3699,96213517,24.0836
96234671,14.3414,96234671,24.7586
96249038,17.7226,96249038,23.6121
96259527,16.2218,96259527,22.6017
96290790,14.3674,96290790,27.8853
96306727,15.6395,96306727,27.3562
96326934,15.6408,96326934,25.7805
96343311,14.8654,96343311,24.769
96359556,15.3955,96359556,25.7774
96374216,14.3421,96374216,26.1625
96390441,13.9349,96390441,28.4693
96416890,15.2887,96416890,27.3457
96448331,17.0303,96448331,23.9411
96464451,14.4513,96464451,25.6086
96479534,16.152,96479534,28.2452
96510562,13.812,96510562,23.9443
96526648,13.8176,96526648,29.3669
96558293,12.6178,96558293,25.1316
96590574,13.4682,96590574,26.0033
96610749,16.7665,96610749,25.5168
96626320,13.0806,96626320,27.369
96640920,17.4556,96640920,26.2868
96667339,16.6797,96667339,23.9779
96698255,16.3842,96698255,28.3493
96721880,14.6244,96721880,27.8542
96760576,14.816,96760576,24.2137
96777799,13.547,96777799,26.4334
96796834,15.7782,96796834,27.9466
96811485,13.923,96811485,25.9887
96837438,16.7236,96837438,24.2937
96852625,16.9437,96852625,24.6549
96867981,17.5912,96867981,25.1215
96898589,17.1709,96898589,30.2418
96903094,17.0999,96903094,30.2004
96918797,15.9486,96918797,31.2708
96944791,18.2843,96944791,30.135
96975921,19.7114,96975921,24.9927
97005650,18.5289,97005650,27.6992
97025845,14.2407,97025845,28.0321
97040805,17.3142,97040805,27.3453
97058372,15.6312,97058372,24.1931
97097784,14.8781,97097784,23.6764
97103814,15.733,97103814,30.369
97146045,16.2319,97146045,26.959
97166838,14.4082,97166838,27.2775
97195010,14.661,97195010,27.6129
97211511,15.1776,97211511,25.8712
97226067,18.3144,97226067,23.9623
97237643,16.9223,97237643,23.9192
97258317,14.4827,97258317,28.4168
97278139,14.908,97278139,24.6149
97308174,15.0797,97308174,29.5304
97336761,13.0957,97336761,29.8207
97364470,12.657,97364470,30.1604
97384732,18.074,97384732,29.7797
97400187,13.8868,97400187,27.6022
97414672,17.4816,97414672,27.5345
97441920,13.3301,97441920,26.3407
97457727,17.3413,97457727,27.6288
97473217,15.4367,97473217,25.9637
97503909,15.4929,97503909,27.145
97519461,15.7354,97519461,27.17
97550168,13.129,97550168,26.4499
97566472,14.8443,97566472,26.5332
97587970,14.7688,97587970,29.2699
97601561,14.6608,97601561,26.4852
97619856,15.5299,97619856,27.0583
97649238,14.9077,97649238,25.7161
97660036,15.6766,97660036,24.2254
97679923,15.4029,97679923,25.3942
97695296,16.7697,97695296,26.0144
97706581,15.2312,97706581,25.9276
97726864,19.0563,97726864,26.7113
97744181,17.6244,97744181,28.4186
97759154,15.0821,97759154,28.9773
97776940,16.6419,97776940,25.9297
97805564,18.4869,97805564,24.9356
97821931,16.1277,97821931,27.2438
97837116,18.1535,97837116,26.8554
97853165,19.3355,97853165,27.5584
97870541,18.325,97870541,26.2542
97895748,18.4308,97895748,25.2226
97911810,17.9015,97911810,25.1478
97931936,18.4028,97931936,24.3349
97947122,16.7759,97947122,28.1427
97972923,16.6601,97972923,29.0017
97978091,19.8093,97978091,29.9607
98004421,16.663,98004421,27.39
98024865,19.6049,98024865,27.4286
98040296,19.2609,98040296,25.0562
98066589,18.3793,98066589,26.4154
98071302,19.5766,98071302,26.8528
98086599,17.6606,98086599,27.6673
98101841,15.7947,98101841,27.3759
98119745,16.5721,98119745,24.9383
98159144,16.166,98159144,24.5626
98180345,18.5741,98180345,24.8782
98194761,16.8968,98194761,26.9769
98205190,17.4454,98205190,25.2442
98227799,17.4882,98227799,30.7091
98268531,18.7905,98268531,28.4994
98300449,18.5775,98300449,24.9462
98320344,14.667,98320344,25.0125
98347184,17.1117,98347184,25.6916
98363347,16.642,98363347,27.8713
98382547,18.3962,98382547,27.8732
98398080,17.143,98398080,26.1983
98413450,15.2641,98413450,25.0599
98429589,18.964,98429589,24.3184
98444698,17.0253,98444698,24.4693
98460565,14.9556,98460565,26.6994
98477929,14.6942,98477929,24.6855
98510630,15.0788,98510630,29.5675
98539519,18.3618,98539519,31.5138
98555550,15.1126,98555550,30.2409
98570598,15.0202,98570598,30.8678
98586489,16.7815,98586489,31.1255
98601852,15.2588,98601852,30.6529
98626741,18.0743,98626741,27.6294
98632218,18.5611,98632218,25.7881
98662224,14.7338,98662224,25.4267
98678493,16.9605,98678493,25.837
98705142,16.4298,98705142,29.919
98728272,15.5018,98728272,28.0036
98756464,17.943,98756464,26.2481
98772414,16.3888,98772414,27.5565
98789392,15.8547,98789392,25.1415
98800091,15.6404,98800091,26.8238
98822695,16.2679,98822695,27.9022
98850790,11.8711,98850790,29.394
98866069,14.8012,98866069,26.5662
98881413,13.0375,98881413,24.5753
98896828,16.2632,98896828,24.9404
98912432,13.0586,98912432,26.398
98928453,16.4876,98928453,25.0422
98944587,14.7017,98944587,25.0557
98960336,16.5231,98960336,20.8906
98975866,13.8633,98975866,23.4696
99002889,13.8554,99002889,25.9301
99022455,13.6966,99022455,28.0483
99041805,15.7434,99041805,26.6094
99080471,13.6085,99080471,23.159
99099879,11.5284,99099879,24.2525
99115951,11.3049,99115951,28.4871
99131921,13.2015,99131921,28.4335
99147867,11.0973,99147867,25.1202
99164030,12.1179,99164030,24.243
99190775,11.3098,99190775,23.8155
99207125,12.8372,99207125,24.4746
99225901,12.3941,99225901,23.7827
99240645,9.40013,99240645,22.6034
99268012,12.5654,99268012,28.1941
99287968,10.0588,99287968,24.0215
99299311,13.8948,99299311,24.6321
99318992,8.09638,99318992,23.6136
99334342,10.2946,99334342,25.8897
99350469,13.8069,99350469,26.068
99366239,9.84495,99366239,25.2766
99382557,12.1776,99382557,21.7098
99397705,8.97266,99397705,25.1033
99413364,9.31923,99413364,25.2602
99441691,11.1317,99441691,23.2539
99470652,10.1688,99470652,20.4883
99502308,13.194,99502308,21.3297
99522308,10.0273,99522308,22.0586
99538311,12.0428,99538311,21.4822
99555009,9.77683,99555009,21.194
99569459,10.2304,99569459,26.0424
99585367,14.4385,99585367,23.3166
99602926,13.368,99602926,22.8653
99612246,11.2368,99612246,23.6058
99634484,14.1833,99634484,21.4035
99643373,10.4366,99643373,23.9881
99663927,15.3243,99663927,25.7677
99689817,15.0306,99689817,24.1092
99722581,14.5799,99722581,20.4899
99740229,13.4412,99740229,25.8791
99766829,15.2457,99766829,24.4573
99774298,15.3681,99774298,23.5252
99806881,12.8144,99806881,26.1853
99817951,16.2986,99817951,26.4587
99844566,15.7767,99844566,24.3933
99875188,13.0321,99875188,25.1138
99882355,12.8192,99882355,28.1648
99911238,14.5044,99911238,25.3666
99936732,14.4883,99936732,25.3498
99952708,13.2311,99952708,24.8757
99968792,11.4881,99968792,27.7997
99983999,14.9728,99983999,24.8763
99999830,13.9689,99999830,22.4081
100032171,13.4774,100032171,27.2477
100051871,14.9173,100051871,29.5326
100067405,12.8808,100067405,30.0269
100083497,14.3197,100083497,30.7058
100099456,12.8491,100099456,26.7859
100114717,15.1529,100114717,24.6334
100141505,13.5476,100141505,27.2756
100161209,15.6018,100161209,27.7997
100178417,14.8382,100178417,27.6308
100218854,17.0619,100218854,25.3684
100242678,17.1005,100242678,26.0201
100270833,14.1223,100270833,23.213
100287457,15.3986,100287457,26.4751
100298352,14.8071,100298352,25.9612
100328671,14.4512,100328671,29.786
100349057,17.285,100349057,29.2411
100375269,14.8695,100375269,26.3773
100391263,14.4201,100391263,26.2613
100406859,16.2632,100406859,24.8963
100441436,14.5008,100441436,26.1967
100454298,15.9249,100454298,26.7417
100475214,18.6282,100475214,22.8561
100492766,19.6701,100492766,25.5058
100521612,16.2161,100521612,28.386
100536798,16.1772,100536798,29.1018
100552659,17.8034,100552659,28.0334
100568230,18.329,100568230,28.853
100595189,17.5242,100595189,25.6115
100625956,20.3456,100625956,26.0202
100655368,18.0328,100655368,23.0405
100670758,17.6444,100670758,23.406
100676166,20.0663,100676166,25.5045
100697016,20.1171,100697016,30.202
100724974,18.0217,100724974,30.8814
100738182,18.497,100738182,28.8582
100753826,18.2022,100753826,26.5501
100769044,19.6199,100769044,26.5831
100785354,18.3164,100785354,29.7428
100812048,16.5988,100812048,25.7248
100835297,20.0657,100835297,27.3159
100864235,15.7881,100864235,28.3491
100890572,15.8877,100890572,26.4068
100906053,17.408,100906053,24.3183
100926176,17.3565,100926176,26.0428
100944010,15.6777,100944010,24.9141
100973439,19.7132,100973439,23.2952
101000559,17.2359,101000559,25.8958
101017076,18.0754,101017076,31.2985
101036951,15.7066,101036951,29.0351
101063488,15.746,101063488,27.1683
101083220,16.7862,101083220,25.2257
101097819,15.8913,101097819,25.9829
101113745,14.9767,101113745,26.6502
101128816,17.2042,101128816,28.0944
101146896,17.8321,101146896,22.725
101175730,15.3198,101175730,23.7037
101193162,13.975,101193162,26.6056
101233810,14.9116,101233810,24.2759
101253320,15.7614,101253320,25.7526
101268621,14.4515,101268621,26.6784
101285275,16.9882,101285275,25.0536
101295310,14.871,101295310,23.4678
101315656,16.1267,101315656,24.7294
101326061,16.5611,101326061,28.0032
101346734,14.3673,101346734,29.1019
101363005,17.692,101363005,27.749
101389516,14.8638,101389516,27.5214
101405005,15.0154,101405005,25.2477
101436255,13.0691,101436255,24.2065
101452062,15.3302,101452062,25.328
101483437,13.0931,101483437,23.6266
101515484,15.8436,101515484,24.6818
101538378,14.4188,101538378,27.1065
101578023,17.5243,101578023,28.9456
101593263,14.5189,101593263,29.0332
101608565,16.9272,101608565,24.9572
101625018,12.9214,101625018,25.7559
101639968,16.211,101639968,24.8963
101655456,14.374,101655456,26.8627
101676131,14.2893,101676131,22.6516
101706272,14.7292,101706272,24.3256
101721076,13.0642,101721076,25.0382
101738767,14.6168,101738767,25.1403
101748182,12.8439,101748182,26.1336
101779530,10.509,101779530,29.2073
101800476,13.0539,101800476,25.6489
101815581,11.868,101815581,24.9475
101842767,13.8854,101842767,24.9009
101848123,12.0602,101848123,27.1047
101863743,12.2521,101863743,27.1396
101878668,15.5401,101878668,27.9737
101894663,12.6772,101894663,26.7877
101910059,14.0839,101910059,25.0858
101925373,13.7232,101925373,24.3427
101941556,13.3804,101941556,24.467
101968124,14.4512,101968124,25.905
101983558,12.7562,101983558,27.0583
101998671,14.3672,101998671,28.4901
102014770,12.916,102014770,30.5908
102046279,12.2516,102046279,26.293
102079674,13.4781,102079674,27.802
102098857,15.2913,102098857,25.3984
102113799,12.7065,102113799,26.4061
102139650,15.8734,102139650,25.6903
102154713,14.7941,102154713,28.4111
102185636,12.2093,102185636,29.1453
102200551,12.048,102200551,26.025
102220372,15.4566,102220372,24.3177
102235668,11.3535,102235668,25.3718
102261897,12.7619,102261897,26.845
102293187,12.3319,102293187,25.4691
102314748,12.6663,102314748,26.4737
102328189,15.0852,102328189,28.5262
102355120,13.6712,102355120,31.7385
102375034,14.4813,102375034,30.7822
102389945,13.0955,102389945,27.9565
102416177,14.0634,102416177,29.2823
102436077,17.1014,102436077,27.7204
102479315,13.6871,102479315,26.3438
102494950,14.4572,102494950,26.054
102510073,14.9687,102510073,25.5783
102525335,15.6782,102525335,25.6855
102539967,16.1261,102539967,27.1308
102572161,16.6876,102572161,26.0192
102602463,15.4674,102602463,25.1273
102618432,19.261,102618432,24.1662
102633664,16.5301,102633664,23.7903
102665363,15.9088,102665363,27.0398
102686603,16.3832,102686603,28.3743
102717077,15.886,102717077,26.397
102747538,15.8483,102747538,24.45
102764943,16.0269,102764943,21.5085
102794741,15.0735,102794741,23.633
102823861,16.2217,102823861,22.0158
102851183,18.5287,102851183,20.1288
102867334,16.2216,102867334,25.0398
102900071,17.5179,102900071,22.6852
102930505,15.2938,102930505,22.5496
102946143,15.3701,102946143,20.7799
102961513,15.567,102961513,26.9284
102976396,15.886,102976396,24.115
103006789,14.412,103006789,24.4062
103023072,13.0483,103023072,27.542
103055689,14.1891,103055689,22.6359
103074451,17.1258,103074451,26.0144
103101875,17.0724,103101875,22.8252
103121077,13.3641,103121077,23.2799
103137666,14.0895,103137666,27.6602
103153616,14.8691,103153616,26.9961
103168289,15.1882,103168289,23.0628
103183864,15.5024,103183864,23.5285
103200389,13.5914,103200389,26.5813
103226172,14.2417,103226172,26.4902
103241338,12.8447,103241338,25.0305
103263916,12.257,103263916,28.7928
103292989,16.6862,103292989,27.5053
103320439,13.6293,103320439,25.0838
103350811,13.8361,103350811,26.8623
103370540,14.4938,103370540,25.5033
103386300,13.1329,103386300,23.1391
103401593,14.8703,103401593,22.8025
103428428,13.2957,103428428,26.8806
103433366,16.6418,103433366,28.3177
103460635,16.7034,103460635,24.6068
103480450,14.4076,103480450,24.6272
103496029,18.3235,103496029,25.3593
103511355,14.4466,103511355,26.0986
103527835,17.3463,103527835,28.5782
103543809,13.9758,103543809,26.0408
103570693,13.5117,103570693,27.6265
103586795,14.8334,103586795,24.9978
103608835,15.074,103608835,28.3273
103637961,18.1485,103637961,28.6457
103653718,14.5291,103653718,23.9648
103669590,16.2165,103669590,23.863
103685783,13.6878,103685783,24.9255
103701112,15.5688,103701112,27.2034
103728704,13.9021,103728704,24.8998
103747104,16.5201,103747104,22.9485
103762567,15.63,103762567,23.7114
103778419,15.5135,103778419,27.7187
103790381,15.875,103790381,29.3578
103809560,14.4674,103809560,26.8351
103828541,14.4075,103828541,24.2092
103868383,15.0435,103868383,27.0931
103888388,18.8206,103888388,26.4788
103904515,15.0796,103904515,26.5345
103919758,17.9486,103919758,24.5091
103935371,15.0752,103935371,24.4664
103951045,14.243,103951045,22.6631
103967302,17.8282,103967302,24.5082
103982936,16.2625,103982936,25.731
103999102,16.9902,103999102,29.5991
104014681,15.6758,104014681,29.2238
104040977,16.0431,104040977,28.7931
104046298,18.0981,104046298,22.9142
104072945,15.5988,104072945,24.8688
104092867,15.9174,104092867,25.9726
104111087,15.6772,104111087,26.4597
104138575,16.4619,104138575,25.8961
104165628,16.1663,104165628,24.3434
104180730,14.6356,104180730,25.8444
104196075,18.278,104196075,25.9664
104211800,17.0329,104211800,24.1177
104227379,16.1518,104227379,28.5283
104247854,15.9035,104247854,26.5098
104262722,17.6613,104262722,25.0114
104278461,15.4633,104278461,26.1248
104294112,15.708,104294112,25.517
104305724,15.9614,104305724,26.0202
104336518,17.2473,104336518,28.6901
104356795,16.2689,104356795,26.8635
104383939,17.6968,104383939,24.3368
104403759,17.6673,104403759,25.5446
104421787,17.1016,104421787,26.4213
104449994,18.1927,104449994,26.6767
104469681,17.6649,104469681,25.3288
104496422,19.9626,104496422,23.285
104523272,18.3639,104523272,26.8626
104538457,18.0749,104538457,23.9086
104553730,17.6388,104553730,22.6459
104569478,15.6453,104569478,27.6883
104590016,20.7531,104590016,24.454
104605427,17.033,104605427,22.4589
104621005,15.5812,104621005,24.687
104637658,17.172,104637658,24.7022
104651933,17.4992,104651933,24.2771
104670540,18.7032,104670540,24.4337
104701784,19.7123,104701784,29.0301
104732762,17.6655,104732762,25.5075
104746219,17.3267,104746219,24.6595
104761991,19.2836,104761991,25.2296
104778985,19.1006,104778985,29.1499
104788720,17.9545,104788720,27.6283
104825331,16.2745,104825331,24.3316
104850818,17.9368,104850818,26.1145
104882193,16.8607,104882193,29.5764
104913301,19.0511,104913301,27.0648
104933222,15.8482,104933222,28.9529
104949230,17.49,104949230,25.6484
104975659,17.2408,104975659,26.5858
104991106,14.5215,104991106,25.0728
105006716,17.3431,105006716,27.3556
105012235,15.749,105012235,27.025
105028600,15.8442,105028600,27.5579
105057151,17.2841,105057151,27.0388
105072369,14.708,105072369,26.2112
105083826,14.7491,105083826,24.8533
105103182,17.9067,105103182,24.5641
105129907,13.865,105129907,28.0765
105150606,14.2034,105150606,29.4738
105166693,13.8602,105166693,28.9725
105181324,15.0546,105181324,24.8105
105196427,15.8065,105196427,25.903
105212054,14.6235,105212054,25.1182
105239347,17.6636,105239347,26.9207
105254584,16.8798,105254584,26.4588
105259186,15.1859,105259186,26.5142
105275811,15.6811,105275811,24.5052
105302849,16.6419,105302849,24.207
105335805,15.8389,105335805,24.3969
105366423,15.849,105366423,27.5032
105385304,12.6672,105385304,29.8125
105400729,13.09,105400729,26.6183
105411893,14.7024,105411893,29.1237
105432547,14.5099,105432547,26.4542
105447299,12.425,105447299,24.5969
105463285,14.3634,105463285,25.6981
105479354,15.1109,105479354,29.9241
105489641,13.304,105489641,27.622
105510448,10.6871,105510448,27.1309
105525708,12.4522,105525708,27.4939
105541836,12.7507,105541836,24.1669
105556610,11.5261,105556610,24.6119
105572389,11.0635,105572389,23.9674
105583418,10.9222,105583418,25.4296
105604231,12.3134,105604231,28.2701
105623095,11.2739,105623095,27.2118
105660412,12.1127,105660412,24.7477
105675643,14.6647,105675643,26.1053
105706667,13.4706,105706667,26.2299
105721952,13.3047,105721952,26.3996
105732726,12.849,105732726,24.4679
105758758,12.8397,105758758,25.0347
105792417,10.4302,105792417,29.7451
105831057,9.88066,105831057,26.3244
105850944,11.0682,105850944,26.2546
105877336,9.28383,105877336,27.2034
105908634,11.3884,105908634,27.127
105932236,12.4614,105932236,25.0025
105971190,9.0471,105971190,26.3746
105987547,10.9976,105987547,25.3105
106008163,11.7815,106008163,26.1028
106039436,9.28793,106039436,28.5423
106080064,9.32134,106080064,28.7939
106111544,12.7111,106111544,29.8108
106131254,8.89587,106131254,28.8857
106146239,9.28393,106146239,27.8323
106162460,13.1268,106162460,27.5605
106178329,10.4412,106178329,24.8342
106193673,12.3846,106193673,24.8435
106221043,10.6139,106221043,26.7443
106251693,12.0026,106251693,27.2773
106272121,12.4195,106272121,25.516
106289852,11.8372,106289852,23.091
106319022,13.1584,106319022,24.798
106335243,11.4829,106335243,26.6867
106350171,13.9793,106350171,30.3312
106365577,9.81048,106365577,28.5941
106391040,11.5872,106391040,25.4745
106411584,13.0576,106411584,24.4125
106428028,13.6352,106428028,25.768
106443128,12.4615,106443128,26.2854
106457902,15.7708,106457902,26.2317
106473574,12.8855,106473574,23.7452
106488937,14.5776,106488937,24.794
106505480,13.6765,106505480,25.0319
106531658,14.4166,106531658,29.7035
106563322,14.7911,106563322,28.4816
106578928,16.9227,106578928,23.7513
106610700,15.5728,106610700,26.645
106632460,16.7242,106632460,22.8094
106661334,13.5156,106661334,24.7923
106676235,13.5187,106676235,22.834
106694164,13.6983,106694164,29.435
106736573,13.8909,106736573,26.7444
106756178,17.8685,106756178,24.2766
106771636,15.6662,106771636,24.7381
106786672,16.0792,106786672,26.4326
106802730,16.1526,106802730,26.9301
106817657,15.1651,106817657,24.5373
106843857,19.6485,106843857,27.5083
106859717,19.065,106859717,24.3931
106883708,15.1985,106883708,29.4517
106911497,17.8074,106911497,25.7791
106927044,18.7792,106927044,25.2959
106938228,18.5659,106938228,24.8774
106968272,16.8283,106968272,26.124
106973398,16.6889,106973398,27.1675
106991191,16.1386,106991191,23.9802
107031387,16.6927,107031387,29.4357
107062622,16.8278,107062622,28.7209
107079442,18.2176,107079442,27.7505
107100015,16.1773,107100015,27.7711
107126001,17.21,107126001,25.5497
107145607,16.7984,107145607,28.1087
107160803,17.248,107160803,26.6671
107176969,17.2418,107176969,25.2296
107199515,16.1221,107199515,24.8329
107233899,18.5364,107233899,27.3751
107241217,17.0757,107241217,26.8226
107249291,15.2581,107249291,25.7315
107269069,18.7018,107269069,24.2461
107285099,17.2026,107285099,25.507
107300346,17.3063,107300346,27.8958
107310983,19.5742,107310983,26.2758
107336309,19.9513,107336309,27.7828
107363629,16.1594,107363629,27.1916
107378834,18.4424,107378834,22.8207
107394571,18.6302,107394571,22.826
107420807,17.181,107420807,24.4294
107452100,16.1344,107452100,27.257
107483494,18.1103,107483494,24.4506
107503809,15.165,107503809,24.045
107519176,17.0066,107519176,26.1833
107534429,15.7023,107534429,25.7578
107553463,14.4827,107553463,23.2859
107592562,14.6343,107592562,30.2693
107611916,13.938,107611916,29.5413
107639689,15.2523,107639689,27.4662
107670582,15.0795,107670582,24.9475
107700179,15.4679,107700179,27.1126
107713720,16.2164,107713720,27.066
107738396,13.3096,107738396,25.5041
107763916,13.9631,107763916,23.3988
107783900,14.1894,107783900,21.7844
107809827,13.6863,107809827,24.8058
107830965,14.4241,107830965,23.3281
107857322,15.4249,107857322,20.064
107876549,12.879,107876549,21.3379
107894427,10.6468,107894427,21.4849
107934502,11.3426,107934502,20.7428
107956160,13.6806,107956160,22.4181
107971479,11.3948,107971479,26.2567
107998088,11.8333,107998088,22.4602
108013673,14.8757,108013673,23.3909
108029386,11.4418,108029386,21.1172
108052647,14.8685,108052647,26.7712
108081123,12.4521,108081123,24.1088
108096721,13.7455,108096721,21.7796
108108360,11.2737,108108360,26.8942
108128492,12.6768,108128492,23.9743
108169377,12.2201,108169377,23.2176
108185864,12.5357,108185864,25.9161
108201170,15.3581,108201170,30.2639
108232345,13.585,108232345,25.5405
108253191,14.7439,108253191,26.3713
108283868,15.3307,108283868,27.4375
108298423,13.7685,108298423,25.5467
108314590,15.8814,108314590,27.21
108330607,14.8087,108330607,27.3829
108341353,18.1524,108341353,26.264
108371999,19.1255,108371999,26.342
108403828,14.9863,108403828,28.2227
108435572,17.0795,108435572,29.9799
108456067,18.7281,108456067,27.8434
108471062,16.685,108471062,26.3772
108498633,14.9035,108498633,29.4155
108513964,14.1959,108513964,25.9876
108544308,17.5914,108544308,26.8676
108560213,17.6371,108560213,26.9512
108591960,13.9348,108591960,26.4309
108606963,17.3515,108606963,27.1405
108623044,15.7888,108623044,25.0397
108643434,14.875,108643434,26.6139
108670388,16.0948,108670388,30.833
108689427,15.22,108689427,26.8924
108706611,16.2986,108706611,31.5963
108738055,13.1232,108738055,26.0824
108762317,14.0917,108762317,28.9586
108783060,16.5977,108783060,28.8706
108798948,14.1897,108798948,27.45
108825444,17.1161,108825444,26.5169
108840598,15.1165,108840598,27.2362
108857182,15.4561,108857182,26.4492
108877327,16.4196,108877327,27.1501
108893907,16.1641,108893907,26.8556
108908633,14.9539,108908633,26.5086
108934848,15.4939,108934848,24.5085
108950185,15.6446,108950185,27.7294
108966166,14.9019,108966166,27.6264
108986443,17.2941,108986443,30.1232
109003293,16.7548,109003293,28.4337
109043637,15.3369,109043637,25.4791
109074252,16.127,109074252,24.8957
109090122,15.2515,109090122,27.3502
109105356,15.8216,109105356,26.6197
109125270,17.4507,109125270,25.04
109137200,15.5283,109137200,24.6009
109157069,14.501,109157069,23.1791
109184368,14.4142,109184368,29.9451
109214899,16.1663,109214899,26.9641
109235782,17.0003,109235782,24.3531
109250615,16.6824,109250615,28.1234
109266518,15.3375,109266518,26.8131
109280839,17.6301,109280839,28.0454
109298122,15.7024,109298122,26.8948
109315953,16.1268,109315953,27.1945
109324640,15.6673,109324640,22.9049
109356129,17.2997,109356129,23.5885
109378374,18.361,109378374,27.0438
109408499,15.9221,109408499,29.7398
109423405,15.8177,109423405,29.0012
109448945,14.5904,109448945,25.5857
109480391,15.4256,109480391,28.543
109500111,17.5878,109500111,26.0749
109516327,17.1958,109516327,22.4095
109545603,18.0428,109545603,26.3711
109574562,18.1719,109574562,28.9794
109593689,15.9546,109593689,26.193
109608662,16.7903,109608662,23.1902
109624177,16.1229,109624177,23.2106
109641215,18.0781,109641215,28.5227
109650464,16.127,109650464,26.4088
109670716,13.8922,109670716,23.4964
109697248,15.0162,109697248,25.727
109717177,14.3414,109717177,24.3609
109729604,13.5143,109729604,28.6689
109747749,16.1582,109747749,27.4039
109763187,14.66,109763187,27.1462
109791083,13.6869,109791083,25.4881
109815423,16.2053,109815423,26.4327
109826767,15.5344,109826767,26.9259
109842733,14.4843,109842733,30.7378
109853812,14.6967,109853812,25.6989
109884377,14.8961,109884377,29.851
109906325,13.9327,109906325,26.8451
109934978,15.2602,109934978,25.5994
109950059,14.234,109950059,26.4004
109976708,13.0899,109976708,25.4605
110009273,13.0964,110009273,25.8337
110028209,13.0212,110028209,26.201
110043965,14.4841,110043965,28.2642
110070801,15.6765,110070801,30.2659
110090850,12.7036,110090850,29.5577
110107447,15.4302,110107447,24.2602
110123108,15.0492,110123108,24.1945
110137676,15.9548,110137676,26.4694
110163702,18.2039,110163702,24.7092
110183886,16.1576,110183886,23.5011
110211027,15.5734,110211027,24.4519
110226107,15.5147,110226107,28.9356
110246017,17.5242,110246017,26.7595
110268288,17.4531,110268288,24.4437
110303882,14.6673,110303882,25.4296
110324454,19.7428,110324454,25.3766
110341384,16.3354,110341384,25.3574
110358335,14.6936,110358335,25.6389
110387744,17.3417,110387744,28.7289
110403359,16.0272,110403359,29.2822
110418726,15.2476,110418726,27.2049
110434382,18.1423,110434382,25.7122
110450621,16.039,110450621,25.3129
110461604,15.3328,110461604,27.0262
110492344,18.0128,110492344,25.9762
110508113,19.2986,110508113,23.2372
110528702,15.5354,110528702,24.2902
110543114,18.3708,110543114,24.854
110559222,16.9539,110559222,28.8032
110585030,17.6171,110585030,26.3356
110615832,15.5468,110615832,25.3586
110636928,18.6356,110636928,26.4968
110663864,17.0014,110663864,26.187
110683572,16.6044,110683572,24.218
110699677,15.2635,110699677,23.1391
110728194,15.9167,110728194,28.1492
110746924,19.1264,110746924,28.3335
110762245,15.8875,110762245,26.3833
110778385,15.4454,110778385,23.7937
110804851,18.7785,110804851,24.0675
110810452,17.692,110810452,23.873
110835077,17.0606,110835077,23.3989
110858628,19.5952,110858628,28.5743
110897755,18.8342,110897755,23.0165
110918320,17.241,110918320,23.6225
110949080,19.8531,110949080,24.6635
110963416,18.7899,110963416,26.1138
110978318,16.7299,110978318,29.3624
111005517,18.6983,111005517,24.1352
111025854,16.8033,111025854,24.5152
111051019,17.656,111051019,25.1343
111071518,19.6233,111071518,22.6192
111086146,17.0694,111086146,23.5309
111102542,18.8289,111102542,26.8292
111129793,17.6381,111129793,25.9042
111145306,19.4341,111145306,29.3528
111161833,18.2333,111161833,25.5654
111180937,17.6662,111180937,26.0896
111196792,17.0389,111196792,26.7826
111212656,19.33,111212656,25.6729
111230234,18.8068,111230234,25.69
111258748,16.5939,111258748,28.547
111274740,16.8287,111274740,24.8695
111300346,19.5027,111300346,22.6069
111304953,18.3604,111304953,25.3928
111320115,16.0033,111320115,24.9462
111346972,18.6404,111346972,23.5526
111362098,17.6245,111362098,24.2469
111377695,16.6758,111377695,30.0208
111398309,14.9249,111398309,29.7985
111413912,18.2249,111413912,28.4595
111441767,18.7384,111441767,26.3614
111462086,16.7821,111462086,27.6949
111490740,15.8915,111490740,25.9869
111517993,16.1316,111517993,23.9169
111536953,13.7202,111536953,26.8827
111552196,17.1705,111552196,29.0398
111568065,15.0743,111568065,29.28
111595413,13.975,111595413,26.8227
111617798,14.5243,111617798,25.1923
111656712,14.6648,111656712,27.054
111676220,14.7726,111676220,27.3494
111691463,15.3301,111691463,24.8911
111707591,13.9105,111707591,24.3571
111733819,16.7438,111733819,22.7381
111750911,14.8639,111750911,24.081
111765957,14.3631,111765957,30.476
111797319,15.0564,111797319,24.5739
111812556,14.3222,111812556,30.1945
111835457,17.0749,111835457,25.3357
111866572,14.1951,111866572,29.1078
111894970,17.4148,111894970,25.2738
111910572,16.8799,111910572,26.7332
111930197,15.7024,111930197,24.8157
111957673,16.7282,111957673,23.3914
111984614,14.447,111984614,25.0044
112000091,15.1229,112000091,27.4987
112015941,16.1538,112015941,29.3225
112036079,17.9218,112036079,28.5231
112051557,15.2898,112051557,27.6049
112067388,14.4907,112067388,25.9157
112086011,13.343,112086011,24.8007
112115229,15.6357,112115229,27.9619
112131177,13.2681,112131177,26.8523
112146102,16.7804,112146102,28.99
112161378,14.3578,112161378,25.7113
112182538,14.2287,112182538,24.181
112207783,18.046,112207783,24.7092
112223256,14.234,112223256,26.6549
112237858,17.9368,112237858,27.3233
112265396,14.3103,112265396,27.054
112270731,15.2273,112270731,30.4083
112285701,15.3244,112285701,29.9546
112301221,13.7727,112301221,27.0268
112328560,13.2633,112328560,30.3326
112360661,13.9248,112360661,25.4028
112391957,13.4792,112391957,26.9254
112412298,16.1842,112412298,24.6358
112430446,15.1508,112430446,25.3055
112457993,13.895,112457993,24.9013
112474223,16.7694,112474223,25.0915
112490440,15.3623,112490440,24.0812
112505538,14.908,112505538,27.4884
112516618,13.9262,112516618,29.2152
112536011,17.0731,112536011,30.063
112561951,15.8108,112561951,29.3656
112593031,13.4679,112593031,29.9966
112608183,16.9587,112608183,28.753
112624323,13.8914,112624323,29.8977
112641056,12.9072,112641056,25.6004
112661336,15.7088,112661336,26.3355
112680218,14.0627,112680218,25.5435
112707807,14.4559,112707807,25.7587
112734973,14.0494,112734973,27.11
112751833,13.2079,112751833,28.0772
112770178,13.058,112770178,25.6039
112781402,14.708,112781402,26.0357
112801250,14.8648,112801250,24.8721
112811758,15.2688,112811758,22.5263
112832595,17.2943,112832595,24.5054
112848942,16.8952,112848942,25.721
112863806,17.7984,112863806,29.3165
112889285,16.8228,112889285,26.4346
112920961,19.2236,112920961,26.4301
112936631,16.401,112936631,24.575
112957299,20.9657,112957299,25.6344
112973147,18.7899,112973147,27.6944
112990432,21.5553,112990432,23.938
113019316,17.6699,113019316,25.1545
113030348,20.1077,113030348,26.1594
113062476,18.0433,113062476,26.5709
113094186,19.012,113094186,24.8908
113113350,18.4992,113113350,28.7435
113140197,17.5981,113140197,28.0028
113161040,17.7032,113161040,25.8395
113186562,20.9317,113186562,24.7041
113191594,17.4516,113191594,24.1214
113207682,17.6308,113207682,28.2893
113222776,18.2328,113222776,30.2373
113240118,15.7475,113240118,27.2356
113269480,19.6057,113269480,26.0572
113287724,16.0534,113287724,25.0154
113326391,15.4455,113326391,26.2029
113347802,19.8847,113347802,27.9417
113362800,15.5346,113362800,26.6731
113381415,16.2729,113381415,26.4605
113421057,18.5557,113421057,23.8749
113441677,16.8159,113441677,24.8111
113456696,16.0477,113456696,23.3704
113472735,16.122,113472735,26.1357
113490890,15.7547,113490890,30.4449
113519474,15.0798,113519474,28.0449
113546621,15.3565,113546621,29.6502
113565930,17.1059,113565930,26.5393
113580480,15.0803,113580480,29.709
113599257,15.5089,113599257,26.4196
113638440,14.4129,113638440,25.3146
113653822,17.6203,113653822,26.7025
113669857,15.171,113669857,26.132
113692684,15.4715,113692684,29.2314
113720546,17.0319,113720546,27.6195
113735107,14.4565,113735107,28.1477
113752217,17.7266,113752217,26.8272
113766438,15.749,113766438,29.5423
113783942,15.8037,113783942,26.86
113799037,16.8285,113799037,27.7752
113814890,15.5057,113814890,23.2626
113828987,18.3564,113828987,24.5083
113848263,17.7748,113848263,25.3985
113877705,14.2482,113877705,25.0294
113895023,17.5476,113895023,27.2376
113904668,13.7137,113904668,29.6027
113935080,15.0114,113935080,24.2138
113957367,16.4202,113957367,26.124
113965237,17.5913,113965237,25.9759
113997488,16.7185,113997488,22.379
114016668,15.9794,114016668,22.5974
114033801,14.564,114033801,28.9782
114059818,13.2729,114059818,24.6853
114081110,17.5539,114081110,25.1609
114106816,17.9013,114106816,24.7145
114127039,15.4376,114127039,23.3771
114136919,17.2461,114136919,25.4681
114167498,12.5406,114167498,26.1453
114198207,15.9479,114198207,25.6471
114218191,13.508,114218191,27.7425
114245280,15.3149,114245280,23.9701
114260470,15.8795,114260470,25.7059
114281001,13.09,114281001,26.0947
114300490,12.6705,114300490,27.2464
114340708,13.489,114340708,23.8868
114359618,13.4139,114359618,25.3397
114375627,12.6176,114375627,26.5191
114401830,14.3265,114401830,25.9569
114417400,13.0641,114417400,23.6992
114449353,13.5129,114449353,28.4824
114470423,11.8502,114470423,26.4514
114495785,14.3628,114495785,26.5482
114511370,13.016,114511370,24.1222
114531043,15.3938,114531043,23.0287
114548484,15.0054,114548484,27.5923
114577152,10.8549,114577152,25.0709
114593043,11.4878,114593043,21.5618
114608572,11.3066,114608572,19.3352
114639937,13.5079,114639937,22.031
114680148,15.0851,114680148,22.4331
114698106,14.9022,114698106,19.6247
114716616,12.4608,114716616,26.8692
114744297,13.2986,114744297,22.9311
114762681,15.6267,114762681,25.3907
114778334,12.2883,114778334,21.9163
114794806,15.596,114794806,22.7882
114815428,13.9271,114815428,24.0644
114826662,15.655,114826662,28.1086
114852558,16.2249,114852558,23.8366
114871931,15.2189,114871931,25.2248
114889875,13.0483,114889875,24.6383
114918371,16.1111,114918371,25.1169
114945366,12.8436,114945366,27.9896
114961443,11.2457,114961443,23.1639
114992906,12.609,114992906,26.5272
115023972,13.0281,115023972,23.2173
115055351,15.148,115055351,24.4397
115085806,15.7111,115085806,28.8958
115109720,16.3299,115109720,24.1368
115136862,14.3802,115136862,24.6671
115152364,15.2583,115152364,25.6473
115168461,17.8597,115168461,29.7046
115179554,16.1892,115179554,26.9165
115201892,17.3186,115201892,29.6262
115210674,14.728,115210674,25.3204
115241665,16.7641,115241665,25.1469
115261972,14.4772,115261972,25.9084
115276970,17.0611,115276970,30.5921
115292192,16.0836,115292192,28.2445
115308747,15.0906,115308747,24.9052
115318689,15.0369,115318689,27.4363
115338941,13.303,115338941,28.0829
115359863,13.3606,115359863,24.6326
115386338,14.488,115386338,25.1665
115401958,13.8863,115401958,30.0179
115423477,13.5042,115423477,26.53
115460494,15.326,115460494,22.3813
115480250,15.3557,115480250,24.1539
115495604,14.0951,115495604,22.9867
115511722,16.775,115511722,28.0702
115526665,14.5901,115526665,29.4771
115552223,14.4196,115552223,28.8567
115573426,17.3155,115573426,24.7492
115601181,16.2425,115601181,24.3813
115621216,13.8972,115621216,25.6472
115636875,17.7523,115636875,29.2732
115647781,18.2773,115647781,24.8734
115678599,18.2096,115678599,25.2607
115709796,15.7855,115709796,26.8641
115729459,17.0339,115729459,27.2752
115745771,17.2293,115745771,24.4367
115764948,16.8197,115764948,27.2204
115802903,15.2637,115802903,28.6811
115818650,15.4358,115818650,26.754
115848975,18.4147,115848975,26.076
115864701,15.5354,115864701,26.5972
115869956,15.164,115869956,25.2768
115887050,14.3206,115887050,27.333
115916295,15.7127,115916295,26.4821
115933009,13.455,115933009,26.1509
115948491,17.832,115948491,30.0894
115975621,17.9997,115975621,29.186
115995256,13.9756,115995256,26.4482
116012856,14.5551,116012856,26.232
116041958,14.7346,116041958,25.302
116060318,14.2537,116060318,26.7165
116100143,13.6829,116100143,28.4066
116120796,16.7704,116120796,28.0007
116135355,14.5859,116135355,27.4443
116152269,15.2889,116152269,25.4023
116161591,13.2618,116161591,23.4325
116180996,18.3098,116180996,25.8778
116196876,13.5081,116196876,25.2798
116212466,14.7956,116212466,27.8098
116224078,13.268,116224078,26.7075
116244650,16.8596,116244650,30.1343
116262584,15.4203,116262584,30.8038
116292378,14.8685,116292378,27.6637
116307324,15.8025,116307324,24.6982
116322954,15.3461,116322954,23.461
116338682,13.5959,116338682,26.2229
116353975,14.652,116353975,26.6066
116381184,13.8595,116381184,28.4069
116404793,13.264,116404793,24.4375
116432720,15.5413,116432720,23.6147
116448544,14.6247,116448544,30.4732
116462873,17.4404,116462873,26.1214
116474655,18.0785,116474655,29.4865
116495189,17.2359,116495189,30.4373
116510292,16.2776,116510292,32.1828
116526583,16.3821,116526583,27.7875
116541579,15.4076,116541579,24.9476
116566899,18.493,116566899,25.2011
116572115,15.6082,116572115,26.4942
116587857,20.3499,116587857,27.9095
116614297,15.9226,116614297,29.4315
116645099,19.4296,116645099,28.045
116660672,16.7228,116660672,28.9857
116676068,17.9078,116676068,26.8845
116696691,18.1632,116696691,26.4119
116714226,18.7506,116714226,25.7177
116723373,18.0898,116723373,25.2436
116744106,17.9136,116744106,28.1134
116758570,20.2988,116758570,29.7765
116774196,15.3622,116774196,29.88
116790288,18.3975,116790288,30.1595
116805568,18.0023,116805568,27.659
116831800,17.032,116831800,25.191
116847249,18.2239,116847249,24.9834
116863219,17.7353,116863219,26.8696
116871202,20.1454,116871202,26.9379
116910023,16.5672,116910023,27.6226
116931955,21.7274,116931955,27.5169
116946363,19.8233,116946363,27.9347
116973991,20.4809,116973991,27.3537
117005755,16.0808,117005755,25.8425
117036455,17.0359,117036455,24.9012
117056313,17.3877,117056313,27.1488
117072520,16.4267,117072520,28.4644
117114047,15.949,117114047,30.1344
117133339,19.6428,117133339,29.7904
117148968,15.9927,117148968,25.5743
117164653,15.963,117164653,26.5168
117181030,17.0379,117181030,26.1324
117195233,16.954,117195233,25.4869
117210531,17.3117,117210531,29.2568
117221888,17.5187,117221888,26.289
117242335,15.4751,117242335,28.0201
117269190,15.4608,117269190,29.2592
117288593,18.5409,117288593,27.177
117315133,15.3389,117315133,27.3092
117345727,16.7084,117345727,28.2388
117362007,16.3938,117362007,27.0358
117376371,17.0579,117376371,24.7186
117395940,16.4579,117395940,27.0764
117412181,16.6018,117412181,25.6176
117452684,16.4235,117452684,31.2046
117473574,18.5795,117473574,30.5408
117488812,16.713,117488812,29.461
117505064,19.3954,117505064,25.3937
117545889,17.4882,117545889,28.3091
117561476,18.0444,117561476,26.8908
117592145,17.0329,117592145,27.031
117607939,16.2933,117607939,27.3542
117623922,13.1006,117623922,29.0536
117656089,14.3721,117656089,27.5919
117676604,18.2875,117676604,24.7273
117692054,14.6592,117692054,24.6397
117718856,14.6624,117718856,24.1559
117752543,16.5672,117752543,29.0672
117770067,15.2209,117770067,25.2612
117786064,17.6873,117786064,23.3682
117813613,15.2523,117813613,24.6917
117829351,16.7502,117829351,25.4288
117845618,13.5203,117845618,26.1386
117860855,13.2627,117860855,24.6403
117884616,13.8954,117884616,29.5256
117923993,14.336,117923993,22.4361
117945108,13.0909,117945108,25.4961
117959918,15.2158,117959918,25.2246
117971310,12.4318,117971310,20.6577
117991856,15.012,117991856,24.6509
118007455,12.6091,118007455,27.9377
118023422,15.7017,118023422,23.4234
118038597,11.1011,118038597,23.5422
118065432,14.1537,118065432,25.8901
118070195,11.6043,118070195,21.3857
118096237,13.6539,118096237,24.3585
118111853,11.646,118111853,25.8518
118127070,14.6963,118127070,24.5637
118147588,11.839,118147588,22.9904
118175443,10.6445,118175443,25.896
118205542,12.6076,118205542,25.486
118221068,12.7024,118221068,26.9704
118240804,11.6447,118240804,29.1886
118256768,10.8594,118256768,27.4037
118283455,14.865,118283455,24.8792
118299333,11.5139,118299333,23.4831
118315446,12.1053,118315446,25.6536
118331410,10.8665,118331410,24.9726
118346785,10.6815,118346785,23.3115
118362870,14.5197,118362870,21.918
118378099,14.9014,118378099,26.818
118407803,12.8758,118407803,22.8116
118423802,15.9432,118423802,24.3084
118440015,15.2471,118440015,25.5112
118454605,13.8546,118454605,22.3929
118477576,13.0524,118477576,27.2275
118505142,16.2992,118505142,24.1093
118520250,12.2148,118520250,25.6789
118538341,12.6351,118538341,27.6951
118568147,16.5602,118568147,26.1855
118584328,16.0108,118584328,22.6767
118616141,15.9873,118616141,25.1356
118625521,13.8239,118625521,28.1807
118655692,11.3157,118655692,30.8385
118660412,13.2994,118660412,26.5288
118676192,11.3499,118676192,23.8636
118692807,11.5437,118692807,26.6112
118733457,14.7332,118733457,24.9247
118765588,15.7498,118765588,23.6618
118787138,17.2723,118787138,28.076
118826621,13.4928,118826621,25.0568
118842915,14.4506,118842915,27.8635
118863557,15.1958,118863557,27.0634
118878812,15.148,118878812,24.5852
118906029,15.0791,118906029,24.8146
118926167,13.4687,118926167,28.2645
118944190,12.4317,118944190,26.6485
118984513,13.6783,118984513,23.4734
119002430,17.4067,119002430,24.1865
119017985,13.6868,119017985,27.489
119036148,14.9113,119036148,29.6321
119075737,16.8997,119075737,29.7726
119083349,14.771,119083349,28.5969
119114092,16.6552,119114092,25.2349
119128106,14.4202,119128106,26.0266
119144568,18.4608,119144568,24.8728
119160778,15.7393,119160778,26.7637
119187457,14.9017,119187457,28.0682
119205924,18.3737,119205924,26.5273
119221919,15.3262,119221919,25.4977
119248208,19.1686,119248208,24.9239
119268000,18.4921,119268000,26.1664
119283292,17.7972,119283292,29.3326
119298734,17.6711,119298734,29.65
119314715,16.5665,119314715,28.4594
119341054,18.8916,119341054,30.71
119356274,17.881,119356274,31.6481
119372208,21.5287,119372208,29.9161
119395675,20.1432,119395675,25.7195
119426326,19.2981,119426326,26.8523
119465934,20.969,119465934,27.4897
119497941,19.4481,119497941,26.2645
119517743,21.237,119517743,27.0798
119533712,17.0696,119533712,23.3533
119549800,19.059,119549800,24.4661
119576630,18.447,119576630,23.4458
119590749,18.0163,119590749,28.9656
119611319,19.3036,119611319,29.5263
119627685,19.3584,119627685,25.7702
119644910,19.5828,119644910,24.2784
119685669,16.162,119685669,27.5471
119705486,20.7501,119705486,22.765
119731958,15.9184,119731958,27.201
119749815,15.916,119749815,29.1803
119779019,17.7295,119779019,26.2258
119799381,15.8757,119799381,24.8741
119830322,15.2569,119830322,25.9993
119846554,14.6766,119846554,27.5532
119861992,13.4816,119861992,29.0958
119877723,14.3164,119877723,27.9598
119895206,14.4979,119895206,26.6853
119935672,14.1311,119935672,25.8144
119940586,13.2955,119940586,24.1395
119956213,15.1776,119956213,25.1342
119972031,14.4066,119972031,26.2657
119989777,11.5271,119989777,28.3169
120017807,13.7183,120017807,29.4906
120033317,11.8383,120033317,28.0969
120049487,14.864,120049487,30.5786
120066367,10.7227,120066367,29.5985
120091880,12.369,120091880,26.5869
120111924,12.6664,120111924,25.2296
120127283,14.9431,120127283,25.3396
120142770,11.107,120142770,25.5457
120153396,15.7378,120153396,29.6024
120175038,12.4665,120175038,25.5632
120193179,12.8074,120193179,24.1548
120231940,15.1151,120231940,25.1922
120240034,15.0395,120240034,27.0675
120278284,15.9948,120278284,30.6046
120298715,13.9232,120298715,29.5639
120315007,14.7546,120315007,30.4086
120329442,13.1214,120329442,30.1953
120347344,14.2083,120347344,26.0133
120386642,14.5813,120386642,25.1569
120403255,15.3883,120403255,26.4759
120422597,14.3619,120422597,27.0681
120449885,12.6398,120449885,28.3113
120469183,16.0569,120469183,27.2837
120495536,12.8123,120495536,28.2072
120500399,15.4663,120500399,24.8072
120516276,13.639,120516276,25.0541
120527820,14.3303,120527820,27.3809
120558924,12.572,120558924,24.0097
120590655,10.6854,120590655,29.604
120610065,14.8377,120610065,30.0581
120626293,12.7066,120626293,28.4408
120651624,13.1902,120651624,30.3074
120667188,10.6871,120667188,28.1986
120671735,12.4196,120671735,23.1915
120683565,11.6041,120683565,25.4407
120704257,13.5094,120704257,25.9676
120719750,12.3938,120719750,26.3238
120746916,15.3162,120746916,27.8696
120765952,13.1709,120765952,26.2039
120776685,15.1148,120776685,27.4264
120799540,12.1053,120799540,24.5674
120828123,12.4782,120828123,24.2299
120854270,11.4879,120854270,25.0734
120859095,12.5403,120859095,26.4815
120874343,12.2515,120874343,26.8754
120890338,14.3408,120890338,25.9083
120907015,12.7755,120907015,30.2409
120941911,14.7894,120941911,30.8959
120969132,14.4113,120969132,27.2194
120998610,10.7154,120998610,29.1316
121013814,15.4206,121013814,26.1676
121043618,12.2208,121043618,26.163
121070767,15.2985,121070767,25.8298
121086417,11.8322,121086417,28.2079
121101335,15.2132,121101335,27.2709
121106854,13.1795,121106854,28.7726
121132645,12.8129,121132645,27.7312
121137547,12.4236,121137547,28.5499
121156641,11.8971,121156641,25.8382
121196239,11.3147,121196239,24.6684
121218742,12.9178,121218742,24.5391
121257844,14.5251,121257844,23.1951
121278271,12.0482,121278271,24.032
121293862,16.1698,121293862,24.2071
121309372,13.5777,121309372,25.0487
121335584,13.9277,121335584,25.6687
121355672,15.6327,121355672,28.0022
121370852,15.5355,121370852,24.4457
121386592,14.0223,121386592,22.6402
121414885,14.369,121414885,26.7019
121434082,18.115,121434082,23.4774
121460450,15.456,121460450,25.4003
121476620,16.5931,121476620,28.8323
121501029,15.0796,121501029,23.7977
121539098,16.735,121539098,24.8773
121559117,14.8027,121559117,23.9054
121585471,17.4777,121585471,20.7829
121600482,15.0111,121600482,28.0367
121631880,15.7887,121631880,23.1117
121652328,13.5535,121652328,26.1499
121667077,15.8102,121667077,25.8339
121683120,13.8642,121683120,24.5283
121700950,15.0114,121700950,26.8787
121730359,17.4532,121730359,22.3943
121744737,17.1664,121744737,25.7579
121761574,16.0422,121761574,24.0761
121772733,16.4145,121772733,25.753
121804624,14.055,121804624,27.4762
121824913,16.9537,121824913,25.5384
121842177,16.0217,121842177,23.0171
121872157,13.6516,121872157,27.0066
121888371,13.0854,121888371,29.1504
121918368,16.5185,121918368,26.634
121934194,13.2749,121934194,25.0989
121957488,14.1531,121957488,26.4293
121980457,16.6757,121980457,28.4614
121996487,14.3726,121996487,27.5828
122012384,16.3821,122012384,27.1322
122027387,13.9277,122027387,23.9616
122054774,12.9497,122054774,22.6561
122076505,12.676,122076505,27.0713
122108523,13.829,122108523,27.2165
122147236,14.9166,122147236,25.6174
122151936,13.9349,122151936,24.9481
122168092,14.5267,122168092,24.767
122193416,13.1379,122193416,26.9599
122214581,13.3069,122214581,23.2359
122254905,12.2217,122254905,27.4947
122274876,15.19,122274876,27.5985
122289436,18.3461,122289436,23.3598
122303091,17.7975,122303091,27.7405
122321347,14.4772,122321347,25.2165
122337067,18.5289,122337067,24.8437
122353209,15.1166,122353209,26.9949
122368196,16.0784,122368196,26.6632
122383478,13.9366,122383478,24.8022
122395329,15.0395,122395329,23.5673
122417239,14.8018,122417239,24.8553
122445908,18.5282,122445908,29.6572
122472309,16.1267,122472309,29.7273
122488108,17.9794,122488108,29.5327
122503801,16.7292,122503801,25.0238
122523791,15.0436,122523791,26.8858
122538766,17.4769,122538766,29.2244
122549146,16.0498,122549146,27.551
122568827,15.0114,122568827,23.9131
122584086,16.0844,122584086,25.0963
122599382,14.7757,122599382,23.58
122616849,17.1052,122616849,24.1799
122643576,14.8347,122643576,27.9394
122662897,15.0881,122662897,25.8988
122678997,14.0593,122678997,28.2852
122705412,13.7249,122705412,29.0446
122725643,16.724,122725643,28.3238
122754620,17.4809,122754620,25.9717
122784579,15.4615,122784579,24.9355
122800381,15.8893,122800381,24.4849
122820076,13.5639,122820076,23.4716
122835155,15.0481,122835155,24.8339
122849979,14.635,122849979,25.2861
122867773,14.463,122867773,22.5762
122896873,14.3359,122896873,24.0688
122912613,15.2586,122912613,26.3594
122927985,16.5241,122927985,27.3392
122943682,15.0741,122943682,23.8703
122960001,17.3463,122960001,23.1445
122976319,16.7185,122976319,29.5977
123004829,15.774,123004829,28.2227
123020513,13.9916,123020513,26.3677
123048214,14.4073,123048214,26.8126
123070103,15.2875,123070103,27.4483
123098252,17.651,123098252,27.9347
123115918,18.1585,123115918,25.1972
123144547,15.8808,123144547,24.3665
123159099,16.0846,123159099,25.8728
123185452,17.6551,123185452,28.9406
123216098,18.2223,123216098,31.3723
123237725,17.6657,123237725,29.5258
123252785,20.3443,123252785,31.0251
123268850,18.3748,123268850,25.244
123277985,18.8071,123277985,25.4751
123298322,18.3299,123298322,28.8102
123309478,17.9385,123309478,27.1863
123329388,17.9889,123329388,27.5692
123345147,19.7902,123345147,27.2852
123359999,19.6438,123359999,27.6917
123376062,17.3595,123376062,27.136
123391838,21.0223,123391838,26.4309
123408101,18.1252,123408101,23.2245
123425205,21.3306,123425205,25.0474
123434152,20.6873,123434152,25.3114
123454434,16.6817,123454434,26.6927
123471005,16.8214,123471005,29.104
123480396,16.9994,123480396,30.982
123501040,18.3511,123501040,25.2807
123519994,18.5677,123519994,29.2456
123548492,19.8227,123548492,24.7499
123558200,20.3405,123558200,28.1891
123578850,16.2477,123578850,26.228
123594489,18.1593,123594489,26.6289
123610084,17.9378,123610084,29.9986
123641009,17.9605,123641009,28.2478
123656662,16.8293,123656662,26.8434
123671122,16.776,123671122,26.8007
123687484,18.4889,123687484,27.9161
123702680,17.236,123702680,26.1607
123728681,17.5092,123728681,26.6533
123761253,19.9875,123761253,28.2305
123779712,15.9158,123779712,29.1949
123794977,17.6353,123794977,27.2033
123810587,14.876,123810587,25.2618
123821483,17.1064,123821483,24.7601
123842040,18.2094,123842040,24.404
123858558,16.2986,123858558,23.0703
123875329,16.3862,123875329,29.8872
123904663,14.5583,123904663,28.3362
123919865,16.9499,123919865,27.9205
123946801,15.7041,123946801,25.4861
123951894,18.2046,123951894,24.9802
123967768,18.6685,123967768,26.8559
123997821,15.3532,123997821,23.6656
124013910,15.708,124013910,24.8791
124054477,15.2586,124054477,29.7935
124071427,16.7711,124071427,23.1589
124090741,18.0405,124090741,24.9978
124105882,18.7038,124105882,26.2822
124123770,18.3942,124123770,22.4849
124162301,15.9118,124162301,24.1913
124177823,18.6554,124177823,25.3178
124193536,17.9439,124193536,27.2668
124216828,17.4187,124216828,24.3868
124257266,17.2832,124257266,28.3704
124276799,14.6611,124276799,26.3703
124293888,15.2224,124293888,23.5808
124335540,14.4567,124335540,23.5461
124355877,13.7241,124355877,26.8208
124366931,14.5251,124366931,26.1403
124387270,14.9129,124387270,29.9497
124403318,15.2571,124403318,27.9785
124418344,15.0087,124418344,28.3183
124434825,15.6389,124434825,26.4026
124468967,15.0074,124468967,27.2376
124505644,14.4446,124505644,26.935
124537031,13.6554,124537031,25.305
124569093,13.2948,124569093,25.785
124600184,13.1356,124600184,30.9872
124620144,13.294,124620144,24.0805
124631300,14.4552,124631300,29.6082
124662605,14.7386,124662605,31.0928
124677412,13.6394,124677412,28.7255
124699007,15.9881,124699007,27.8772
124727179,13.0956,124727179,26.4868
124755233,13.0853,124755233,27.6734
124777832,13.2681,124777832,28.8677
124811307,13.9277,124811307,28.8974
124836979,13.5481,124836979,27.3827
124853508,14.4563,124853508,29.0112
124868751,13.4688,124868751,27.5189
124884595,15.4303,124884595,27.2684
124899711,13.6548,124899711,25.8561
124915594,14.8292,124915594,26.228
124925948,12.6303,124925948,24.1181
124956967,18.3038,124956967,25.1771
124962214,17.3422,124962214,31.2358
124994284,17.765,124994284,27.0078
125023485,14.8389,125023485,29.0311
125041164,17.4188,125041164,24.3821
125082282,17.6554,125082282,26.5949
125113463,17.3525,125113463,24.2949
125144234,15.9938,125144234,28.2789
125165611,15.0475,125165611,25.7639
125179886,16.8608,125179886,23.4557
125195343,18.5289,125195343,24.2876
125221517,16.9958,125221517,23.4954
125240790,16.1717,125240790,26.8095
125256646,17.204,125256646,21.3728
125267217,17.8025,125267217,22.8535
125288024,16.0585,125288024,24.8586
125303168,17.0894,125303168,25.778
125314014,18.4215,125314014,23.5116
125339917,20.2407,125339917,24.2424
125366405,16.6812,125366405,28.4054
125384161,17.3893,125384161,23.484
125413792,17.23,125413792,24.3303
125428646,17.2077,125428646,24.686
125447277,16.7752,125447277,22.624
125477515,20.099,125477515,25.2475
125492004,16.251,125492004,28.4872
125507397,17.7725,125507397,28.1903
125523035,17.9687,125523035,25.9361
125539474,18.1165,125539474,23.9275
125554945,19.5792,125554945,26.0546
125587632,19.7177,125587632,22.5562
125616030,17.1173,125616030,24.947
125627330,17.8382,125627330,23.0826
125648392,18.147,125648392,25.0323
125677987,18.0803,125677987,24.8653
125700675,17.0959,125700675,24.5135
125723831,19.4788,125723831,23.456
125752138,18.9286,125752138,20.1288
125766921,17.7771,125766921,22.4505
125788119,16.0861,125788119,20.6345
125818123,19.8949,125818123,23.7014
125833374,15.9941,125833374,26.6998
125849554,17.8267,125849554,22.2205
125865615,18.5616,125865615,23.532
125880435,17.9106,125880435,20.9445
125906504,17.6319,125906504,22.2642
125921866,18.6709,125921866,22.2555
125945859,17.7676,125945859,20.7804
125953318,17.9116,125953318,25.9406
125984365,16.0968,125984365,21.6035
126000227,20.3148,126000227,23.4344
126004633,16.0463,126004633,25.905
126014846,15.9171,126014846,28.446
126038353,15.8846,126038353,25.7879
126077134,19.0851,126077134,25.8961
126093396,14.7735,126093396,21.3715
126114039,16.6044,126114039,25.0871
126140157,15.8766,126140157,28.8249
126155386,16.6025,126155386,23.4872
126177078,17.144,126177078,25.1568
126192478,16.6494,126192478,26.8779
126203208,15.9451,126203208,24.8836
126224512,18.3873,126224512,21.8859
126239463,15.9529,126239463,24.5743
126266923,15.2577,126266923,28.2549
126289593,15.2539,126289593,24.1047
126318412,13.483,126318412,24.4311
126345641,13.6541,126345641,28.4735
126365484,16.859,126365484,26.5682
126381693,15.9854,126381693,24.8901
126410576,12.8171,126410576,28.7303
126426341,16.552,126426341,28.9442
126442270,12.6399,126442270,28.5898
126469145,13.9396,126469145,27.0957
126491889,13.021,126491889,26.8668
126520174,15.4207,126520174,27.3417
126534847,14.3196,126534847,26.9591
126546090,15.4257,126546090,25.5225
126566594,15.7853,126566594,23.9176
126598639,15.9228,126598639,28.8393
126606844,12.6656,126606844,29.0071
126638461,12.0121,126638461,24.7647
126657903,14.7346,126657903,24.6335
126674201,13.8186,126674201,25.9477
126695404,12.6717,126695404,26.3703
126732405,12.2956,126732405,26.4971
126748162,13.1974,126748162,28.455
126769155,13.9392,126769155,26.1872
126797698,15.0435,126797698,23.3383
126832039,16.1891,126832039,26.6978
126853261,14.1492,126853261,29.9202
126887465,11.4263,126887465,30.16
126898585,15.148,126898585,26.2669
126926943,15.3251,126926943,25.5483
126956462,13.9729,126956462,27.1763
126972356,13.6344,126972356,26.994
126989569,13.8331,126989569,25.9897
127019723,11.5137,127019723,24.2943
127034099,12.2787,127034099,27.4938
127045250,11.3092,127045250,25.4941
127065283,10.8586,127065283,23.4358
127092351,10.0531,127092351,30.0185
127113259,14.8272,127113259,31.0928
127128382,11.864,127128382,30.023
127144373,13.6076,127144373,29.021
127159823,11.8389,127159823,28.758
127175473,13.6773,127175473,27.7649
127191209,12.6451,127191209,29.7681
127207982,12.2169,127207982,25.1536
127241580,12.113,127241580,26.4853
127269552,13.0844,127269552,29.5619
127278586,12.0823,127278586,25.7337
127299348,13.5173,127299348,22.8199
127314334,13.852,127314334,23.532
127341952,13.8909,127341952,22.2608
127356696,13.2353,127356696,27.2265
127373056,14.7337,127373056,27.9376
127400149,12.9936,127400149,23.8273
127424735,13.7548,127424735,24.6231
127451393,14.4859,127451393,21.1994
127472740,13.29,127472740,21.2954
127502616,15.3841,127502616,23.9457
127527769,12.9528,127527769,20.2212
127543428,15.1228,127543428,20.117
127559124,16.6808,127559124,21.6903
127590121,13.3402,127590121,23.4703
127596104,13.4774,127596104,22.0134
127627384,14.5406,127627384,23.3384
127636588,14.9007,127636588,26.396
127657337,15.3204,127657337,23.2506
127683767,14.4521,127683767,27.7517
127698599,14.6541,127698599,25.0852
127719883,14.3792,127719883,24.3099
127737360,13.2403,127737360,23.3569
127768861,13.1452,127768861,28.9964
127800304,16.1334,127800304,24.8467
127829621,13.8916,127829621,25.725
127845290,15.0482,127845290,27.246
127876390,16.6778,127876390,26.6206
127885740,16.5626,127885740,27.2057
127908333,17.3758,127908333,28.0965
127937111,14.8649,127937111,28.6699
127962762,13.9395,127962762,25.282
127983474,18.0456,127983474,25.0515
127999875,13.9233,127999875,25.1239
128020553,14.456,128020553,27.2284
128057355,14.2796,128057355,24.0071
128077727,13.1984,128077727,25.0647
128092146,15.7077,128092146,24.8726
128118702,13.2359,128118702,26.8126
128149760,9.67535,128149760,25.6487
128164756,12.3861,128164756,24.4531
128196618,12.2089,128196618,25.6382
128217713,11.0949,128217713,28.1087
128251294,12.8593,128251294,24.7412
128280238,13.191,128280238,22.689
128306542,13.4413,128306542,26.9122
128328488,12.0209,128328488,30.0946
128343663,13.8964,128343663,29.5993
128361691,12.881,128361691,29.2456
128389747,14.5892,128389747,23.4768
128399927,11.8757,128399927,25.0891
128432455,12.2522,128432455,25.0543
128452086,15.5669,128452086,26.7127
128470602,14.5197,128470602,27.2759
128501238,15.711,128501238,25.9597
128529790,14.6113,128529790,26.6355
128544743,15.3141,128544743,23.8809
128571481,14.3624,128571481,25.6829
128586594,14.1845,128586594,26.1413
128607130,14.7976,128607130,26.484
128623513,14.1832,128623513,31.0899
128638770,14.6236,128638770,27.8038
128648657,13.8649,128648657,31.0494
128668868,16.0643,128668868,29.7798
128696151,16.1594,128696151,28.1425
128719257,13.5921,128719257,29.0683
128752036,14.2892,128752036,26.4067
128777623,15.9174,128777623,26.4444
128793357,17.0635,128793357,30.2723
128803796,17.8133,128803796,27.8631
128835434,15.257,128835434,29.0588
128850544,14.6655,128850544,26.7181
128870857,14.9433,128870857,24.9866
128902876,16.2045,128902876,26.0469
128911440,15.4986,128911440,29.0474
128931812,15.082,128931812,28.1403
128947169,16.9546,128947169,24.9203
128962638,15.8531,128962638,26.2562
128978398,17.7335,128978398,25.4689
129004527,16.3347,129004527,27.0009
129020451,13.3325,129020451,25.2596
129036379,15.0122,129036379,23.2832
129059124,14.656,129059124,23.9267
129098920,13.9764,129098920,24.8375
129119407,14.8233,129119407,20.2788
129134482,13.7175,129134482,23.3255
129160951,12.4248,129160951,20.4434
129181373,13.6815,129181373,23.0616
129197225,11.0635,129197225,18.6939
129213356,14.9453,129213356,23.9625
129229616,12.882,129229616,23.1177
129245693,13.2352,129245693,22.1246
129260394,16.7686,129260394,22.4487
129272064,14.5312,129272064,18.6047
129292713,15.0538,129292713,26.4197
129310507,13.763,129310507,21.3569
129318427,14.6874,129318427,23.3075
129339507,17.31,129339507,22.4743
129355584,16.4128,129355584,20.1375
129371029,15.5794,129371029,27.9953
129386601,16.1315,129386601,22.4983
129401802,17.5922,129401802,24.9598
129413002,18.4709,129413002,25.6638
129433478,14.6227,129433478,21.3007
129449363,19.4702,129449363,23.9943
129464358,15.6757,129464358,28.4053
129480724,16.7959,129480724,24.4435
129495494,14.6969,129495494,24.2751
129510927,17.3109,129510927,24.5596
129529347,15.8442,129529347,21.1067
129559454,18.1156,129559454,23.9359
129574137,16.917,129574137,25.2424
129590246,15.4068,129590246,28.269
129605122,17.6188,129605122,26.1662
129622723,16.3302,129622723,22.3567
129638119,18.9525,129638119,26.0593
129663907,19.3247,129663907,22.7883
129682977,15.746,129682977,24.709
129698636,16.1451,129698636,28.4873
129725022,18.4875,129725022,23.7852
129745554,17.4148,129745554,21.4111
129769863,15.8551,129769863,25.5159
129805728,16.5883,129805728,23.7327
129822191,15.9087,129822191,22.5909
129838602,17.8701,129838602,27.9292
129853529,15.5655,129853529,28.9755
129875716,15.568,129875716,23.2011
129900446,15.6718,129900446,24.389
129910474,16.3317,129910474,27.7312
129931627,14.6673,129931627,26.5151
129947279,17.4201,129947279,24.3058
129962237,15.2931,129962237,25.3073
129984973,13.8119,129984973,25.7146
130011728,12.8867,130011728,29.962
130040499,16.3927,130040499,27.5874
130066270,12.5019,130066270,26.6175
130081406,13.5409,130081406,25.6837
130097547,10.5087,130097547,26.9204
130113354,12.8063,130113354,25.0794
130129580,11.107,130129580,28.1126
130161065,12.136,130161065,24.9015
130179496,15.2839,130179496,24.399
130205921,12.4246,130205921,22.8631
130221542,15.744,130221542,25.3382
130236853,16.5232,130236853,28.8489
130258027,17.0572,130258027,23.7913
130288243,17.0302,130288243,26.1054
130321216,16.2255,130321216,22.3799
130350384,13.4712,130350384,27.0761
130365026,16.1198,130365026,27.9405
130380979,13.2933,130380979,28.3695
130396195,14.8994,130396195,23.4672
130407505,12.8443,130407505,24.1401
130428131,16.6423,130428131,24.4531
130443986,13.5361,130443986,25.0469
130471535,12.886,130471535,26.074
130491327,12.7025,130491327,24.1399
130502387,14.2417,130502387,22.7264
130533214,15.9518,130533214,24.3625
130548837,15.9227,130548837,29.103
130571390,15.2467,130571390,27.5459
130599106,13.053,130599106,26.0299
130615218,16.2027,130615218,24.9111
130631371,13.2979,130631371,24.8087
130646991,14.4237,130646991,26.9227
130658014,13.0209,130658014,26.9213
130679714,12.8837,130679714,28.8567
130710067,16.3346,130710067,24.6674
130738711,15.8418,130738711,22.9797
130767055,14.2473,130767055,26.4301
130782860,15.878,130782860,26.4075
130798250,15.4254,130798250,29.2577
130818733,14.551,130818733,24.9176
130829503,13.9279,130829503,23.2767
130849413,11.1004,130849413,24.5028
130865167,12.7809,130865167,22.7644
130895350,12.8438,130895350,23.0945
130905461,13.5811,130905461,26.7882
130929041,15.9432,130929041,25.5707
130958014,12.7059,130958014,23.7581
130973466,11.5954,130973466,28.7574
130996205,14.278,130996205,24.9718
131030735,12.0381,131030735,25.2988
131052125,10.0896,131052125,24.8901
131067822,11.8645,131067822,30.883
131083633,13.545,131083633,29.3621
131098963,10.8901,131098963,28.7891
131115200,13.3362,131115200,26.2356
131133354,9.87833,131133354,26.7604
131161104,13.8945,131161104,27.3441
131175446,7.64468,131175446,29.4598
131192201,7.25221,131192201,27.6664
131207802,9.75807,131207802,29.4633
131223575,6.28914,131223575,28.5532
131239598,3.63767,131239598,29.4415
131255199,4.73314,131255199,27.7913
131273390,9.35985,131273390,27.1465
131302028,8.06286,131302028,26.9232
131316803,7.47203,131316803,25.7321
131328446,5.59675,131328446,25.2027
131348095,9.11047,131348095,24.4002
131363261,5.89101,131363261,25.4243
131390510,9.57686,131390510,27.726
131410197,10.5444,131410197,29.0774
131425573,10.6171,131425573,31.2681
131453675,8.48302,131453675,30.9572
131473458,13.7229,131473458,28.9575
131514749,10.6493,131514749,29.9178
131530820,10.3045,131530820,26.267
131551555,9.62644,131551555,25.1313
131567994,13.6435,131567994,25.5752
131583112,11.1003,131583112,26.4472
131598727,10.6405,131598727,26.4695
131614217,10.6927,131614217,25.9261
131630400,10.6806,131630400,25.9097
131640864,13.7449,131640864,27.4896
131661766,12.597,131661766,28.7472
131677326,12.3603,131677326,27.7015
131703624,9.88062,131703624,28.0748
131719003,12.0475,131719003,25.7275
131734903,11.7495,131734903,27.4503
131751921,12.7881,131751921,24.7887
131771454,11.7446,131771454,23.3258
131789031,11.4823,131789031,24.627
131828607,14.7935,131828607,24.9852
131845269,11.1003,131845269,30.3327
131866616,14.2787,131866616,28.9369
131881555,11.5979,131881555,26.1197
131897799,14.2997,131897799,26.5121
131912831,12.8073,131912831,25.4735
131927656,14.8685,131927656,25.5483
131944415,12.576,131944415,27.0617
131960853,15.0378,131960853,28.2317
131977640,12.4247,131977640,24.8084
131994382,13.5036,131994382,25.776
132024483,16.1842,132024483,25.9643
132040548,13.5129,132040548,23.5015
132056373,17.1914,132056373,23.9389
132072497,14.7297,132072497,26.0569
132092413,15.708,132092413,24.2141
132120030,15.7243,132120030,27.2803
132137061,17.8342,132137061,25.0704
132152850,17.4188,132152850,30.1046
132168563,19.229,132168563,28.7569
132197171,15.8863,132197171,26.7296
132212683,21.732,132212683,25.2664
132228794,20.0108,132228794,30.1248
132246673,21.8732,132246673,25.4866
132276329,18.3214,132276329,26.202
132292076,18.4673,132292076,29.4672
132306274,19.5878,132306274,27.4217
132323298,20.667,132323298,30.4506
132338169,19.0518,132338169,28.2309
132354233,19.3431,132354233,29.8221
132371043,21.6905,132371043,27.6588
132386678,16.933,132386678,28.4046
132402735,19.137,132402735,27.3407
132417217,19.993,132417217,27.93
132433265,17.3108,132433265,25.3081
132449267,15.9679,132449267,26.246
132465710,17.1844,132465710,23.5002
132481805,16.0638,132481805,25.4861
132499857,17.4465,132499857,28.0449
132533332,14.4207,132533332,21.9634
132560960,12.9345,132560960,26.2261
132577340,13.7129,132577340,22.8641
132591802,11.9137,132591802,21.7485
132608411,10.8594,132608411,23.0711
132626109,14.4827,132626109,28.3686
132643419,13.4569,132643419,22.9892
132672501,10.2265,132672501,25.7116
132686913,12.2201,132686913,24.8575
132704151,11.35,132704151,24.6699
132720888,12.8484,132720888,22.389
132737986,9.63315,132737986,28.4547
132768505,13.5079,132768505,27.2528
132785731,9.15002,132785731,23.7151
132816434,12.5299,132816434,25.767
132831453,9.10981,132831453,25.2291
132847170,9.80436,132847170,25.5009
132863983,13.1317,132863983,21.7837
132877413,10.4688,132877413,23.9366
132897394,11.8332,132897394,27.2841
132925092,15.2407,132925092,25.2652
132944186,15.0056,132944186,25.2977
132974391,13.231,132974391,25.9307
132988968,16.6322,132988968,24.1272
133004718,14.1891,133004718,22.8473
133020279,13.4182,133020279,26.0118
133040897,16.8283,133040897,27.8926
133068170,16.2953,133068170,26.2985
133083773,14.9143,133083773,23.4553
133099979,16.1732,133099979,26.821
133115080,16.6921,133115080,26.1293
133130081,16.2846,133130081,26.2868
133149201,15.3683,133149201,25.0777
133178800,18.0436,133178800,22.5135
133197157,18.7516,133197157,24.8792
133226235,15.723,133226235,28.3887
133242110,16.9699,133242110,29.6386
133258304,14.4507,133258304,28.5889
133274358,16.6045,133274358,28.7657
133290305,18.036,133290305,24.423
133307325,15.4986,133307325,25.5195
133322252,16.4879,133322252,24.9205
133338374,15.5671,133338374,27.2056
133354569,13.9358,133354569,23.4822
133369176,16.9485,133369176,24.1223
133386172,14.8074,133386172,24.2254
133403851,12.4247,133403851,28.9899
133432805,17.1311,133432805,30.3046
133450665,15.6655,133450665,24.1102
133479827,11.0956,133479827,24.4201
133495881,11.9227,133495881,26.9245
133510371,13.1308,133510371,26.2456
133527457,10.4461,133527457,24.4799
133543388,9.19001,133543388,22.9593
133565157,13.0514,133565157,26.9011
133589116,9.81368,133589116,28.0786
133605518,11.5146,133605518,26.5814
133621695,9.74889,133621695,23.9651
133637631,8.68701,133637631,24.569
133655719,9.88687,133655719,25.0406
133684342,8.90107,133684342,24.8383
133704525,7.65,133704525,22.3055
133738328,7.39766,133738328,23.0935
133764266,12.2149,133764266,23.5283
133779355,8.09955,133779355,23.8945
133801082,10.2665,133801082,21.7783
133827035,7.49801,133827035,24.4339
133842738,7.40371,133842738,26.6199
133858716,10.1598,133858716,29.385
133875190,8.45668,133875190,27.7237
133888449,8.97651,133888449,29.2885
133908569,7.43597,133908569,24.149
133937286,9.01485,133937286,24.9894
133956052,9.23767,133956052,28.5136
133983712,9.58697,133983712,24.9013
133998905,11.901,133998905,27.9731
134018473,9.81024,134018473,25.738
134049664,14.4014,134049664,22.8082
134065536,11.4822,134065536,24.2186
134094901,11.4627,134094901,28.2579
134110136,9.32109,134110136,28.492
134125119,13.6434,134125119,27.933
134143318,11.1376,134143318,24.6613
134163852,10.6171,134163852,25.9675
134190012,11.8373,134190012,22.7569
134206706,11.4825,134206706,27.6567
134234717,13.304,134234717,22.2507
134250373,10.7177,134250373,22.7306
134265430,12.6397,134265430,21.4839
134280436,12.6768,134280436,20.3893
134300873,14.4945,134300873,21.1029
134329721,12.0515,134329721,22.7014
134347253,13.928,134347253,23.0917
134369857,14.7344,134369857,25.5046
134393768,13.9277,134393768,24.8111
134410189,15.2591,134410189,23.7837
134439739,14.23,134439739,24.5605
134458162,14.4114,134458162,23.6418
134486882,16.7186,134486882,26.7882
134503214,13.4406,134503214,27.2353
134518814,17.3453,134518814,25.095
134533777,13.5041,134533777,23.2439
134550221,16.1644,134550221,27.8383
134567971,16.6811,134567971,26.7045
134598288,13.3364,134598288,24.1058
134613944,14.5927,134613944,24.4676
134629712,14.2779,134629712,22.6842
134645723,12.7041,134645723,28.4166
134667605,12.7777,134667605,29.7067
134693658,13.8963,134693658,28.2568
134710874,12.0805,134710874,25.1669
134743689,14.0226,134743689,24.9051
134756449,11.5663,134756449,25.1499
134772565,16.1566,134772565,25.4804
134787938,12.0845,134787938,25.7875
134812325,12.4656,134812325,27.8257
134835430,15.1046,134835430,26.2588
134852095,13.2309,134852095,25.917
134867220,14.3532,134867220,24.2211
134882201,12.7539,134882201,25.6524
134890179,15.5298,134890179,27.3769
134918851,16.2952,134918851,27.715
134944806,12.1882,134944806,25.7634
134964298,13.0534,134964298,28.5432
134993468,16.7623,134993468,29.07
135009270,12.6703,135009270,30.5783
135023803,16.0416,135023803,29.1897
135039942,14.2788,135039942,30.8197
135056484,15.9543,135056484,29.4424
135074670,16.1574,135074670,27.9873
135106776,15.3094,135106776,25.7613
135122936,14.4081,135122936,30.8796
135151747,15.9928,135151747,26.5935
135168189,14.0111,135168189,30.7602
135181342,16.2435,135181342,27.7409
135197200,13.5083,135197200,25.8087
135216152,15.3995,135216152,28.1537
135245829,15.2537,135245829,26.1721
135261308,18.0376,135261308,30.4416
135277264,17.655,135277264,26.4847
135293282,17.1642,135293282,30.5202
135309324,17.6247,135309324,26.8909
135327248,19.0855,135327248,30.5163
135356278,16.8191,135356278,31.7548
135372375,15.8763,135372375,30.1593
135388415,18.4401,135388415,29.5941
135403460,16.1168,135403460,27.0004
135419344,19.8836,135419344,26.1628
135434922,15.9888,135434922,25.4808
135450951,15.3231,135450951,26.2401
135467547,16.2995,135467547,27.877
135496541,18.3956,135496541,28.4072
135512146,16.6494,135512146,24.3673
135527036,16.7558,135527036,24.9173
135543089,17.7627,135543089,23.2577
135559671,15.1118,135559671,24.678
135577998,15.1518,135577998,31.7126
135605907,16.2156,135605907,29.8492
135621676,14.6569,135621676,29.946
135637458,13.7518,135637458,29.4975
135654332,15.8395,135654332,28.4847
135673920,15.0074,135673920,25.5853
135702524,15.2207,135702524,26.6065
135730958,10.1256,135730958,26.4388
135748073,11.5209,135748073,27.0714
135766387,11.4783,135766387,27.4503
135779908,10.2357,135779908,24.4678
135793515,13.2623,135793515,25.53
135812561,8.90107,135812561,27.4945
135841463,12.6975,135841463,25.716
135857087,10.7176,135857087,28.8665
135873042,9.58238,135873042,29.5004
135889095,10.1647,135889095,27.4292
